8ad0ae14a7ab6c9872ce67b097ec57e91422e269,Extract Variable,CCNInputStreamTest,51,46,
8ad0ae14a7ab6c9872ce67b097ec57e91422e269,Extract Variable,CCNInputStreamTest,51,46,
535b6f2035f893b9316a96c6db498e162164837a,Change Parameter Type,SliceComparator,750,751,
535b6f2035f893b9316a96c6db498e162164837a,Change Parameter Type,SliceComparator,750,751,
535b6f2035f893b9316a96c6db498e162164837a,Change Parameter Type,SliceComparator,750,751,
535b6f2035f893b9316a96c6db498e162164837a,Change Parameter Type,SliceComparator,750,751,
a0fb5f43a1b54716275f68aa6d79110a0b82e2f7,Move Class,DecoderTest,33,36,
a0fb5f43a1b54716275f68aa6d79110a0b82e2f7,Move Class,DecoderTest,33,36,
a0fb5f43a1b54716275f68aa6d79110a0b82e2f7,Move Class,DecoderTest,33,36,
a0fb5f43a1b54716275f68aa6d79110a0b82e2f7,Move Class,DecoderTest,33,36,
a0fb5f43a1b54716275f68aa6d79110a0b82e2f7,Move Class,DecoderTest,33,36,
a0fb5f43a1b54716275f68aa6d79110a0b82e2f7,Move Class,DecoderTest,33,36,
a0fb5f43a1b54716275f68aa6d79110a0b82e2f7,Move Class,DecoderTest,33,36,
a0fb5f43a1b54716275f68aa6d79110a0b82e2f7,Move Class,DecoderTest,33,36,
a0fb5f43a1b54716275f68aa6d79110a0b82e2f7,Move Class,DecoderTest,33,36,
a0fb5f43a1b54716275f68aa6d79110a0b82e2f7,Move Class,DecoderTest,33,36,
a0fb5f43a1b54716275f68aa6d79110a0b82e2f7,Move Class,DecoderTest,33,36,
a0fb5f43a1b54716275f68aa6d79110a0b82e2f7,Move Class,DecoderTest,33,36,
a0fb5f43a1b54716275f68aa6d79110a0b82e2f7,Move Class,DecoderTest,33,36,
a0fb5f43a1b54716275f68aa6d79110a0b82e2f7,Move Class,DecoderTest,33,36,
a0fb5f43a1b54716275f68aa6d79110a0b82e2f7,Move Class,DecoderTest,33,36,
a0fb5f43a1b54716275f68aa6d79110a0b82e2f7,Move Class,DecoderTest,33,36,
a0fb5f43a1b54716275f68aa6d79110a0b82e2f7,Move Class,DecoderTest,33,36,
a0fb5f43a1b54716275f68aa6d79110a0b82e2f7,Move Class,DecoderTest,33,36,
a0fb5f43a1b54716275f68aa6d79110a0b82e2f7,Move Class,DecoderTest,33,36,
a0fb5f43a1b54716275f68aa6d79110a0b82e2f7,Move Class,DecoderTest,33,36,
a0fb5f43a1b54716275f68aa6d79110a0b82e2f7,Move Class,DecoderTest,33,36,
a0fb5f43a1b54716275f68aa6d79110a0b82e2f7,Move Class,DecoderTest,33,36,
a0fb5f43a1b54716275f68aa6d79110a0b82e2f7,Move Class,DecoderTest,33,36,
a0fb5f43a1b54716275f68aa6d79110a0b82e2f7,Move Class,DecoderTest,33,36,
a0fb5f43a1b54716275f68aa6d79110a0b82e2f7,Move Class,DecoderTest,33,36,
a0fb5f43a1b54716275f68aa6d79110a0b82e2f7,Move Class,DecoderTest,33,36,
a0fb5f43a1b54716275f68aa6d79110a0b82e2f7,Move Class,DecoderTest,33,36,
a0fb5f43a1b54716275f68aa6d79110a0b82e2f7,Move Class,DecoderTest,33,36,
a0fb5f43a1b54716275f68aa6d79110a0b82e2f7,Move Class,DecoderTest,33,36,
a0fb5f43a1b54716275f68aa6d79110a0b82e2f7,Move Class,DecoderTest,33,36,
a0fb5f43a1b54716275f68aa6d79110a0b82e2f7,Move Class,DecoderTest,33,36,
a0fb5f43a1b54716275f68aa6d79110a0b82e2f7,Move Class,DecoderTest,33,36,
a0fb5f43a1b54716275f68aa6d79110a0b82e2f7,Move Class,DecoderTest,33,36,
a0fb5f43a1b54716275f68aa6d79110a0b82e2f7,Move Class,DecoderTest,33,36,
a0fb5f43a1b54716275f68aa6d79110a0b82e2f7,Move Class,DecoderTest,33,36,
a0fb5f43a1b54716275f68aa6d79110a0b82e2f7,Move Class,DecoderTest,33,36,
a0fb5f43a1b54716275f68aa6d79110a0b82e2f7,Move Class,DecoderTest,33,36,
a0fb5f43a1b54716275f68aa6d79110a0b82e2f7,Move Class,DecoderTest,33,36,
a0fb5f43a1b54716275f68aa6d79110a0b82e2f7,Move Class,DecoderTest,33,36,
a0fb5f43a1b54716275f68aa6d79110a0b82e2f7,Move Class,DecoderTest,33,36,
a0fb5f43a1b54716275f68aa6d79110a0b82e2f7,Move Class,DecoderTest,33,36,
a0fb5f43a1b54716275f68aa6d79110a0b82e2f7,Move Class,DecoderTest,33,36,
a0fb5f43a1b54716275f68aa6d79110a0b82e2f7,Move Class,DecoderTest,33,36,
a0fb5f43a1b54716275f68aa6d79110a0b82e2f7,Move Class,DecoderTest,33,36,
a0fb5f43a1b54716275f68aa6d79110a0b82e2f7,Move Class,DecoderTest,33,36,
a0fb5f43a1b54716275f68aa6d79110a0b82e2f7,Move Class,DecoderTest,33,36,
a0fb5f43a1b54716275f68aa6d79110a0b82e2f7,Move Class,DecoderTest,33,36,
a0fb5f43a1b54716275f68aa6d79110a0b82e2f7,Move Class,DecoderTest,33,36,
a0fb5f43a1b54716275f68aa6d79110a0b82e2f7,Move Class,DecoderTest,33,36,
a0fb5f43a1b54716275f68aa6d79110a0b82e2f7,Move Class,DecoderTest,33,36,
a0fb5f43a1b54716275f68aa6d79110a0b82e2f7,Move Class,DecoderTest,33,36,
a0fb5f43a1b54716275f68aa6d79110a0b82e2f7,Move Class,DecoderTest,33,36,
a0fb5f43a1b54716275f68aa6d79110a0b82e2f7,Move Class,DecoderTest,33,36,
a0fb5f43a1b54716275f68aa6d79110a0b82e2f7,Move Class,DecoderTest,33,36,
a0fb5f43a1b54716275f68aa6d79110a0b82e2f7,Move Class,DecoderTest,33,36,
a0fb5f43a1b54716275f68aa6d79110a0b82e2f7,Move Class,DecoderTest,33,36,
a0fb5f43a1b54716275f68aa6d79110a0b82e2f7,Move Class,DecoderTest,33,36,
a0fb5f43a1b54716275f68aa6d79110a0b82e2f7,Move Class,DecoderTest,33,36,
bcfcc6f94eeb16d548fcfc1455358a292b685d04,Rename Method,TreeSet6Test,146,168,
44b59764375044e1bbff300d16c32a2bc79e47e6,Rename Class,CCNWrappedKeyStore,33,33,
44b59764375044e1bbff300d16c32a2bc79e47e6,Rename Class,CCNWrappedKeyStore,33,33,
44b59764375044e1bbff300d16c32a2bc79e47e6,Rename Class,CCNWrappedKeyStore,33,33,
44b59764375044e1bbff300d16c32a2bc79e47e6,Rename Class,CCNWrappedKeyStore,33,33,
44b59764375044e1bbff300d16c32a2bc79e47e6,Rename Class,CCNWrappedKeyStore,33,33,
44b59764375044e1bbff300d16c32a2bc79e47e6,Rename Class,CCNWrappedKeyStore,33,33,
44b59764375044e1bbff300d16c32a2bc79e47e6,Rename Class,CCNWrappedKeyStore,33,33,
44b59764375044e1bbff300d16c32a2bc79e47e6,Rename Class,CCNWrappedKeyStore,33,33,
44b59764375044e1bbff300d16c32a2bc79e47e6,Rename Class,CCNWrappedKeyStore,33,33,
44b59764375044e1bbff300d16c32a2bc79e47e6,Rename Class,CCNWrappedKeyStore,33,33,
44b59764375044e1bbff300d16c32a2bc79e47e6,Rename Class,CCNWrappedKeyStore,33,33,
44b59764375044e1bbff300d16c32a2bc79e47e6,Rename Class,CCNWrappedKeyStore,33,33,
44b59764375044e1bbff300d16c32a2bc79e47e6,Rename Class,CCNWrappedKeyStore,33,33,
44b59764375044e1bbff300d16c32a2bc79e47e6,Rename Class,CCNWrappedKeyStore,33,33,
df6c9f7295402f7843fe51468ea413bfd0d1013d,Move Source Folder,BackgroundStreamer,24,24,
df80531feafb0bd6ca369f31e7f57e2eb40c12ed,Move Source Folder,CCNInputStreamTest,39,39,
c43028bfbc06e392e5acd7610457f30f0d67ab86,Rename Class,CCNWrappedKeyStore,33,33,
c43028bfbc06e392e5acd7610457f30f0d67ab86,Rename Class,CCNWrappedKeyStore,33,33,
c43028bfbc06e392e5acd7610457f30f0d67ab86,Rename Class,CCNWrappedKeyStore,33,33,
c43028bfbc06e392e5acd7610457f30f0d67ab86,Rename Class,CCNWrappedKeyStore,33,33,
c43028bfbc06e392e5acd7610457f30f0d67ab86,Rename Class,CCNWrappedKeyStore,33,33,
c43028bfbc06e392e5acd7610457f30f0d67ab86,Rename Class,CCNWrappedKeyStore,33,33,
c43028bfbc06e392e5acd7610457f30f0d67ab86,Rename Class,CCNWrappedKeyStore,33,33,
c43028bfbc06e392e5acd7610457f30f0d67ab86,Rename Class,CCNWrappedKeyStore,33,33,
c43028bfbc06e392e5acd7610457f30f0d67ab86,Rename Class,CCNWrappedKeyStore,33,33,
c43028bfbc06e392e5acd7610457f30f0d67ab86,Rename Class,CCNWrappedKeyStore,33,33,
c43028bfbc06e392e5acd7610457f30f0d67ab86,Rename Class,CCNWrappedKeyStore,33,33,
c43028bfbc06e392e5acd7610457f30f0d67ab86,Rename Class,CCNWrappedKeyStore,33,33,
c43028bfbc06e392e5acd7610457f30f0d67ab86,Rename Class,CCNWrappedKeyStore,33,33,
c43028bfbc06e392e5acd7610457f30f0d67ab86,Rename Class,CCNWrappedKeyStore,33,33,
03ef4ba64910f09df7ba99abacc4c84c3f68ff1f,Add Class Modifier,CCNKeyStore,27,33,
03ef4ba64910f09df7ba99abacc4c84c3f68ff1f,Add Class Modifier,CCNKeyStore,27,33,
03ef4ba64910f09df7ba99abacc4c84c3f68ff1f,Add Class Modifier,CCNKeyStore,27,33,
40cf9e527166bb04c30272deec7245b473244699,Extract Method,CCNSync,44,96,
40cf9e527166bb04c30272deec7245b473244699,Extract Method,CCNSync,44,96,
40cf9e527166bb04c30272deec7245b473244699,Extract Method,CCNSync,44,96,
40cf9e527166bb04c30272deec7245b473244699,Extract Method,CCNSync,44,96,
40cf9e527166bb04c30272deec7245b473244699,Extract Method,CCNSync,44,96,
32378731e4cf629159f2d2a6387ed8ac8b62accc,Add Class Modifier,CCNSync,34,35,
32378731e4cf629159f2d2a6387ed8ac8b62accc,Add Class Modifier,CCNSync,34,35,
32378731e4cf629159f2d2a6387ed8ac8b62accc,Add Class Modifier,CCNSync,34,35,
32378731e4cf629159f2d2a6387ed8ac8b62accc,Add Class Modifier,CCNSync,34,35,
32378731e4cf629159f2d2a6387ed8ac8b62accc,Add Class Modifier,CCNSync,34,35,
32378731e4cf629159f2d2a6387ed8ac8b62accc,Add Class Modifier,CCNSync,34,35,
32378731e4cf629159f2d2a6387ed8ac8b62accc,Add Class Modifier,CCNSync,34,35,
584cd9c0ad0f1238049bbddefa69a35bb8295896,Add Class Modifier,ProtocolBasedSyncMonitor,37,38,
584cd9c0ad0f1238049bbddefa69a35bb8295896,Add Class Modifier,ProtocolBasedSyncMonitor,37,38,
584cd9c0ad0f1238049bbddefa69a35bb8295896,Add Class Modifier,ProtocolBasedSyncMonitor,37,38,
584cd9c0ad0f1238049bbddefa69a35bb8295896,Add Class Modifier,ProtocolBasedSyncMonitor,37,38,
584cd9c0ad0f1238049bbddefa69a35bb8295896,Add Class Modifier,ProtocolBasedSyncMonitor,37,38,
584cd9c0ad0f1238049bbddefa69a35bb8295896,Add Class Modifier,ProtocolBasedSyncMonitor,37,38,
584cd9c0ad0f1238049bbddefa69a35bb8295896,Add Class Modifier,ProtocolBasedSyncMonitor,37,38,
584cd9c0ad0f1238049bbddefa69a35bb8295896,Add Class Modifier,ProtocolBasedSyncMonitor,37,38,
584cd9c0ad0f1238049bbddefa69a35bb8295896,Add Class Modifier,ProtocolBasedSyncMonitor,37,38,
584cd9c0ad0f1238049bbddefa69a35bb8295896,Add Class Modifier,ProtocolBasedSyncMonitor,37,38,
584cd9c0ad0f1238049bbddefa69a35bb8295896,Add Class Modifier,ProtocolBasedSyncMonitor,37,38,
584cd9c0ad0f1238049bbddefa69a35bb8295896,Add Class Modifier,ProtocolBasedSyncMonitor,37,38,
584cd9c0ad0f1238049bbddefa69a35bb8295896,Add Class Modifier,ProtocolBasedSyncMonitor,37,38,
584cd9c0ad0f1238049bbddefa69a35bb8295896,Add Class Modifier,ProtocolBasedSyncMonitor,37,38,
584cd9c0ad0f1238049bbddefa69a35bb8295896,Add Class Modifier,ProtocolBasedSyncMonitor,37,38,
584cd9c0ad0f1238049bbddefa69a35bb8295896,Add Class Modifier,ProtocolBasedSyncMonitor,37,38,
584cd9c0ad0f1238049bbddefa69a35bb8295896,Add Class Modifier,ProtocolBasedSyncMonitor,37,38,
584cd9c0ad0f1238049bbddefa69a35bb8295896,Add Class Modifier,ProtocolBasedSyncMonitor,37,38,
584cd9c0ad0f1238049bbddefa69a35bb8295896,Add Class Modifier,ProtocolBasedSyncMonitor,37,38,
584cd9c0ad0f1238049bbddefa69a35bb8295896,Add Class Modifier,ProtocolBasedSyncMonitor,37,38,
584cd9c0ad0f1238049bbddefa69a35bb8295896,Add Class Modifier,ProtocolBasedSyncMonitor,37,38,
584cd9c0ad0f1238049bbddefa69a35bb8295896,Add Class Modifier,ProtocolBasedSyncMonitor,37,38,
584cd9c0ad0f1238049bbddefa69a35bb8295896,Add Class Modifier,ProtocolBasedSyncMonitor,37,38,
584cd9c0ad0f1238049bbddefa69a35bb8295896,Add Class Modifier,ProtocolBasedSyncMonitor,37,38,
584cd9c0ad0f1238049bbddefa69a35bb8295896,Add Class Modifier,ProtocolBasedSyncMonitor,37,38,
584cd9c0ad0f1238049bbddefa69a35bb8295896,Add Class Modifier,ProtocolBasedSyncMonitor,37,38,
584cd9c0ad0f1238049bbddefa69a35bb8295896,Add Class Modifier,ProtocolBasedSyncMonitor,37,38,
584cd9c0ad0f1238049bbddefa69a35bb8295896,Add Class Modifier,ProtocolBasedSyncMonitor,37,38,
584cd9c0ad0f1238049bbddefa69a35bb8295896,Add Class Modifier,ProtocolBasedSyncMonitor,37,38,
584cd9c0ad0f1238049bbddefa69a35bb8295896,Add Class Modifier,ProtocolBasedSyncMonitor,37,38,
584cd9c0ad0f1238049bbddefa69a35bb8295896,Add Class Modifier,ProtocolBasedSyncMonitor,37,38,
584cd9c0ad0f1238049bbddefa69a35bb8295896,Add Class Modifier,ProtocolBasedSyncMonitor,37,38,
83560dcb4915646e9dedd32312647080b512c2f1,Add Parameter,BackgroundStreamer,27,28,
6f65a21d495ea0e2158e902ae62999f51248b490,Add Method Annotation,CcndService,163,162,
f33b8de3a872a6305aaa7010a4c0e8062a45bbcd,Move Class,BackgroundStreamer,159,24,
f33b8de3a872a6305aaa7010a4c0e8062a45bbcd,Move Class,BackgroundStreamer,159,24,
4e3c98b7d5f5641ca70dc257479610fa111d7a9b,Rename Variable,CCNAbstractInputStream,1681,1677,
365f1c06ab9f981324bde9532520b9db55bf057e,Rename Class,AllTests,25,25,
365f1c06ab9f981324bde9532520b9db55bf057e,Rename Class,AllTests,25,25,
d2f7d9e616ab91213572bba65bde677cb4a06edf,Modify Class Annotation,AllTests,29,27,
eecc3722272ef5c952c6e1a903e0a0bce1643f5a,Remove Parameter,CCNNetworkManager,1074,1016,
f5882aca22c7d958a4ee8a0e1ac39e0595a39316,Remove Parameter,CCNNetworkManager,877,854,
f5882aca22c7d958a4ee8a0e1ac39e0595a39316,Remove Parameter,CCNNetworkManager,877,854,
f5882aca22c7d958a4ee8a0e1ac39e0595a39316,Remove Parameter,CCNNetworkManager,877,854,
f5882aca22c7d958a4ee8a0e1ac39e0595a39316,Remove Parameter,CCNNetworkManager,877,854,
f5882aca22c7d958a4ee8a0e1ac39e0595a39316,Remove Parameter,CCNNetworkManager,877,854,
f5882aca22c7d958a4ee8a0e1ac39e0595a39316,Remove Parameter,CCNNetworkManager,877,854,
f5882aca22c7d958a4ee8a0e1ac39e0595a39316,Remove Parameter,CCNNetworkManager,877,854,
f5882aca22c7d958a4ee8a0e1ac39e0595a39316,Remove Parameter,CCNNetworkManager,877,854,
f0397551a57567a9ad3d043bea67ac9892cfb8d7,Move Source Folder,CCNTimeTest,34,34,
58739297eee3498a6edc6800fbdbbfb807670d98,Move Source Folder,AssertionCCNHandle,33,33,
b635dacc395d78eca7f1b89d64b9cdbde41cd98a,Modify Method Annotation,KeyDerivationFunctionTest,91,89,
b635dacc395d78eca7f1b89d64b9cdbde41cd98a,Modify Method Annotation,KeyDerivationFunctionTest,91,89,
6632f009fdc1e76ecfb2271d1b370d4ec457b1f3,Remove Parameter,CCNAbstractInputStream,2136,2062,
f41a38d85390007fcaa68edc7e30d1948b728d23,Change Return Type,SystemConfiguration,271,271,
f41a38d85390007fcaa68edc7e30d1948b728d23,Change Return Type,SystemConfiguration,271,271,
f41a38d85390007fcaa68edc7e30d1948b728d23,Change Return Type,SystemConfiguration,271,271,
f41a38d85390007fcaa68edc7e30d1948b728d23,Change Return Type,SystemConfiguration,271,271,
f41a38d85390007fcaa68edc7e30d1948b728d23,Change Return Type,SystemConfiguration,271,271,
f41a38d85390007fcaa68edc7e30d1948b728d23,Change Return Type,SystemConfiguration,271,271,
f41a38d85390007fcaa68edc7e30d1948b728d23,Change Return Type,SystemConfiguration,271,271,
f41a38d85390007fcaa68edc7e30d1948b728d23,Change Return Type,SystemConfiguration,271,271,
f41a38d85390007fcaa68edc7e30d1948b728d23,Change Return Type,SystemConfiguration,271,271,
f41a38d85390007fcaa68edc7e30d1948b728d23,Change Return Type,SystemConfiguration,271,271,
f41a38d85390007fcaa68edc7e30d1948b728d23,Change Return Type,SystemConfiguration,271,271,
f41a38d85390007fcaa68edc7e30d1948b728d23,Change Return Type,SystemConfiguration,271,271,
f41a38d85390007fcaa68edc7e30d1948b728d23,Change Return Type,SystemConfiguration,271,271,
f41a38d85390007fcaa68edc7e30d1948b728d23,Change Return Type,SystemConfiguration,271,271,
f41a38d85390007fcaa68edc7e30d1948b728d23,Change Return Type,SystemConfiguration,271,271,
f41a38d85390007fcaa68edc7e30d1948b728d23,Change Return Type,SystemConfiguration,271,271,
f41a38d85390007fcaa68edc7e30d1948b728d23,Change Return Type,SystemConfiguration,271,271,
f41a38d85390007fcaa68edc7e30d1948b728d23,Change Return Type,SystemConfiguration,271,271,
f41a38d85390007fcaa68edc7e30d1948b728d23,Change Return Type,SystemConfiguration,271,271,
f41a38d85390007fcaa68edc7e30d1948b728d23,Change Return Type,SystemConfiguration,271,271,
f41a38d85390007fcaa68edc7e30d1948b728d23,Change Return Type,SystemConfiguration,271,271,
f41a38d85390007fcaa68edc7e30d1948b728d23,Change Return Type,SystemConfiguration,271,271,
f41a38d85390007fcaa68edc7e30d1948b728d23,Change Return Type,SystemConfiguration,271,271,
f41a38d85390007fcaa68edc7e30d1948b728d23,Change Return Type,SystemConfiguration,271,271,
f41a38d85390007fcaa68edc7e30d1948b728d23,Change Return Type,SystemConfiguration,271,271,
f41a38d85390007fcaa68edc7e30d1948b728d23,Change Return Type,SystemConfiguration,271,271,
f41a38d85390007fcaa68edc7e30d1948b728d23,Change Return Type,SystemConfiguration,271,271,
f41a38d85390007fcaa68edc7e30d1948b728d23,Change Return Type,SystemConfiguration,271,271,
f41a38d85390007fcaa68edc7e30d1948b728d23,Change Return Type,SystemConfiguration,271,271,
f41a38d85390007fcaa68edc7e30d1948b728d23,Change Return Type,SystemConfiguration,271,271,
f41a38d85390007fcaa68edc7e30d1948b728d23,Change Return Type,SystemConfiguration,271,271,
f41a38d85390007fcaa68edc7e30d1948b728d23,Change Return Type,SystemConfiguration,271,271,
f41a38d85390007fcaa68edc7e30d1948b728d23,Change Return Type,SystemConfiguration,271,271,
f41a38d85390007fcaa68edc7e30d1948b728d23,Change Return Type,SystemConfiguration,271,271,
f41a38d85390007fcaa68edc7e30d1948b728d23,Change Return Type,SystemConfiguration,271,271,
f41a38d85390007fcaa68edc7e30d1948b728d23,Change Return Type,SystemConfiguration,271,271,
f41a38d85390007fcaa68edc7e30d1948b728d23,Change Return Type,SystemConfiguration,271,271,
f41a38d85390007fcaa68edc7e30d1948b728d23,Change Return Type,SystemConfiguration,271,271,
f41a38d85390007fcaa68edc7e30d1948b728d23,Change Return Type,SystemConfiguration,271,271,
f41a38d85390007fcaa68edc7e30d1948b728d23,Change Return Type,SystemConfiguration,271,271,
f41a38d85390007fcaa68edc7e30d1948b728d23,Change Return Type,SystemConfiguration,271,271,
f41a38d85390007fcaa68edc7e30d1948b728d23,Change Return Type,SystemConfiguration,271,271,
93950b032e5c7fa8ea4742f23a9a74dbdb639fc1,Extract Method,CCNInputStreamTest,68,143,
a1c1ff570edc97212c9943001edfefce4793f784,Add Parameter,CCNAbstractInputStream,2149,2136,
befb686fb26857a01bb93b8e949ed26fcd18c019,Rename Attribute,AESKeyStoreSpi,90,91,
787d48e69d7b3f30c2d7c109c94b35043ca908ee,Move Source Folder,ccnkeystoretool,36,36,
dafd183815564b75139f64605ea6dd5e1df08d85,Rename Parameter,NodeBuilder,157,193,
dafd183815564b75139f64605ea6dd5e1df08d85,Rename Parameter,NodeBuilder,157,193,
344d3bc48ebc3d0413b5c9462640711c585eb975,Add Method Annotation,ComponentTest,107,108,
344d3bc48ebc3d0413b5c9462640711c585eb975,Add Method Annotation,ComponentTest,107,108,
344d3bc48ebc3d0413b5c9462640711c585eb975,Add Method Annotation,ComponentTest,107,108,
344d3bc48ebc3d0413b5c9462640711c585eb975,Add Method Annotation,ComponentTest,107,108,
bff068956bf65abb7e19b5ca5f631395f3504bbc,Move Source Folder,ComponentTest,16,16,
b1f9076c9dcdc46ffbf7a71dd13221b23c5796d0,Move Class,BitBucketRepository,34,34,
b1f9076c9dcdc46ffbf7a71dd13221b23c5796d0,Move Class,BitBucketRepository,34,34,
3fc96838ed678cb4f3aeaed5461c22e9fdc623f6,Move Class,AssertionCCNHandle,33,33,
3fc96838ed678cb4f3aeaed5461c22e9fdc623f6,Move Class,AssertionCCNHandle,33,33,
3fc96838ed678cb4f3aeaed5461c22e9fdc623f6,Move Class,AssertionCCNHandle,33,33,
3fc96838ed678cb4f3aeaed5461c22e9fdc623f6,Move Class,AssertionCCNHandle,33,33,
3fc96838ed678cb4f3aeaed5461c22e9fdc623f6,Move Class,AssertionCCNHandle,33,33,
3fc96838ed678cb4f3aeaed5461c22e9fdc623f6,Move Class,AssertionCCNHandle,33,33,
3fc96838ed678cb4f3aeaed5461c22e9fdc623f6,Move Class,AssertionCCNHandle,33,33,
3fc96838ed678cb4f3aeaed5461c22e9fdc623f6,Move Class,AssertionCCNHandle,33,33,
3fc96838ed678cb4f3aeaed5461c22e9fdc623f6,Move Class,AssertionCCNHandle,33,33,
3fc96838ed678cb4f3aeaed5461c22e9fdc623f6,Move Class,AssertionCCNHandle,33,33,
3fc96838ed678cb4f3aeaed5461c22e9fdc623f6,Move Class,AssertionCCNHandle,33,33,
3fc96838ed678cb4f3aeaed5461c22e9fdc623f6,Move Class,AssertionCCNHandle,33,33,
3fc96838ed678cb4f3aeaed5461c22e9fdc623f6,Move Class,AssertionCCNHandle,33,33,
3fc96838ed678cb4f3aeaed5461c22e9fdc623f6,Move Class,AssertionCCNHandle,33,33,
3fc96838ed678cb4f3aeaed5461c22e9fdc623f6,Move Class,AssertionCCNHandle,33,33,
3fc96838ed678cb4f3aeaed5461c22e9fdc623f6,Move Class,AssertionCCNHandle,33,33,
3fc96838ed678cb4f3aeaed5461c22e9fdc623f6,Move Class,AssertionCCNHandle,33,33,
3fc96838ed678cb4f3aeaed5461c22e9fdc623f6,Move Class,AssertionCCNHandle,33,33,
3fc96838ed678cb4f3aeaed5461c22e9fdc623f6,Move Class,AssertionCCNHandle,33,33,
3fc96838ed678cb4f3aeaed5461c22e9fdc623f6,Move Class,AssertionCCNHandle,33,33,
3fc96838ed678cb4f3aeaed5461c22e9fdc623f6,Move Class,AssertionCCNHandle,33,33,
3fc96838ed678cb4f3aeaed5461c22e9fdc623f6,Move Class,AssertionCCNHandle,33,33,
3fc96838ed678cb4f3aeaed5461c22e9fdc623f6,Move Class,AssertionCCNHandle,33,33,
3fc96838ed678cb4f3aeaed5461c22e9fdc623f6,Move Class,AssertionCCNHandle,33,33,
3fc96838ed678cb4f3aeaed5461c22e9fdc623f6,Move Class,AssertionCCNHandle,33,33,
3fc96838ed678cb4f3aeaed5461c22e9fdc623f6,Move Class,AssertionCCNHandle,33,33,
3fc96838ed678cb4f3aeaed5461c22e9fdc623f6,Move Class,AssertionCCNHandle,33,33,
3fc96838ed678cb4f3aeaed5461c22e9fdc623f6,Move Class,AssertionCCNHandle,33,33,
3fc96838ed678cb4f3aeaed5461c22e9fdc623f6,Move Class,AssertionCCNHandle,33,33,
3fc96838ed678cb4f3aeaed5461c22e9fdc623f6,Move Class,AssertionCCNHandle,33,33,
3fc96838ed678cb4f3aeaed5461c22e9fdc623f6,Move Class,AssertionCCNHandle,33,33,
3fc96838ed678cb4f3aeaed5461c22e9fdc623f6,Move Class,AssertionCCNHandle,33,33,
3fc96838ed678cb4f3aeaed5461c22e9fdc623f6,Move Class,AssertionCCNHandle,33,33,
3fc96838ed678cb4f3aeaed5461c22e9fdc623f6,Move Class,AssertionCCNHandle,33,33,
3fc96838ed678cb4f3aeaed5461c22e9fdc623f6,Move Class,AssertionCCNHandle,33,33,
3fc96838ed678cb4f3aeaed5461c22e9fdc623f6,Move Class,AssertionCCNHandle,33,33,
3fc96838ed678cb4f3aeaed5461c22e9fdc623f6,Move Class,AssertionCCNHandle,33,33,
3fc96838ed678cb4f3aeaed5461c22e9fdc623f6,Move Class,AssertionCCNHandle,33,33,
3fc96838ed678cb4f3aeaed5461c22e9fdc623f6,Move Class,AssertionCCNHandle,33,33,
3fc96838ed678cb4f3aeaed5461c22e9fdc623f6,Move Class,AssertionCCNHandle,33,33,
3fc96838ed678cb4f3aeaed5461c22e9fdc623f6,Move Class,AssertionCCNHandle,33,33,
3fc96838ed678cb4f3aeaed5461c22e9fdc623f6,Move Class,AssertionCCNHandle,33,33,
3fc96838ed678cb4f3aeaed5461c22e9fdc623f6,Move Class,AssertionCCNHandle,33,33,
3fc96838ed678cb4f3aeaed5461c22e9fdc623f6,Move Class,AssertionCCNHandle,33,33,
3fc96838ed678cb4f3aeaed5461c22e9fdc623f6,Move Class,AssertionCCNHandle,33,33,
3fc96838ed678cb4f3aeaed5461c22e9fdc623f6,Move Class,AssertionCCNHandle,33,33,
3fc96838ed678cb4f3aeaed5461c22e9fdc623f6,Move Class,AssertionCCNHandle,33,33,
3fc96838ed678cb4f3aeaed5461c22e9fdc623f6,Move Class,AssertionCCNHandle,33,33,
3fc96838ed678cb4f3aeaed5461c22e9fdc623f6,Move Class,AssertionCCNHandle,33,33,
3fc96838ed678cb4f3aeaed5461c22e9fdc623f6,Move Class,AssertionCCNHandle,33,33,
3fc96838ed678cb4f3aeaed5461c22e9fdc623f6,Move Class,AssertionCCNHandle,33,33,
3fc96838ed678cb4f3aeaed5461c22e9fdc623f6,Move Class,AssertionCCNHandle,33,33,
3fc96838ed678cb4f3aeaed5461c22e9fdc623f6,Move Class,AssertionCCNHandle,33,33,
3fc96838ed678cb4f3aeaed5461c22e9fdc623f6,Move Class,AssertionCCNHandle,33,33,
3fc96838ed678cb4f3aeaed5461c22e9fdc623f6,Move Class,AssertionCCNHandle,33,33,
3fc96838ed678cb4f3aeaed5461c22e9fdc623f6,Move Class,AssertionCCNHandle,33,33,
3fc96838ed678cb4f3aeaed5461c22e9fdc623f6,Move Class,AssertionCCNHandle,33,33,
3fc96838ed678cb4f3aeaed5461c22e9fdc623f6,Move Class,AssertionCCNHandle,33,33,
3fc96838ed678cb4f3aeaed5461c22e9fdc623f6,Move Class,AssertionCCNHandle,33,33,
3fc96838ed678cb4f3aeaed5461c22e9fdc623f6,Move Class,AssertionCCNHandle,33,33,
3fc96838ed678cb4f3aeaed5461c22e9fdc623f6,Move Class,AssertionCCNHandle,33,33,
3fc96838ed678cb4f3aeaed5461c22e9fdc623f6,Move Class,AssertionCCNHandle,33,33,
3fc96838ed678cb4f3aeaed5461c22e9fdc623f6,Move Class,AssertionCCNHandle,33,33,
3fc96838ed678cb4f3aeaed5461c22e9fdc623f6,Move Class,AssertionCCNHandle,33,33,
3fc96838ed678cb4f3aeaed5461c22e9fdc623f6,Move Class,AssertionCCNHandle,33,33,
3fc96838ed678cb4f3aeaed5461c22e9fdc623f6,Move Class,AssertionCCNHandle,33,33,
3fc96838ed678cb4f3aeaed5461c22e9fdc623f6,Move Class,AssertionCCNHandle,33,33,
3fc96838ed678cb4f3aeaed5461c22e9fdc623f6,Move Class,AssertionCCNHandle,33,33,
3fc96838ed678cb4f3aeaed5461c22e9fdc623f6,Move Class,AssertionCCNHandle,33,33,
3fc96838ed678cb4f3aeaed5461c22e9fdc623f6,Move Class,AssertionCCNHandle,33,33,
3fc96838ed678cb4f3aeaed5461c22e9fdc623f6,Move Class,AssertionCCNHandle,33,33,
3fc96838ed678cb4f3aeaed5461c22e9fdc623f6,Move Class,AssertionCCNHandle,33,33,
3fc96838ed678cb4f3aeaed5461c22e9fdc623f6,Move Class,AssertionCCNHandle,33,33,
3fc96838ed678cb4f3aeaed5461c22e9fdc623f6,Move Class,AssertionCCNHandle,33,33,
3fc96838ed678cb4f3aeaed5461c22e9fdc623f6,Move Class,AssertionCCNHandle,33,33,
3fc96838ed678cb4f3aeaed5461c22e9fdc623f6,Move Class,AssertionCCNHandle,33,33,
3fc96838ed678cb4f3aeaed5461c22e9fdc623f6,Move Class,AssertionCCNHandle,33,33,
3fc96838ed678cb4f3aeaed5461c22e9fdc623f6,Move Class,AssertionCCNHandle,33,33,
3fc96838ed678cb4f3aeaed5461c22e9fdc623f6,Move Class,AssertionCCNHandle,33,33,
3fc96838ed678cb4f3aeaed5461c22e9fdc623f6,Move Class,AssertionCCNHandle,33,33,
3fc96838ed678cb4f3aeaed5461c22e9fdc623f6,Move Class,AssertionCCNHandle,33,33,
3fc96838ed678cb4f3aeaed5461c22e9fdc623f6,Move Class,AssertionCCNHandle,33,33,
3fc96838ed678cb4f3aeaed5461c22e9fdc623f6,Move Class,AssertionCCNHandle,33,33,
3fc96838ed678cb4f3aeaed5461c22e9fdc623f6,Move Class,AssertionCCNHandle,33,33,
3fc96838ed678cb4f3aeaed5461c22e9fdc623f6,Move Class,AssertionCCNHandle,33,33,
3fc96838ed678cb4f3aeaed5461c22e9fdc623f6,Move Class,AssertionCCNHandle,33,33,
3fc96838ed678cb4f3aeaed5461c22e9fdc623f6,Move Class,AssertionCCNHandle,33,33,
3fc96838ed678cb4f3aeaed5461c22e9fdc623f6,Move Class,AssertionCCNHandle,33,33,
3fc96838ed678cb4f3aeaed5461c22e9fdc623f6,Move Class,AssertionCCNHandle,33,33,
3fc96838ed678cb4f3aeaed5461c22e9fdc623f6,Move Class,AssertionCCNHandle,33,33,
3fc96838ed678cb4f3aeaed5461c22e9fdc623f6,Move Class,AssertionCCNHandle,33,33,
3fc96838ed678cb4f3aeaed5461c22e9fdc623f6,Move Class,AssertionCCNHandle,33,33,
3fc96838ed678cb4f3aeaed5461c22e9fdc623f6,Move Class,AssertionCCNHandle,33,33,
3fc96838ed678cb4f3aeaed5461c22e9fdc623f6,Move Class,AssertionCCNHandle,33,33,
3fc96838ed678cb4f3aeaed5461c22e9fdc623f6,Move Class,AssertionCCNHandle,33,33,
3fc96838ed678cb4f3aeaed5461c22e9fdc623f6,Move Class,AssertionCCNHandle,33,33,
3fc96838ed678cb4f3aeaed5461c22e9fdc623f6,Move Class,AssertionCCNHandle,33,33,
3fc96838ed678cb4f3aeaed5461c22e9fdc623f6,Move Class,AssertionCCNHandle,33,33,
3fc96838ed678cb4f3aeaed5461c22e9fdc623f6,Move Class,AssertionCCNHandle,33,33,
3fc96838ed678cb4f3aeaed5461c22e9fdc623f6,Move Class,AssertionCCNHandle,33,33,
3fc96838ed678cb4f3aeaed5461c22e9fdc623f6,Move Class,AssertionCCNHandle,33,33,
3fc96838ed678cb4f3aeaed5461c22e9fdc623f6,Move Class,AssertionCCNHandle,33,33,
3fc96838ed678cb4f3aeaed5461c22e9fdc623f6,Move Class,AssertionCCNHandle,33,33,
3fc96838ed678cb4f3aeaed5461c22e9fdc623f6,Move Class,AssertionCCNHandle,33,33,
3fc96838ed678cb4f3aeaed5461c22e9fdc623f6,Move Class,AssertionCCNHandle,33,33,
3fc96838ed678cb4f3aeaed5461c22e9fdc623f6,Move Class,AssertionCCNHandle,33,33,
3fc96838ed678cb4f3aeaed5461c22e9fdc623f6,Move Class,AssertionCCNHandle,33,33,
3fc96838ed678cb4f3aeaed5461c22e9fdc623f6,Move Class,AssertionCCNHandle,33,33,
3fc96838ed678cb4f3aeaed5461c22e9fdc623f6,Move Class,AssertionCCNHandle,33,33,
3fc96838ed678cb4f3aeaed5461c22e9fdc623f6,Move Class,AssertionCCNHandle,33,33,
3fc96838ed678cb4f3aeaed5461c22e9fdc623f6,Move Class,AssertionCCNHandle,33,33,
3fc96838ed678cb4f3aeaed5461c22e9fdc623f6,Move Class,AssertionCCNHandle,33,33,
3fc96838ed678cb4f3aeaed5461c22e9fdc623f6,Move Class,AssertionCCNHandle,33,33,
3fc96838ed678cb4f3aeaed5461c22e9fdc623f6,Move Class,AssertionCCNHandle,33,33,
3fc96838ed678cb4f3aeaed5461c22e9fdc623f6,Move Class,AssertionCCNHandle,33,33,
3fc96838ed678cb4f3aeaed5461c22e9fdc623f6,Move Class,AssertionCCNHandle,33,33,
3fc96838ed678cb4f3aeaed5461c22e9fdc623f6,Move Class,AssertionCCNHandle,33,33,
3fc96838ed678cb4f3aeaed5461c22e9fdc623f6,Move Class,AssertionCCNHandle,33,33,
3fc96838ed678cb4f3aeaed5461c22e9fdc623f6,Move Class,AssertionCCNHandle,33,33,
3fc96838ed678cb4f3aeaed5461c22e9fdc623f6,Move Class,AssertionCCNHandle,33,33,
3fc96838ed678cb4f3aeaed5461c22e9fdc623f6,Move Class,AssertionCCNHandle,33,33,
3fc96838ed678cb4f3aeaed5461c22e9fdc623f6,Move Class,AssertionCCNHandle,33,33,
3fc96838ed678cb4f3aeaed5461c22e9fdc623f6,Move Class,AssertionCCNHandle,33,33,
3fc96838ed678cb4f3aeaed5461c22e9fdc623f6,Move Class,AssertionCCNHandle,33,33,
3fc96838ed678cb4f3aeaed5461c22e9fdc623f6,Move Class,AssertionCCNHandle,33,33,
3fc96838ed678cb4f3aeaed5461c22e9fdc623f6,Move Class,AssertionCCNHandle,33,33,
3fc96838ed678cb4f3aeaed5461c22e9fdc623f6,Move Class,AssertionCCNHandle,33,33,
3fc96838ed678cb4f3aeaed5461c22e9fdc623f6,Move Class,AssertionCCNHandle,33,33,
3fc96838ed678cb4f3aeaed5461c22e9fdc623f6,Move Class,AssertionCCNHandle,33,33,
3fc96838ed678cb4f3aeaed5461c22e9fdc623f6,Move Class,AssertionCCNHandle,33,33,
3fc96838ed678cb4f3aeaed5461c22e9fdc623f6,Move Class,AssertionCCNHandle,33,33,
3fc96838ed678cb4f3aeaed5461c22e9fdc623f6,Move Class,AssertionCCNHandle,33,33,
3fc96838ed678cb4f3aeaed5461c22e9fdc623f6,Move Class,AssertionCCNHandle,33,33,
f63583daae304bde6e435b8ad0c337e1d767acf6,Move Source Folder,BitBucketRepository,34,34,
31d4d00465e3e757cfc32422f5ae66ffd8af7f7f,Move Source Folder,Flosser,44,44,
5c8d2accae37073a6bf81f35e69492c7aafb5a79,Move Source Folder,AssertionCCNHandle,33,33,
5c8d2accae37073a6bf81f35e69492c7aafb5a79,Move Source Folder,AssertionCCNHandle,33,33,
3ae3778fa324df3af9253827451bce0807f91332,Move Source Folder,BasicInterestListener,30,30,
308c074c851fc475848dd33d4c88e6f9a7127793,Add Method Annotation,Component,33,33,
308c074c851fc475848dd33d4c88e6f9a7127793,Add Method Annotation,Component,33,33,
308c074c851fc475848dd33d4c88e6f9a7127793,Add Method Annotation,Component,33,33,
c3fcb93746b6c7975370b70d914030aa111f0b53,Extract Method,Component,58,58,
c3fcb93746b6c7975370b70d914030aa111f0b53,Extract Method,Component,58,58,
c3fcb93746b6c7975370b70d914030aa111f0b53,Extract Method,Component,58,58,
89f37b43a83e129e15891a8c340edffd0252d27a,Extract Method,BasicKeyManager,1064,1148,
8c93eecdc1b3ca80d36ba0f081bdf1873fee73f1,Change Attribute Type,AESKeyStoreSpi,77,80,
8c93eecdc1b3ca80d36ba0f081bdf1873fee73f1,Change Attribute Type,AESKeyStoreSpi,77,80,
8c93eecdc1b3ca80d36ba0f081bdf1873fee73f1,Change Attribute Type,AESKeyStoreSpi,77,80,
b80719e056232d0ebd09ad2e2cfb010eedffe943,Add Attribute Modifier,AESKeyStoreSpi,73,81,
a5977765d8a685c683970dd23751a2f460897602,Add Parameter,BasicKeyManager,298,305,
a5977765d8a685c683970dd23751a2f460897602,Add Parameter,BasicKeyManager,298,305,
a5977765d8a685c683970dd23751a2f460897602,Add Parameter,BasicKeyManager,298,305,
a5977765d8a685c683970dd23751a2f460897602,Add Parameter,BasicKeyManager,298,305,
1dd06c8ff7840c9ad3b4b51a29d27e4c53c36316,Add Parameter,KeyManager,399,411,
1dd06c8ff7840c9ad3b4b51a29d27e4c53c36316,Add Parameter,KeyManager,399,411,
1dd06c8ff7840c9ad3b4b51a29d27e4c53c36316,Add Parameter,KeyManager,399,411,
1dd06c8ff7840c9ad3b4b51a29d27e4c53c36316,Add Parameter,KeyManager,399,411,
1dd06c8ff7840c9ad3b4b51a29d27e4c53c36316,Add Parameter,KeyManager,399,411,
1dd06c8ff7840c9ad3b4b51a29d27e4c53c36316,Add Parameter,KeyManager,399,411,
cdf5dcf59617b4731b8f350875403644e9e86a5c,Rename Variable,AESKeyStoreSpi,225,232,
8752cdcc24cc5d5373b7669d28d53034a3396de6,Remove Method Annotation,CCNNetworkManager,230,230,
8752cdcc24cc5d5373b7669d28d53034a3396de6,Remove Method Annotation,CCNNetworkManager,230,230,
8752cdcc24cc5d5373b7669d28d53034a3396de6,Remove Method Annotation,CCNNetworkManager,230,230,
a8d0e97069cffc955366d968e423c3d4608c5bd5,Add Parameter,BasicKeyManager,1102,1106,
a8d0e97069cffc955366d968e423c3d4608c5bd5,Add Parameter,BasicKeyManager,1102,1106,
a8d0e97069cffc955366d968e423c3d4608c5bd5,Add Parameter,BasicKeyManager,1102,1106,
a8d0e97069cffc955366d968e423c3d4608c5bd5,Add Parameter,BasicKeyManager,1102,1106,
a8d0e97069cffc955366d968e423c3d4608c5bd5,Add Parameter,BasicKeyManager,1102,1106,
5c21ec5c8cf648de0d31f3f20b0f13bba0bfcdeb,Rename Variable,AESKeyStoreSpi,224,225,
6b0f60faedb3d759e039de1b4cb39533a2f2235a,Add Parameter,KeyManager,399,408,
6b0f60faedb3d759e039de1b4cb39533a2f2235a,Add Parameter,KeyManager,399,408,
6b0f60faedb3d759e039de1b4cb39533a2f2235a,Add Parameter,KeyManager,399,408,
6b0f60faedb3d759e039de1b4cb39533a2f2235a,Add Parameter,KeyManager,399,408,
6b0f60faedb3d759e039de1b4cb39533a2f2235a,Add Parameter,KeyManager,399,408,
6b0f60faedb3d759e039de1b4cb39533a2f2235a,Add Parameter,KeyManager,399,408,
6b0f60faedb3d759e039de1b4cb39533a2f2235a,Add Parameter,KeyManager,399,408,
6b0f60faedb3d759e039de1b4cb39533a2f2235a,Add Parameter,KeyManager,399,408,
6b0f60faedb3d759e039de1b4cb39533a2f2235a,Add Parameter,KeyManager,399,408,
6b0f60faedb3d759e039de1b4cb39533a2f2235a,Add Parameter,KeyManager,399,408,
6b0f60faedb3d759e039de1b4cb39533a2f2235a,Add Parameter,KeyManager,399,408,
6b0f60faedb3d759e039de1b4cb39533a2f2235a,Add Parameter,KeyManager,399,408,
6b0f60faedb3d759e039de1b4cb39533a2f2235a,Add Parameter,KeyManager,399,408,
6b0f60faedb3d759e039de1b4cb39533a2f2235a,Add Parameter,KeyManager,399,408,
6b0f60faedb3d759e039de1b4cb39533a2f2235a,Add Parameter,KeyManager,399,408,
6b0f60faedb3d759e039de1b4cb39533a2f2235a,Add Parameter,KeyManager,399,408,
6b0f60faedb3d759e039de1b4cb39533a2f2235a,Add Parameter,KeyManager,399,408,
6b0f60faedb3d759e039de1b4cb39533a2f2235a,Add Parameter,KeyManager,399,408,
6b0f60faedb3d759e039de1b4cb39533a2f2235a,Add Parameter,KeyManager,399,408,
6b0f60faedb3d759e039de1b4cb39533a2f2235a,Add Parameter,KeyManager,399,408,
6b0f60faedb3d759e039de1b4cb39533a2f2235a,Add Parameter,KeyManager,399,408,
6b0f60faedb3d759e039de1b4cb39533a2f2235a,Add Parameter,KeyManager,399,408,
6b0f60faedb3d759e039de1b4cb39533a2f2235a,Add Parameter,KeyManager,399,408,
6b0f60faedb3d759e039de1b4cb39533a2f2235a,Add Parameter,KeyManager,399,408,
6b0f60faedb3d759e039de1b4cb39533a2f2235a,Add Parameter,KeyManager,399,408,
6b0f60faedb3d759e039de1b4cb39533a2f2235a,Add Parameter,KeyManager,399,408,
0e2a9a56a76abe711ad4690615f49d4733679d4d,Remove Parameter,SliceComparator,283,256,
0e2a9a56a76abe711ad4690615f49d4733679d4d,Remove Parameter,SliceComparator,283,256,
0e2a9a56a76abe711ad4690615f49d4733679d4d,Remove Parameter,SliceComparator,283,256,
0e2a9a56a76abe711ad4690615f49d4733679d4d,Remove Parameter,SliceComparator,283,256,
a4aff223ba3a754ba85dc521d4e220f15d509d3b,Rename Parameter,SecureKeyCache,294,295,
5ff3b5deb9000f0ae14e7f7f87ca84567c46a091,Add Class Annotation,BloomFilter,34,41,
5ff3b5deb9000f0ae14e7f7f87ca84567c46a091,Add Class Annotation,BloomFilter,34,41,
5ff3b5deb9000f0ae14e7f7f87ca84567c46a091,Add Class Annotation,BloomFilter,34,41,
5ff3b5deb9000f0ae14e7f7f87ca84567c46a091,Add Class Annotation,BloomFilter,34,41,
5ff3b5deb9000f0ae14e7f7f87ca84567c46a091,Add Class Annotation,BloomFilter,34,41,
5edcf3e2736d0d283f95449069ecf80be6387011,Extract Variable,CCNFlowControlTest,127,128,
5edcf3e2736d0d283f95449069ecf80be6387011,Extract Variable,CCNFlowControlTest,127,128,
3d27309f08160abb165136843eda200c925c1ec5,Add Method Modifier,CCNVersionedOutputStreamTest,67,67,
2b7626303e750cb50019077aa9cc66f06f6de99c,Add Method Modifier,KeyManager,189,189,
2b7626303e750cb50019077aa9cc66f06f6de99c,Add Method Modifier,KeyManager,189,189,
2b7626303e750cb50019077aa9cc66f06f6de99c,Add Method Modifier,KeyManager,189,189,
2b7626303e750cb50019077aa9cc66f06f6de99c,Add Method Modifier,KeyManager,189,189,
2b7626303e750cb50019077aa9cc66f06f6de99c,Add Method Modifier,KeyManager,189,189,
2b7626303e750cb50019077aa9cc66f06f6de99c,Add Method Modifier,KeyManager,189,189,
2b7626303e750cb50019077aa9cc66f06f6de99c,Add Method Modifier,KeyManager,189,189,
2b7626303e750cb50019077aa9cc66f06f6de99c,Add Method Modifier,KeyManager,189,189,
2b7626303e750cb50019077aa9cc66f06f6de99c,Add Method Modifier,KeyManager,189,189,
2b7626303e750cb50019077aa9cc66f06f6de99c,Add Method Modifier,KeyManager,189,189,
2b7626303e750cb50019077aa9cc66f06f6de99c,Add Method Modifier,KeyManager,189,189,
39bd2cb9392c31ea554252b870797e69ec19861d,Move Class,ConfigSlice,33,41,
cb897f25f886a2047b2ad289a8dd2f000535e041,Change Variable Type,ProtocolBasedSyncMonitor,67,70,
cb897f25f886a2047b2ad289a8dd2f000535e041,Change Variable Type,ProtocolBasedSyncMonitor,67,70,
cb897f25f886a2047b2ad289a8dd2f000535e041,Change Variable Type,ProtocolBasedSyncMonitor,67,70,
cb897f25f886a2047b2ad289a8dd2f000535e041,Change Variable Type,ProtocolBasedSyncMonitor,67,70,
cb897f25f886a2047b2ad289a8dd2f000535e041,Change Variable Type,ProtocolBasedSyncMonitor,67,70,
cb897f25f886a2047b2ad289a8dd2f000535e041,Change Variable Type,ProtocolBasedSyncMonitor,67,70,
cb897f25f886a2047b2ad289a8dd2f000535e041,Change Variable Type,ProtocolBasedSyncMonitor,67,70,
cb897f25f886a2047b2ad289a8dd2f000535e041,Change Variable Type,ProtocolBasedSyncMonitor,67,70,
cb897f25f886a2047b2ad289a8dd2f000535e041,Change Variable Type,ProtocolBasedSyncMonitor,67,70,
cb897f25f886a2047b2ad289a8dd2f000535e041,Change Variable Type,ProtocolBasedSyncMonitor,67,70,
cb897f25f886a2047b2ad289a8dd2f000535e041,Change Variable Type,ProtocolBasedSyncMonitor,67,70,
cb897f25f886a2047b2ad289a8dd2f000535e041,Change Variable Type,ProtocolBasedSyncMonitor,67,70,
cb897f25f886a2047b2ad289a8dd2f000535e041,Change Variable Type,ProtocolBasedSyncMonitor,67,70,
cf769c6a3e7ac57a63abfa6c2997f74c72d47432,Change Attribute Type,CCNNetworkManager,166,165,
5d0ac1465b321f9f3d82bde124dc5a18b4ce88a8,Move And Rename Class,ConfigSliceObject,83,31,
5d0ac1465b321f9f3d82bde124dc5a18b4ce88a8,Move And Rename Class,ConfigSliceObject,83,31,
5d0ac1465b321f9f3d82bde124dc5a18b4ce88a8,Move And Rename Class,ConfigSliceObject,83,31,
5d0ac1465b321f9f3d82bde124dc5a18b4ce88a8,Move And Rename Class,ConfigSliceObject,83,31,
5d0ac1465b321f9f3d82bde124dc5a18b4ce88a8,Move And Rename Class,ConfigSliceObject,83,31,
a3f0ebd6574b908833cb246a165912751b34a49e,Remove Method Annotation,ccndcontrol,380,372,
7e5adcb60bf63f2a8ed2bfa8f255ebfe074121d7,Change Return Type,BasicKeyManager,1053,1053,
7e5adcb60bf63f2a8ed2bfa8f255ebfe074121d7,Change Return Type,BasicKeyManager,1053,1053,
7e5adcb60bf63f2a8ed2bfa8f255ebfe074121d7,Change Return Type,BasicKeyManager,1053,1053,
7e5adcb60bf63f2a8ed2bfa8f255ebfe074121d7,Change Return Type,BasicKeyManager,1053,1053,
7e5adcb60bf63f2a8ed2bfa8f255ebfe074121d7,Change Return Type,BasicKeyManager,1053,1053,
7e5adcb60bf63f2a8ed2bfa8f255ebfe074121d7,Change Return Type,BasicKeyManager,1053,1053,
7e5adcb60bf63f2a8ed2bfa8f255ebfe074121d7,Change Return Type,BasicKeyManager,1053,1053,
7e5adcb60bf63f2a8ed2bfa8f255ebfe074121d7,Change Return Type,BasicKeyManager,1053,1053,
7e5adcb60bf63f2a8ed2bfa8f255ebfe074121d7,Change Return Type,BasicKeyManager,1053,1053,
7e5adcb60bf63f2a8ed2bfa8f255ebfe074121d7,Change Return Type,BasicKeyManager,1053,1053,
7e5adcb60bf63f2a8ed2bfa8f255ebfe074121d7,Change Return Type,BasicKeyManager,1053,1053,
7e5adcb60bf63f2a8ed2bfa8f255ebfe074121d7,Change Return Type,BasicKeyManager,1053,1053,
7e5adcb60bf63f2a8ed2bfa8f255ebfe074121d7,Change Return Type,BasicKeyManager,1053,1053,
7e5adcb60bf63f2a8ed2bfa8f255ebfe074121d7,Change Return Type,BasicKeyManager,1053,1053,
7e5adcb60bf63f2a8ed2bfa8f255ebfe074121d7,Change Return Type,BasicKeyManager,1053,1053,
7e5adcb60bf63f2a8ed2bfa8f255ebfe074121d7,Change Return Type,BasicKeyManager,1053,1053,
7e5adcb60bf63f2a8ed2bfa8f255ebfe074121d7,Change Return Type,BasicKeyManager,1053,1053,
7e5adcb60bf63f2a8ed2bfa8f255ebfe074121d7,Change Return Type,BasicKeyManager,1053,1053,
f3273d1f6dbb589e2c2a47abea9ec183a4ec3438,Change Parameter Type,CCNSignatureHelper,117,116,
f3273d1f6dbb589e2c2a47abea9ec183a4ec3438,Change Parameter Type,CCNSignatureHelper,117,116,
f3273d1f6dbb589e2c2a47abea9ec183a4ec3438,Change Parameter Type,CCNSignatureHelper,117,116,
f3273d1f6dbb589e2c2a47abea9ec183a4ec3438,Change Parameter Type,CCNSignatureHelper,117,116,
f3273d1f6dbb589e2c2a47abea9ec183a4ec3438,Change Parameter Type,CCNSignatureHelper,117,116,
f3273d1f6dbb589e2c2a47abea9ec183a4ec3438,Change Parameter Type,CCNSignatureHelper,117,116,
f3273d1f6dbb589e2c2a47abea9ec183a4ec3438,Change Parameter Type,CCNSignatureHelper,117,116,
f3273d1f6dbb589e2c2a47abea9ec183a4ec3438,Change Parameter Type,CCNSignatureHelper,117,116,
f3273d1f6dbb589e2c2a47abea9ec183a4ec3438,Change Parameter Type,CCNSignatureHelper,117,116,
f3273d1f6dbb589e2c2a47abea9ec183a4ec3438,Change Parameter Type,CCNSignatureHelper,117,116,
f3273d1f6dbb589e2c2a47abea9ec183a4ec3438,Change Parameter Type,CCNSignatureHelper,117,116,
f3273d1f6dbb589e2c2a47abea9ec183a4ec3438,Change Parameter Type,CCNSignatureHelper,117,116,
f3273d1f6dbb589e2c2a47abea9ec183a4ec3438,Change Parameter Type,CCNSignatureHelper,117,116,
f3273d1f6dbb589e2c2a47abea9ec183a4ec3438,Change Parameter Type,CCNSignatureHelper,117,116,
f3273d1f6dbb589e2c2a47abea9ec183a4ec3438,Change Parameter Type,CCNSignatureHelper,117,116,
731a5d3b3aa41a946f8d3b137bf59a99f43194e2,Add Parameter,SliceComparator,257,275,
731a5d3b3aa41a946f8d3b137bf59a99f43194e2,Add Parameter,SliceComparator,257,275,
b825d943e1ae04fd8acc7c27ed199a6f99bf94d6,Change Return Type,KeyManager,267,267,
b825d943e1ae04fd8acc7c27ed199a6f99bf94d6,Change Return Type,KeyManager,267,267,
b825d943e1ae04fd8acc7c27ed199a6f99bf94d6,Change Return Type,KeyManager,267,267,
b825d943e1ae04fd8acc7c27ed199a6f99bf94d6,Change Return Type,KeyManager,267,267,
b825d943e1ae04fd8acc7c27ed199a6f99bf94d6,Change Return Type,KeyManager,267,267,
b825d943e1ae04fd8acc7c27ed199a6f99bf94d6,Change Return Type,KeyManager,267,267,
b825d943e1ae04fd8acc7c27ed199a6f99bf94d6,Change Return Type,KeyManager,267,267,
b825d943e1ae04fd8acc7c27ed199a6f99bf94d6,Change Return Type,KeyManager,267,267,
b825d943e1ae04fd8acc7c27ed199a6f99bf94d6,Change Return Type,KeyManager,267,267,
b825d943e1ae04fd8acc7c27ed199a6f99bf94d6,Change Return Type,KeyManager,267,267,
b825d943e1ae04fd8acc7c27ed199a6f99bf94d6,Change Return Type,KeyManager,267,267,
b825d943e1ae04fd8acc7c27ed199a6f99bf94d6,Change Return Type,KeyManager,267,267,
b825d943e1ae04fd8acc7c27ed199a6f99bf94d6,Change Return Type,KeyManager,267,267,
b825d943e1ae04fd8acc7c27ed199a6f99bf94d6,Change Return Type,KeyManager,267,267,
b825d943e1ae04fd8acc7c27ed199a6f99bf94d6,Change Return Type,KeyManager,267,267,
b825d943e1ae04fd8acc7c27ed199a6f99bf94d6,Change Return Type,KeyManager,267,267,
b825d943e1ae04fd8acc7c27ed199a6f99bf94d6,Change Return Type,KeyManager,267,267,
b825d943e1ae04fd8acc7c27ed199a6f99bf94d6,Change Return Type,KeyManager,267,267,
b825d943e1ae04fd8acc7c27ed199a6f99bf94d6,Change Return Type,KeyManager,267,267,
b825d943e1ae04fd8acc7c27ed199a6f99bf94d6,Change Return Type,KeyManager,267,267,
b825d943e1ae04fd8acc7c27ed199a6f99bf94d6,Change Return Type,KeyManager,267,267,
b825d943e1ae04fd8acc7c27ed199a6f99bf94d6,Change Return Type,KeyManager,267,267,
b825d943e1ae04fd8acc7c27ed199a6f99bf94d6,Change Return Type,KeyManager,267,267,
b825d943e1ae04fd8acc7c27ed199a6f99bf94d6,Change Return Type,KeyManager,267,267,
b825d943e1ae04fd8acc7c27ed199a6f99bf94d6,Change Return Type,KeyManager,267,267,
b825d943e1ae04fd8acc7c27ed199a6f99bf94d6,Change Return Type,KeyManager,267,267,
b825d943e1ae04fd8acc7c27ed199a6f99bf94d6,Change Return Type,KeyManager,267,267,
b825d943e1ae04fd8acc7c27ed199a6f99bf94d6,Change Return Type,KeyManager,267,267,
b825d943e1ae04fd8acc7c27ed199a6f99bf94d6,Change Return Type,KeyManager,267,267,
b825d943e1ae04fd8acc7c27ed199a6f99bf94d6,Change Return Type,KeyManager,267,267,
b825d943e1ae04fd8acc7c27ed199a6f99bf94d6,Change Return Type,KeyManager,267,267,
b825d943e1ae04fd8acc7c27ed199a6f99bf94d6,Change Return Type,KeyManager,267,267,
b825d943e1ae04fd8acc7c27ed199a6f99bf94d6,Change Return Type,KeyManager,267,267,
b825d943e1ae04fd8acc7c27ed199a6f99bf94d6,Change Return Type,KeyManager,267,267,
b825d943e1ae04fd8acc7c27ed199a6f99bf94d6,Change Return Type,KeyManager,267,267,
469f3a7235595f828f74e37b57536167f9631c7b,Change Variable Type,SliceComparator,389,390,
469f3a7235595f828f74e37b57536167f9631c7b,Change Variable Type,SliceComparator,389,390,
469f3a7235595f828f74e37b57536167f9631c7b,Change Variable Type,SliceComparator,389,390,
469f3a7235595f828f74e37b57536167f9631c7b,Change Variable Type,SliceComparator,389,390,
469f3a7235595f828f74e37b57536167f9631c7b,Change Variable Type,SliceComparator,389,390,
ad31b30af5f730a9498480212eae5eef608d1964,Change Variable Type,SliceComparator,383,389,
ad31b30af5f730a9498480212eae5eef608d1964,Change Variable Type,SliceComparator,383,389,
ad31b30af5f730a9498480212eae5eef608d1964,Change Variable Type,SliceComparator,383,389,
ad31b30af5f730a9498480212eae5eef608d1964,Change Variable Type,SliceComparator,383,389,
ad31b30af5f730a9498480212eae5eef608d1964,Change Variable Type,SliceComparator,383,389,
ad31b30af5f730a9498480212eae5eef608d1964,Change Variable Type,SliceComparator,383,389,
ad31b30af5f730a9498480212eae5eef608d1964,Change Variable Type,SliceComparator,383,389,
ad31b30af5f730a9498480212eae5eef608d1964,Change Variable Type,SliceComparator,383,389,
4d478feb53cc6469bba5c8ea80bfa8ef9dc3cbe5,Change Return Type,SliceComparator,339,340,
4d478feb53cc6469bba5c8ea80bfa8ef9dc3cbe5,Change Return Type,SliceComparator,339,340,
4d478feb53cc6469bba5c8ea80bfa8ef9dc3cbe5,Change Return Type,SliceComparator,339,340,
4d478feb53cc6469bba5c8ea80bfa8ef9dc3cbe5,Change Return Type,SliceComparator,339,340,
4d478feb53cc6469bba5c8ea80bfa8ef9dc3cbe5,Change Return Type,SliceComparator,339,340,
2685a8e4c4c0ad1f35fe3f5ce4c0f68dd1495c23,Add Method Modifier,SliceComparator,176,176,
2685a8e4c4c0ad1f35fe3f5ce4c0f68dd1495c23,Add Method Modifier,SliceComparator,176,176,
2685a8e4c4c0ad1f35fe3f5ce4c0f68dd1495c23,Add Method Modifier,SliceComparator,176,176,
2685a8e4c4c0ad1f35fe3f5ce4c0f68dd1495c23,Add Method Modifier,SliceComparator,176,176,
2685a8e4c4c0ad1f35fe3f5ce4c0f68dd1495c23,Add Method Modifier,SliceComparator,176,176,
2685a8e4c4c0ad1f35fe3f5ce4c0f68dd1495c23,Add Method Modifier,SliceComparator,176,176,
2685a8e4c4c0ad1f35fe3f5ce4c0f68dd1495c23,Add Method Modifier,SliceComparator,176,176,
2685a8e4c4c0ad1f35fe3f5ce4c0f68dd1495c23,Add Method Modifier,SliceComparator,176,176,
2685a8e4c4c0ad1f35fe3f5ce4c0f68dd1495c23,Add Method Modifier,SliceComparator,176,176,
83a41482fb5c50a4f13b2e6329664e93b68fc117,Extract Variable,SegmentationProfile,210,210,
83a41482fb5c50a4f13b2e6329664e93b68fc117,Extract Variable,SegmentationProfile,210,210,
f921a764cf385aa4f247e658912f481e58ce5a81,Add Parameter,Controller,346,415,
4f15ff4097baaeaf2d4e495c8cbb1a72792d9f78,Encapsulate Attribute,SliceComparator,92,92,
d5cd8718b484e3368040e5ee057d868087b88c34,Add Parameter,SyncTestRepo,360,422,
d5cd8718b484e3368040e5ee057d868087b88c34,Add Parameter,SyncTestRepo,360,422,
d5cd8718b484e3368040e5ee057d868087b88c34,Add Parameter,SyncTestRepo,360,422,
1d849ba398a7b3841896a84beea51d4345281854,Add Parameter,SliceComparator,109,127,
ee20b749150de78b7ee235a08e31888513ddd5ee,Change Attribute Type,ProtocolBasedSyncMonitor,42,51,
ee20b749150de78b7ee235a08e31888513ddd5ee,Change Attribute Type,ProtocolBasedSyncMonitor,42,51,
ee20b749150de78b7ee235a08e31888513ddd5ee,Change Attribute Type,ProtocolBasedSyncMonitor,42,51,
ee20b749150de78b7ee235a08e31888513ddd5ee,Change Attribute Type,ProtocolBasedSyncMonitor,42,51,
ee20b749150de78b7ee235a08e31888513ddd5ee,Change Attribute Type,ProtocolBasedSyncMonitor,42,51,
ee20b749150de78b7ee235a08e31888513ddd5ee,Change Attribute Type,ProtocolBasedSyncMonitor,42,51,
ee20b749150de78b7ee235a08e31888513ddd5ee,Change Attribute Type,ProtocolBasedSyncMonitor,42,51,
ee20b749150de78b7ee235a08e31888513ddd5ee,Change Attribute Type,ProtocolBasedSyncMonitor,42,51,
ee20b749150de78b7ee235a08e31888513ddd5ee,Change Attribute Type,ProtocolBasedSyncMonitor,42,51,
ee20b749150de78b7ee235a08e31888513ddd5ee,Change Attribute Type,ProtocolBasedSyncMonitor,42,51,
791cd2b399bc06fa482618a03b674a1d0c13bc72,Add Parameter,CCNSecureInputStreamTest,73,73,
01a4f4e2fda39f95bebdf2ffeedf29dadb5fc6c2,Change Return Type,SliceComparator,620,619,
01a4f4e2fda39f95bebdf2ffeedf29dadb5fc6c2,Change Return Type,SliceComparator,620,619,
01a4f4e2fda39f95bebdf2ffeedf29dadb5fc6c2,Change Return Type,SliceComparator,620,619,
01a4f4e2fda39f95bebdf2ffeedf29dadb5fc6c2,Change Return Type,SliceComparator,620,619,
01a4f4e2fda39f95bebdf2ffeedf29dadb5fc6c2,Change Return Type,SliceComparator,620,619,
2135da94cdd3aafdf078dbe5afc46f7835cbdb24,Change Parameter Type,NodeBuilder,186,178,
2135da94cdd3aafdf078dbe5afc46f7835cbdb24,Change Parameter Type,NodeBuilder,186,178,
c9f9a4f52c958a2e979aa458ea16a7299379e4cb,Rename Parameter,NodeBuilder,102,105,
c9f9a4f52c958a2e979aa458ea16a7299379e4cb,Rename Parameter,NodeBuilder,102,105,
c9f9a4f52c958a2e979aa458ea16a7299379e4cb,Rename Parameter,NodeBuilder,102,105,
c9f9a4f52c958a2e979aa458ea16a7299379e4cb,Rename Parameter,NodeBuilder,102,105,
c9f9a4f52c958a2e979aa458ea16a7299379e4cb,Rename Parameter,NodeBuilder,102,105,
c9f9a4f52c958a2e979aa458ea16a7299379e4cb,Rename Parameter,NodeBuilder,102,105,
c9f9a4f52c958a2e979aa458ea16a7299379e4cb,Rename Parameter,NodeBuilder,102,105,
c9f9a4f52c958a2e979aa458ea16a7299379e4cb,Rename Parameter,NodeBuilder,102,105,
c9f9a4f52c958a2e979aa458ea16a7299379e4cb,Rename Parameter,NodeBuilder,102,105,
c9f9a4f52c958a2e979aa458ea16a7299379e4cb,Rename Parameter,NodeBuilder,102,105,
c9f9a4f52c958a2e979aa458ea16a7299379e4cb,Rename Parameter,NodeBuilder,102,105,
c9f9a4f52c958a2e979aa458ea16a7299379e4cb,Rename Parameter,NodeBuilder,102,105,
c9f9a4f52c958a2e979aa458ea16a7299379e4cb,Rename Parameter,NodeBuilder,102,105,
c9f9a4f52c958a2e979aa458ea16a7299379e4cb,Rename Parameter,NodeBuilder,102,105,
c9f9a4f52c958a2e979aa458ea16a7299379e4cb,Rename Parameter,NodeBuilder,102,105,
c9f9a4f52c958a2e979aa458ea16a7299379e4cb,Rename Parameter,NodeBuilder,102,105,
c9f9a4f52c958a2e979aa458ea16a7299379e4cb,Rename Parameter,NodeBuilder,102,105,
c9f9a4f52c958a2e979aa458ea16a7299379e4cb,Rename Parameter,NodeBuilder,102,105,
c9f9a4f52c958a2e979aa458ea16a7299379e4cb,Rename Parameter,NodeBuilder,102,105,
c9f9a4f52c958a2e979aa458ea16a7299379e4cb,Rename Parameter,NodeBuilder,102,105,
4d408f35105376dd07851215c39d8f90b75a8c0d,Add Parameter,NodeBuilder,89,102,
4d408f35105376dd07851215c39d8f90b75a8c0d,Add Parameter,NodeBuilder,89,102,
4d408f35105376dd07851215c39d8f90b75a8c0d,Add Parameter,NodeBuilder,89,102,
4d408f35105376dd07851215c39d8f90b75a8c0d,Add Parameter,NodeBuilder,89,102,
4d408f35105376dd07851215c39d8f90b75a8c0d,Add Parameter,NodeBuilder,89,102,
4d408f35105376dd07851215c39d8f90b75a8c0d,Add Parameter,NodeBuilder,89,102,
4d408f35105376dd07851215c39d8f90b75a8c0d,Add Parameter,NodeBuilder,89,102,
4d408f35105376dd07851215c39d8f90b75a8c0d,Add Parameter,NodeBuilder,89,102,
386b7ffbddd08ff573dd0aba35d5a33a54dcb814,Add Parameter,NodeBuilder,89,97,
386b7ffbddd08ff573dd0aba35d5a33a54dcb814,Add Parameter,NodeBuilder,89,97,
386b7ffbddd08ff573dd0aba35d5a33a54dcb814,Add Parameter,NodeBuilder,89,97,
386b7ffbddd08ff573dd0aba35d5a33a54dcb814,Add Parameter,NodeBuilder,89,97,
386b7ffbddd08ff573dd0aba35d5a33a54dcb814,Add Parameter,NodeBuilder,89,97,
386b7ffbddd08ff573dd0aba35d5a33a54dcb814,Add Parameter,NodeBuilder,89,97,
386b7ffbddd08ff573dd0aba35d5a33a54dcb814,Add Parameter,NodeBuilder,89,97,
386b7ffbddd08ff573dd0aba35d5a33a54dcb814,Add Parameter,NodeBuilder,89,97,
386b7ffbddd08ff573dd0aba35d5a33a54dcb814,Add Parameter,NodeBuilder,89,97,
386b7ffbddd08ff573dd0aba35d5a33a54dcb814,Add Parameter,NodeBuilder,89,97,
386b7ffbddd08ff573dd0aba35d5a33a54dcb814,Add Parameter,NodeBuilder,89,97,
386b7ffbddd08ff573dd0aba35d5a33a54dcb814,Add Parameter,NodeBuilder,89,97,
d103a2194916ebd1fa0e32ee21d041834d60933c,Change Parameter Type,SliceComparator,122,125,
d103a2194916ebd1fa0e32ee21d041834d60933c,Change Parameter Type,SliceComparator,122,125,
d103a2194916ebd1fa0e32ee21d041834d60933c,Change Parameter Type,SliceComparator,122,125,
d103a2194916ebd1fa0e32ee21d041834d60933c,Change Parameter Type,SliceComparator,122,125,
d103a2194916ebd1fa0e32ee21d041834d60933c,Change Parameter Type,SliceComparator,122,125,
d103a2194916ebd1fa0e32ee21d041834d60933c,Change Parameter Type,SliceComparator,122,125,
d103a2194916ebd1fa0e32ee21d041834d60933c,Change Parameter Type,SliceComparator,122,125,
d103a2194916ebd1fa0e32ee21d041834d60933c,Change Parameter Type,SliceComparator,122,125,
d103a2194916ebd1fa0e32ee21d041834d60933c,Change Parameter Type,SliceComparator,122,125,
d103a2194916ebd1fa0e32ee21d041834d60933c,Change Parameter Type,SliceComparator,122,125,
d103a2194916ebd1fa0e32ee21d041834d60933c,Change Parameter Type,SliceComparator,122,125,
d103a2194916ebd1fa0e32ee21d041834d60933c,Change Parameter Type,SliceComparator,122,125,
0741346fe42bcdc48d176be2cffaae0959672c7b,Rename Parameter,SliceComparator,122,122,
0741346fe42bcdc48d176be2cffaae0959672c7b,Rename Parameter,SliceComparator,122,122,
0741346fe42bcdc48d176be2cffaae0959672c7b,Rename Parameter,SliceComparator,122,122,
0741346fe42bcdc48d176be2cffaae0959672c7b,Rename Parameter,SliceComparator,122,122,
0741346fe42bcdc48d176be2cffaae0959672c7b,Rename Parameter,SliceComparator,122,122,
0741346fe42bcdc48d176be2cffaae0959672c7b,Rename Parameter,SliceComparator,122,122,
0741346fe42bcdc48d176be2cffaae0959672c7b,Rename Parameter,SliceComparator,122,122,
0741346fe42bcdc48d176be2cffaae0959672c7b,Rename Parameter,SliceComparator,122,122,
0741346fe42bcdc48d176be2cffaae0959672c7b,Rename Parameter,SliceComparator,122,122,
0741346fe42bcdc48d176be2cffaae0959672c7b,Rename Parameter,SliceComparator,122,122,
0741346fe42bcdc48d176be2cffaae0959672c7b,Rename Parameter,SliceComparator,122,122,
0741346fe42bcdc48d176be2cffaae0959672c7b,Rename Parameter,SliceComparator,122,122,
0741346fe42bcdc48d176be2cffaae0959672c7b,Rename Parameter,SliceComparator,122,122,
e4c85294857564beaf524990767c7a2f6bc1404c,Add Parameter,SyncTreeEntry,119,124,
e4c85294857564beaf524990767c7a2f6bc1404c,Add Parameter,SyncTreeEntry,119,124,
e82ddc0f35ea0c3c11f80ac156bc3d44c999fac9,Add Method Modifier,SyncTreeEntry,212,219,
e82ddc0f35ea0c3c11f80ac156bc3d44c999fac9,Add Method Modifier,SyncTreeEntry,212,219,
e82ddc0f35ea0c3c11f80ac156bc3d44c999fac9,Add Method Modifier,SyncTreeEntry,212,219,
e82ddc0f35ea0c3c11f80ac156bc3d44c999fac9,Add Method Modifier,SyncTreeEntry,212,219,
e82ddc0f35ea0c3c11f80ac156bc3d44c999fac9,Add Method Modifier,SyncTreeEntry,212,219,
e82ddc0f35ea0c3c11f80ac156bc3d44c999fac9,Add Method Modifier,SyncTreeEntry,212,219,
e82ddc0f35ea0c3c11f80ac156bc3d44c999fac9,Add Method Modifier,SyncTreeEntry,212,219,
e82ddc0f35ea0c3c11f80ac156bc3d44c999fac9,Add Method Modifier,SyncTreeEntry,212,219,
e82ddc0f35ea0c3c11f80ac156bc3d44c999fac9,Add Method Modifier,SyncTreeEntry,212,219,
e82ddc0f35ea0c3c11f80ac156bc3d44c999fac9,Add Method Modifier,SyncTreeEntry,212,219,
d8afee26fcc540ec59eb2be4bcf32d3637cf7468,Remove Method Annotation,SyncInternalTestNotYet,109,109,
d8afee26fcc540ec59eb2be4bcf32d3637cf7468,Remove Method Annotation,SyncInternalTestNotYet,109,109,
a5ab949cdea947c2cb6d2807aed8cd39ff7fce51,Change Attribute Type,CCNxService,48,52,
a5ab949cdea947c2cb6d2807aed8cd39ff7fce51,Change Attribute Type,CCNxService,48,52,
78bf2d0dde5f33874f54e12fd7e48df0d510c61e,Remove Method Annotation,SyncTestRepo,241,242,
a8d159ea206a009697b55b9835a6e6366c628f83,Extract Variable,SyncTreeEntry,131,127,
a8d159ea206a009697b55b9835a6e6366c628f83,Extract Variable,SyncTreeEntry,131,127,
a8d159ea206a009697b55b9835a6e6366c628f83,Extract Variable,SyncTreeEntry,131,127,
a8d159ea206a009697b55b9835a6e6366c628f83,Extract Variable,SyncTreeEntry,131,127,
a8d159ea206a009697b55b9835a6e6366c628f83,Extract Variable,SyncTreeEntry,131,127,
8b1c9ea888d050b7ea9fb30d7ee097a796475362,Rename Variable,SliceComparator,611,762,
7e1807c8398c4c88dc2e2b1dfceee0da12d717ed,Add Parameter,SyncNodeComposite,156,156,
e91d2b17b3a8218ab2fb43dcd51db658df4c2ff0,Extract Variable,SliceComparator,739,739,
ba838714bacbe58bb38b01a796de59cd2bd31894,Extract Variable,SliceComparator,747,743,
ba838714bacbe58bb38b01a796de59cd2bd31894,Extract Variable,SliceComparator,747,743,
fe87a4302ebb26562bb48a67979703a6d53fefd9,Rename Class,SyncTestRepo,50,45,
fe87a4302ebb26562bb48a67979703a6d53fefd9,Rename Class,SyncTestRepo,50,45,
fe87a4302ebb26562bb48a67979703a6d53fefd9,Rename Class,SyncTestRepo,50,45,
fe87a4302ebb26562bb48a67979703a6d53fefd9,Rename Class,SyncTestRepo,50,45,
fe87a4302ebb26562bb48a67979703a6d53fefd9,Rename Class,SyncTestRepo,50,45,
fe87a4302ebb26562bb48a67979703a6d53fefd9,Rename Class,SyncTestRepo,50,45,
fe87a4302ebb26562bb48a67979703a6d53fefd9,Rename Class,SyncTestRepo,50,45,
fe87a4302ebb26562bb48a67979703a6d53fefd9,Rename Class,SyncTestRepo,50,45,
fe87a4302ebb26562bb48a67979703a6d53fefd9,Rename Class,SyncTestRepo,50,45,
fe87a4302ebb26562bb48a67979703a6d53fefd9,Rename Class,SyncTestRepo,50,45,
fe87a4302ebb26562bb48a67979703a6d53fefd9,Rename Class,SyncTestRepo,50,45,
fe87a4302ebb26562bb48a67979703a6d53fefd9,Rename Class,SyncTestRepo,50,45,
fe87a4302ebb26562bb48a67979703a6d53fefd9,Rename Class,SyncTestRepo,50,45,
d424102317486a1727a4bd01e63f1b8d57798279,Change Method Access Modifier,SliceComparator,191,215,
d424102317486a1727a4bd01e63f1b8d57798279,Change Method Access Modifier,SliceComparator,191,215,
d424102317486a1727a4bd01e63f1b8d57798279,Change Method Access Modifier,SliceComparator,191,215,
c0da2cea36c1faa0e6c8481cbe79e2ad4579eec2,Extract Method,SliceComparator,601,767,
c0da2cea36c1faa0e6c8481cbe79e2ad4579eec2,Extract Method,SliceComparator,601,767,
c0da2cea36c1faa0e6c8481cbe79e2ad4579eec2,Extract Method,SliceComparator,601,767,
c0da2cea36c1faa0e6c8481cbe79e2ad4579eec2,Extract Method,SliceComparator,601,767,
c0da2cea36c1faa0e6c8481cbe79e2ad4579eec2,Extract Method,SliceComparator,601,767,
c0da2cea36c1faa0e6c8481cbe79e2ad4579eec2,Extract Method,SliceComparator,601,767,
3a50526a7dd30d97b5ee48d97799977fdcacaf9b,Rename Method,SliceComparator,546,548,
bf44d4e9bfe63ca1083a1467f10aee9123837817,Inline Variable,CCNDCacheManager,37,52,
bf44d4e9bfe63ca1083a1467f10aee9123837817,Inline Variable,CCNDCacheManager,37,52,
bf44d4e9bfe63ca1083a1467f10aee9123837817,Inline Variable,CCNDCacheManager,37,52,
bf44d4e9bfe63ca1083a1467f10aee9123837817,Inline Variable,CCNDCacheManager,37,52,
df4dd1bcbfb2b05cbe23d5aaf75333bf18d8bc6f,Extract Method,SyncTreeEntry,59,136,
df4dd1bcbfb2b05cbe23d5aaf75333bf18d8bc6f,Extract Method,SyncTreeEntry,59,136,
1ca095280c259ef5a4c81e55753f2e070aca1ff3,Add Parameter,CCNSync,47,49,
1ca095280c259ef5a4c81e55753f2e070aca1ff3,Add Parameter,CCNSync,47,49,
1ca095280c259ef5a4c81e55753f2e070aca1ff3,Add Parameter,CCNSync,47,49,
1ca095280c259ef5a4c81e55753f2e070aca1ff3,Add Parameter,CCNSync,47,49,
1ca095280c259ef5a4c81e55753f2e070aca1ff3,Add Parameter,CCNSync,47,49,
1ca095280c259ef5a4c81e55753f2e070aca1ff3,Add Parameter,CCNSync,47,49,
1ca095280c259ef5a4c81e55753f2e070aca1ff3,Add Parameter,CCNSync,47,49,
1ca095280c259ef5a4c81e55753f2e070aca1ff3,Add Parameter,CCNSync,47,49,
1ca095280c259ef5a4c81e55753f2e070aca1ff3,Add Parameter,CCNSync,47,49,
1ca095280c259ef5a4c81e55753f2e070aca1ff3,Add Parameter,CCNSync,47,49,
1ca095280c259ef5a4c81e55753f2e070aca1ff3,Add Parameter,CCNSync,47,49,
1ca095280c259ef5a4c81e55753f2e070aca1ff3,Add Parameter,CCNSync,47,49,
1ca095280c259ef5a4c81e55753f2e070aca1ff3,Add Parameter,CCNSync,47,49,
1ca095280c259ef5a4c81e55753f2e070aca1ff3,Add Parameter,CCNSync,47,49,
1ca095280c259ef5a4c81e55753f2e070aca1ff3,Add Parameter,CCNSync,47,49,
1ca095280c259ef5a4c81e55753f2e070aca1ff3,Add Parameter,CCNSync,47,49,
1ca095280c259ef5a4c81e55753f2e070aca1ff3,Add Parameter,CCNSync,47,49,
d1ec8fc6875d202e6b31259b4714010011815f32,Add Thrown Exception Type,SliceComparator,157,199,
d1ec8fc6875d202e6b31259b4714010011815f32,Add Thrown Exception Type,SliceComparator,157,199,
d1ec8fc6875d202e6b31259b4714010011815f32,Add Thrown Exception Type,SliceComparator,157,199,
d1ec8fc6875d202e6b31259b4714010011815f32,Add Thrown Exception Type,SliceComparator,157,199,
d1ec8fc6875d202e6b31259b4714010011815f32,Add Thrown Exception Type,SliceComparator,157,199,
d1ec8fc6875d202e6b31259b4714010011815f32,Add Thrown Exception Type,SliceComparator,157,199,
d1ec8fc6875d202e6b31259b4714010011815f32,Add Thrown Exception Type,SliceComparator,157,199,
d1ec8fc6875d202e6b31259b4714010011815f32,Add Thrown Exception Type,SliceComparator,157,199,
d1ec8fc6875d202e6b31259b4714010011815f32,Add Thrown Exception Type,SliceComparator,157,199,
bec73da20b6390a403666f91d5970648bf8000b7,Change Return Type,SliceComparator,87,92,
bec73da20b6390a403666f91d5970648bf8000b7,Change Return Type,SliceComparator,87,92,
bec73da20b6390a403666f91d5970648bf8000b7,Change Return Type,SliceComparator,87,92,
bec73da20b6390a403666f91d5970648bf8000b7,Change Return Type,SliceComparator,87,92,
bec73da20b6390a403666f91d5970648bf8000b7,Change Return Type,SliceComparator,87,92,
70756e7242f048c9b3af5b65d02e609055b92cbd,Remove Parameter,ProtocolBasedSyncMonitor,90,90,
70756e7242f048c9b3af5b65d02e609055b92cbd,Remove Parameter,ProtocolBasedSyncMonitor,90,90,
70756e7242f048c9b3af5b65d02e609055b92cbd,Remove Parameter,ProtocolBasedSyncMonitor,90,90,
70756e7242f048c9b3af5b65d02e609055b92cbd,Remove Parameter,ProtocolBasedSyncMonitor,90,90,
70756e7242f048c9b3af5b65d02e609055b92cbd,Remove Parameter,ProtocolBasedSyncMonitor,90,90,
70756e7242f048c9b3af5b65d02e609055b92cbd,Remove Parameter,ProtocolBasedSyncMonitor,90,90,
70756e7242f048c9b3af5b65d02e609055b92cbd,Remove Parameter,ProtocolBasedSyncMonitor,90,90,
70756e7242f048c9b3af5b65d02e609055b92cbd,Remove Parameter,ProtocolBasedSyncMonitor,90,90,
ee5e523ae93180186d05fab5c0b969acc8b5399c,Add Thrown Exception Type,SliceComparator,182,183,
ee5e523ae93180186d05fab5c0b969acc8b5399c,Add Thrown Exception Type,SliceComparator,182,183,
ee5e523ae93180186d05fab5c0b969acc8b5399c,Add Thrown Exception Type,SliceComparator,182,183,
ee5e523ae93180186d05fab5c0b969acc8b5399c,Add Thrown Exception Type,SliceComparator,182,183,
ee5e523ae93180186d05fab5c0b969acc8b5399c,Add Thrown Exception Type,SliceComparator,182,183,
ee5e523ae93180186d05fab5c0b969acc8b5399c,Add Thrown Exception Type,SliceComparator,182,183,
ee5e523ae93180186d05fab5c0b969acc8b5399c,Add Thrown Exception Type,SliceComparator,182,183,
93ded0e7296cd7637f2e970b7a0a7cf3efc25640,Add Parameter,SliceComparator,74,74,
93ded0e7296cd7637f2e970b7a0a7cf3efc25640,Add Parameter,SliceComparator,74,74,
93ded0e7296cd7637f2e970b7a0a7cf3efc25640,Add Parameter,SliceComparator,74,74,
93ded0e7296cd7637f2e970b7a0a7cf3efc25640,Add Parameter,SliceComparator,74,74,
93ded0e7296cd7637f2e970b7a0a7cf3efc25640,Add Parameter,SliceComparator,74,74,
93ded0e7296cd7637f2e970b7a0a7cf3efc25640,Add Parameter,SliceComparator,74,74,
93ded0e7296cd7637f2e970b7a0a7cf3efc25640,Add Parameter,SliceComparator,74,74,
93ded0e7296cd7637f2e970b7a0a7cf3efc25640,Add Parameter,SliceComparator,74,74,
93ded0e7296cd7637f2e970b7a0a7cf3efc25640,Add Parameter,SliceComparator,74,74,
93ded0e7296cd7637f2e970b7a0a7cf3efc25640,Add Parameter,SliceComparator,74,74,
93ded0e7296cd7637f2e970b7a0a7cf3efc25640,Add Parameter,SliceComparator,74,74,
93ded0e7296cd7637f2e970b7a0a7cf3efc25640,Add Parameter,SliceComparator,74,74,
93ded0e7296cd7637f2e970b7a0a7cf3efc25640,Add Parameter,SliceComparator,74,74,
93ded0e7296cd7637f2e970b7a0a7cf3efc25640,Add Parameter,SliceComparator,74,74,
93ded0e7296cd7637f2e970b7a0a7cf3efc25640,Add Parameter,SliceComparator,74,74,
93ded0e7296cd7637f2e970b7a0a7cf3efc25640,Add Parameter,SliceComparator,74,74,
93ded0e7296cd7637f2e970b7a0a7cf3efc25640,Add Parameter,SliceComparator,74,74,
93ded0e7296cd7637f2e970b7a0a7cf3efc25640,Add Parameter,SliceComparator,74,74,
93ded0e7296cd7637f2e970b7a0a7cf3efc25640,Add Parameter,SliceComparator,74,74,
93ded0e7296cd7637f2e970b7a0a7cf3efc25640,Add Parameter,SliceComparator,74,74,
acf78ac458d3c1eaca2fafe6e100af8f8231eb1b,Move Class,SliceComparator,463,404,
acf78ac458d3c1eaca2fafe6e100af8f8231eb1b,Move Class,SliceComparator,463,404,
acf78ac458d3c1eaca2fafe6e100af8f8231eb1b,Move Class,SliceComparator,463,404,
acf78ac458d3c1eaca2fafe6e100af8f8231eb1b,Move Class,SliceComparator,463,404,
acf78ac458d3c1eaca2fafe6e100af8f8231eb1b,Move Class,SliceComparator,463,404,
acf78ac458d3c1eaca2fafe6e100af8f8231eb1b,Move Class,SliceComparator,463,404,
acf78ac458d3c1eaca2fafe6e100af8f8231eb1b,Move Class,SliceComparator,463,404,
acf78ac458d3c1eaca2fafe6e100af8f8231eb1b,Move Class,SliceComparator,463,404,
acf78ac458d3c1eaca2fafe6e100af8f8231eb1b,Move Class,SliceComparator,463,404,
acf78ac458d3c1eaca2fafe6e100af8f8231eb1b,Move Class,SliceComparator,463,404,
acf78ac458d3c1eaca2fafe6e100af8f8231eb1b,Move Class,SliceComparator,463,404,
acf78ac458d3c1eaca2fafe6e100af8f8231eb1b,Move Class,SliceComparator,463,404,
acf78ac458d3c1eaca2fafe6e100af8f8231eb1b,Move Class,SliceComparator,463,404,
acf78ac458d3c1eaca2fafe6e100af8f8231eb1b,Move Class,SliceComparator,463,404,
acf78ac458d3c1eaca2fafe6e100af8f8231eb1b,Move Class,SliceComparator,463,404,
acf78ac458d3c1eaca2fafe6e100af8f8231eb1b,Move Class,SliceComparator,463,404,
acf78ac458d3c1eaca2fafe6e100af8f8231eb1b,Move Class,SliceComparator,463,404,
acf78ac458d3c1eaca2fafe6e100af8f8231eb1b,Move Class,SliceComparator,463,404,
acf78ac458d3c1eaca2fafe6e100af8f8231eb1b,Move Class,SliceComparator,463,404,
acf78ac458d3c1eaca2fafe6e100af8f8231eb1b,Move Class,SliceComparator,463,404,
acf78ac458d3c1eaca2fafe6e100af8f8231eb1b,Move Class,SliceComparator,463,404,
acf78ac458d3c1eaca2fafe6e100af8f8231eb1b,Move Class,SliceComparator,463,404,
acf78ac458d3c1eaca2fafe6e100af8f8231eb1b,Move Class,SliceComparator,463,404,
acf78ac458d3c1eaca2fafe6e100af8f8231eb1b,Move Class,SliceComparator,463,404,
acf78ac458d3c1eaca2fafe6e100af8f8231eb1b,Move Class,SliceComparator,463,404,
acf78ac458d3c1eaca2fafe6e100af8f8231eb1b,Move Class,SliceComparator,463,404,
acf78ac458d3c1eaca2fafe6e100af8f8231eb1b,Move Class,SliceComparator,463,404,
acf78ac458d3c1eaca2fafe6e100af8f8231eb1b,Move Class,SliceComparator,463,404,
acf78ac458d3c1eaca2fafe6e100af8f8231eb1b,Move Class,SliceComparator,463,404,
acf78ac458d3c1eaca2fafe6e100af8f8231eb1b,Move Class,SliceComparator,463,404,
acf78ac458d3c1eaca2fafe6e100af8f8231eb1b,Move Class,SliceComparator,463,404,
acf78ac458d3c1eaca2fafe6e100af8f8231eb1b,Move Class,SliceComparator,463,404,
acf78ac458d3c1eaca2fafe6e100af8f8231eb1b,Move Class,SliceComparator,463,404,
acf78ac458d3c1eaca2fafe6e100af8f8231eb1b,Move Class,SliceComparator,463,404,
acf78ac458d3c1eaca2fafe6e100af8f8231eb1b,Move Class,SliceComparator,463,404,
acf78ac458d3c1eaca2fafe6e100af8f8231eb1b,Move Class,SliceComparator,463,404,
acf78ac458d3c1eaca2fafe6e100af8f8231eb1b,Move Class,SliceComparator,463,404,
acf78ac458d3c1eaca2fafe6e100af8f8231eb1b,Move Class,SliceComparator,463,404,
acf78ac458d3c1eaca2fafe6e100af8f8231eb1b,Move Class,SliceComparator,463,404,
acf78ac458d3c1eaca2fafe6e100af8f8231eb1b,Move Class,SliceComparator,463,404,
acf78ac458d3c1eaca2fafe6e100af8f8231eb1b,Move Class,SliceComparator,463,404,
588e1943f4b5772506bfd8e052eaa0101ed400df,Add Parameter,CCNSync,35,35,
588e1943f4b5772506bfd8e052eaa0101ed400df,Add Parameter,CCNSync,35,35,
588e1943f4b5772506bfd8e052eaa0101ed400df,Add Parameter,CCNSync,35,35,
588e1943f4b5772506bfd8e052eaa0101ed400df,Add Parameter,CCNSync,35,35,
588e1943f4b5772506bfd8e052eaa0101ed400df,Add Parameter,CCNSync,35,35,
588e1943f4b5772506bfd8e052eaa0101ed400df,Add Parameter,CCNSync,35,35,
588e1943f4b5772506bfd8e052eaa0101ed400df,Add Parameter,CCNSync,35,35,
588e1943f4b5772506bfd8e052eaa0101ed400df,Add Parameter,CCNSync,35,35,
588e1943f4b5772506bfd8e052eaa0101ed400df,Add Parameter,CCNSync,35,35,
588e1943f4b5772506bfd8e052eaa0101ed400df,Add Parameter,CCNSync,35,35,
588e1943f4b5772506bfd8e052eaa0101ed400df,Add Parameter,CCNSync,35,35,
588e1943f4b5772506bfd8e052eaa0101ed400df,Add Parameter,CCNSync,35,35,
588e1943f4b5772506bfd8e052eaa0101ed400df,Add Parameter,CCNSync,35,35,
588e1943f4b5772506bfd8e052eaa0101ed400df,Add Parameter,CCNSync,35,35,
588e1943f4b5772506bfd8e052eaa0101ed400df,Add Parameter,CCNSync,35,35,
588e1943f4b5772506bfd8e052eaa0101ed400df,Add Parameter,CCNSync,35,35,
588e1943f4b5772506bfd8e052eaa0101ed400df,Add Parameter,CCNSync,35,35,
588e1943f4b5772506bfd8e052eaa0101ed400df,Add Parameter,CCNSync,35,35,
588e1943f4b5772506bfd8e052eaa0101ed400df,Add Parameter,CCNSync,35,35,
588e1943f4b5772506bfd8e052eaa0101ed400df,Add Parameter,CCNSync,35,35,
588e1943f4b5772506bfd8e052eaa0101ed400df,Add Parameter,CCNSync,35,35,
588e1943f4b5772506bfd8e052eaa0101ed400df,Add Parameter,CCNSync,35,35,
588e1943f4b5772506bfd8e052eaa0101ed400df,Add Parameter,CCNSync,35,35,
aeaf8fbae26dfaf4045e2e3aa4061790bd5d9085,Inline Method,ProtocolBasedSyncMonitor,281,260,
aeaf8fbae26dfaf4045e2e3aa4061790bd5d9085,Inline Method,ProtocolBasedSyncMonitor,281,260,
aeaf8fbae26dfaf4045e2e3aa4061790bd5d9085,Inline Method,ProtocolBasedSyncMonitor,281,260,
aeaf8fbae26dfaf4045e2e3aa4061790bd5d9085,Inline Method,ProtocolBasedSyncMonitor,281,260,
aeaf8fbae26dfaf4045e2e3aa4061790bd5d9085,Inline Method,ProtocolBasedSyncMonitor,281,260,
aeaf8fbae26dfaf4045e2e3aa4061790bd5d9085,Inline Method,ProtocolBasedSyncMonitor,281,260,
aeaf8fbae26dfaf4045e2e3aa4061790bd5d9085,Inline Method,ProtocolBasedSyncMonitor,281,260,
aeaf8fbae26dfaf4045e2e3aa4061790bd5d9085,Inline Method,ProtocolBasedSyncMonitor,281,260,
aeaf8fbae26dfaf4045e2e3aa4061790bd5d9085,Inline Method,ProtocolBasedSyncMonitor,281,260,
aeaf8fbae26dfaf4045e2e3aa4061790bd5d9085,Inline Method,ProtocolBasedSyncMonitor,281,260,
aeaf8fbae26dfaf4045e2e3aa4061790bd5d9085,Inline Method,ProtocolBasedSyncMonitor,281,260,
aeaf8fbae26dfaf4045e2e3aa4061790bd5d9085,Inline Method,ProtocolBasedSyncMonitor,281,260,
aeaf8fbae26dfaf4045e2e3aa4061790bd5d9085,Inline Method,ProtocolBasedSyncMonitor,281,260,
22209a92c7755069f114e7c60bd789bd7304e012,Rename Class,SyncTreeEntry,24,26,
22209a92c7755069f114e7c60bd789bd7304e012,Rename Class,SyncTreeEntry,24,26,
22209a92c7755069f114e7c60bd789bd7304e012,Rename Class,SyncTreeEntry,24,26,
22209a92c7755069f114e7c60bd789bd7304e012,Rename Class,SyncTreeEntry,24,26,
22209a92c7755069f114e7c60bd789bd7304e012,Rename Class,SyncTreeEntry,24,26,
22209a92c7755069f114e7c60bd789bd7304e012,Rename Class,SyncTreeEntry,24,26,
22209a92c7755069f114e7c60bd789bd7304e012,Rename Class,SyncTreeEntry,24,26,
22209a92c7755069f114e7c60bd789bd7304e012,Rename Class,SyncTreeEntry,24,26,
22209a92c7755069f114e7c60bd789bd7304e012,Rename Class,SyncTreeEntry,24,26,
22209a92c7755069f114e7c60bd789bd7304e012,Rename Class,SyncTreeEntry,24,26,
22209a92c7755069f114e7c60bd789bd7304e012,Rename Class,SyncTreeEntry,24,26,
22209a92c7755069f114e7c60bd789bd7304e012,Rename Class,SyncTreeEntry,24,26,
22209a92c7755069f114e7c60bd789bd7304e012,Rename Class,SyncTreeEntry,24,26,
22209a92c7755069f114e7c60bd789bd7304e012,Rename Class,SyncTreeEntry,24,26,
22209a92c7755069f114e7c60bd789bd7304e012,Rename Class,SyncTreeEntry,24,26,
22209a92c7755069f114e7c60bd789bd7304e012,Rename Class,SyncTreeEntry,24,26,
22209a92c7755069f114e7c60bd789bd7304e012,Rename Class,SyncTreeEntry,24,26,
22209a92c7755069f114e7c60bd789bd7304e012,Rename Class,SyncTreeEntry,24,26,
22209a92c7755069f114e7c60bd789bd7304e012,Rename Class,SyncTreeEntry,24,26,
22209a92c7755069f114e7c60bd789bd7304e012,Rename Class,SyncTreeEntry,24,26,
22209a92c7755069f114e7c60bd789bd7304e012,Rename Class,SyncTreeEntry,24,26,
22209a92c7755069f114e7c60bd789bd7304e012,Rename Class,SyncTreeEntry,24,26,
22209a92c7755069f114e7c60bd789bd7304e012,Rename Class,SyncTreeEntry,24,26,
22209a92c7755069f114e7c60bd789bd7304e012,Rename Class,SyncTreeEntry,24,26,
22209a92c7755069f114e7c60bd789bd7304e012,Rename Class,SyncTreeEntry,24,26,
22209a92c7755069f114e7c60bd789bd7304e012,Rename Class,SyncTreeEntry,24,26,
22209a92c7755069f114e7c60bd789bd7304e012,Rename Class,SyncTreeEntry,24,26,
22209a92c7755069f114e7c60bd789bd7304e012,Rename Class,SyncTreeEntry,24,26,
22209a92c7755069f114e7c60bd789bd7304e012,Rename Class,SyncTreeEntry,24,26,
22209a92c7755069f114e7c60bd789bd7304e012,Rename Class,SyncTreeEntry,24,26,
22209a92c7755069f114e7c60bd789bd7304e012,Rename Class,SyncTreeEntry,24,26,
22209a92c7755069f114e7c60bd789bd7304e012,Rename Class,SyncTreeEntry,24,26,
22209a92c7755069f114e7c60bd789bd7304e012,Rename Class,SyncTreeEntry,24,26,
272cbe341b5760665217d7b716c41893ca0cc268,Rename Method,ProtocolBasedSyncMonitor,119,121,
272cbe341b5760665217d7b716c41893ca0cc268,Rename Method,ProtocolBasedSyncMonitor,119,121,
b9e676e54bb5659cc4cee4f5c22aed57594f1a0d,Rename Method,ProtocolBasedSyncMonitor,122,123,
b9e676e54bb5659cc4cee4f5c22aed57594f1a0d,Rename Method,ProtocolBasedSyncMonitor,122,123,
b9e676e54bb5659cc4cee4f5c22aed57594f1a0d,Rename Method,ProtocolBasedSyncMonitor,122,123,
b9e676e54bb5659cc4cee4f5c22aed57594f1a0d,Rename Method,ProtocolBasedSyncMonitor,122,123,
b9e676e54bb5659cc4cee4f5c22aed57594f1a0d,Rename Method,ProtocolBasedSyncMonitor,122,123,
b9e676e54bb5659cc4cee4f5c22aed57594f1a0d,Rename Method,ProtocolBasedSyncMonitor,122,123,
b9e676e54bb5659cc4cee4f5c22aed57594f1a0d,Rename Method,ProtocolBasedSyncMonitor,122,123,
b9e676e54bb5659cc4cee4f5c22aed57594f1a0d,Rename Method,ProtocolBasedSyncMonitor,122,123,
b9e676e54bb5659cc4cee4f5c22aed57594f1a0d,Rename Method,ProtocolBasedSyncMonitor,122,123,
254b089d8147de80e0b1b0c248278735fa125528,Extract Variable,ProtocolBasedSyncMonitor,161,162,
4725cc396612198a8f7a34ff71653a6db6f795c6,Add Thrown Exception Type,CCNSync,59,71,
4725cc396612198a8f7a34ff71653a6db6f795c6,Add Thrown Exception Type,CCNSync,59,71,
4725cc396612198a8f7a34ff71653a6db6f795c6,Add Thrown Exception Type,CCNSync,59,71,
4725cc396612198a8f7a34ff71653a6db6f795c6,Add Thrown Exception Type,CCNSync,59,71,
4725cc396612198a8f7a34ff71653a6db6f795c6,Add Thrown Exception Type,CCNSync,59,71,
4725cc396612198a8f7a34ff71653a6db6f795c6,Add Thrown Exception Type,CCNSync,59,71,
4725cc396612198a8f7a34ff71653a6db6f795c6,Add Thrown Exception Type,CCNSync,59,71,
4725cc396612198a8f7a34ff71653a6db6f795c6,Add Thrown Exception Type,CCNSync,59,71,
4725cc396612198a8f7a34ff71653a6db6f795c6,Add Thrown Exception Type,CCNSync,59,71,
4725cc396612198a8f7a34ff71653a6db6f795c6,Add Thrown Exception Type,CCNSync,59,71,
55136d187c9cf964005e8b62c6a276a8bb2f07c3,Encapsulate Attribute,BinaryXMLDecoder,217,221,
a11122d86d22806f1e9a7da39d6cd996cde5eeb1,Extract Method,ccndcontrol,259,259,
df6035309ecc111314a745003ac99c1296e2bf74,Extract Method,Controller,123,329,
bb0fae905663ed5e652275992ad0ff54bc8cf201,Inline Variable,CCNDCacheManager,37,52,
bb0fae905663ed5e652275992ad0ff54bc8cf201,Inline Variable,CCNDCacheManager,37,52,
bb0fae905663ed5e652275992ad0ff54bc8cf201,Inline Variable,CCNDCacheManager,37,52,
bb0fae905663ed5e652275992ad0ff54bc8cf201,Inline Variable,CCNDCacheManager,37,52,
1983bd89b0fcdad993fe3e6174b88b4d69518272,Rename Attribute,CCNxServiceControl,38,38,
051cf3d0be95e93272118b1126109906377ba2a7,Extract Method,Controller,87,248,
8a7b1e5cfda92180f751df8ee527ac5c24b76dc9,Rename Method,CCNxServiceControl,166,173,
8a7b1e5cfda92180f751df8ee527ac5c24b76dc9,Rename Method,CCNxServiceControl,166,173,
8a7b1e5cfda92180f751df8ee527ac5c24b76dc9,Rename Method,CCNxServiceControl,166,173,
8a7b1e5cfda92180f751df8ee527ac5c24b76dc9,Rename Method,CCNxServiceControl,166,173,
8a7b1e5cfda92180f751df8ee527ac5c24b76dc9,Rename Method,CCNxServiceControl,166,173,
8a7b1e5cfda92180f751df8ee527ac5c24b76dc9,Rename Method,CCNxServiceControl,166,173,
8a7b1e5cfda92180f751df8ee527ac5c24b76dc9,Rename Method,CCNxServiceControl,166,173,
8a7b1e5cfda92180f751df8ee527ac5c24b76dc9,Rename Method,CCNxServiceControl,166,173,
8a7b1e5cfda92180f751df8ee527ac5c24b76dc9,Rename Method,CCNxServiceControl,166,173,
65035ed118df0bb43a254627cd44d9c4f01a724f,Change Parameter Type,BinaryXMLDecoder,334,334,
65035ed118df0bb43a254627cd44d9c4f01a724f,Change Parameter Type,BinaryXMLDecoder,334,334,
65035ed118df0bb43a254627cd44d9c4f01a724f,Change Parameter Type,BinaryXMLDecoder,334,334,
65035ed118df0bb43a254627cd44d9c4f01a724f,Change Parameter Type,BinaryXMLDecoder,334,334,
65035ed118df0bb43a254627cd44d9c4f01a724f,Change Parameter Type,BinaryXMLDecoder,334,334,
65035ed118df0bb43a254627cd44d9c4f01a724f,Change Parameter Type,BinaryXMLDecoder,334,334,
65035ed118df0bb43a254627cd44d9c4f01a724f,Change Parameter Type,BinaryXMLDecoder,334,334,
b6148152372a134ba693a16ca0e07a22bced40d6,Add Parameter,ccnjavasyncwatch,19,19,
f33da43a60c4c667809828b151a9f107c2208809,Remove Method Annotation,FileBasedSyncMonitor,301,302,
f33da43a60c4c667809828b151a9f107c2208809,Remove Method Annotation,FileBasedSyncMonitor,301,302,
f33da43a60c4c667809828b151a9f107c2208809,Remove Method Annotation,FileBasedSyncMonitor,301,302,
d87533a7b59d3cf1cc008154d6910142feb430ba,Remove Method Annotation,ccnsync,18,18,
d87533a7b59d3cf1cc008154d6910142feb430ba,Remove Method Annotation,ccnsync,18,18,
42111c88110bf0b49246e0ad2005e24025c68a12,Add Thrown Exception Type,CCNSync,18,19,
42111c88110bf0b49246e0ad2005e24025c68a12,Add Thrown Exception Type,CCNSync,18,19,
42111c88110bf0b49246e0ad2005e24025c68a12,Add Thrown Exception Type,CCNSync,18,19,
42111c88110bf0b49246e0ad2005e24025c68a12,Add Thrown Exception Type,CCNSync,18,19,
42111c88110bf0b49246e0ad2005e24025c68a12,Add Thrown Exception Type,CCNSync,18,19,
e01a409ee225d32c54e772c58ae60595de134cc4,Change Return Type,ConfigSlice,204,210,
9965da352cc4059720af94c36599b3c96d730512,Extract Method,CommonArguments,31,36,
9965da352cc4059720af94c36599b3c96d730512,Extract Method,CommonArguments,31,36,
8ad78b64e339a360482425ac2d10a206fbe3b23f,Add Parameter,ContentExplorer,1011,1023,
8ad78b64e339a360482425ac2d10a206fbe3b23f,Add Parameter,ContentExplorer,1011,1023,
8ad78b64e339a360482425ac2d10a206fbe3b23f,Add Parameter,ContentExplorer,1011,1023,
8ad78b64e339a360482425ac2d10a206fbe3b23f,Add Parameter,ContentExplorer,1011,1023,
8ad78b64e339a360482425ac2d10a206fbe3b23f,Add Parameter,ContentExplorer,1011,1023,
