b42fda8ea15d60f186181c4070ed85d2330b6baa,Add Thrown Exception Type,ResourceService,51,61,
b42fda8ea15d60f186181c4070ed85d2330b6baa,Add Thrown Exception Type,ResourceService,51,61,
4ad8845b286f7f2f336d37ee9f2504df677b6dab,Rename Variable,NetworkManagerImpl,6499,6499,
4ad8845b286f7f2f336d37ee9f2504df677b6dab,Rename Variable,NetworkManagerImpl,6499,6499,
0e3bf8cabb845bf10005f5fe3320544f596344ff,Extract Method,NetconfHelper,69,185,
0e3bf8cabb845bf10005f5fe3320544f596344ff,Extract Method,NetconfHelper,69,185,
0e3bf8cabb845bf10005f5fe3320544f596344ff,Extract Method,NetconfHelper,69,185,
0e3bf8cabb845bf10005f5fe3320544f596344ff,Extract Method,NetconfHelper,69,185,
0e3bf8cabb845bf10005f5fe3320544f596344ff,Extract Method,NetconfHelper,69,185,
0e3bf8cabb845bf10005f5fe3320544f596344ff,Extract Method,NetconfHelper,69,185,
0e3bf8cabb845bf10005f5fe3320544f596344ff,Extract Method,NetconfHelper,69,185,
0e3bf8cabb845bf10005f5fe3320544f596344ff,Extract Method,NetconfHelper,69,185,
0e3bf8cabb845bf10005f5fe3320544f596344ff,Extract Method,NetconfHelper,69,185,
ab768f03fd64ffd67ec9c45afd4f353fcf4af67c,Add Parameter,HypervisorHostHelper,150,155,
ab768f03fd64ffd67ec9c45afd4f353fcf4af67c,Add Parameter,HypervisorHostHelper,150,155,
ab768f03fd64ffd67ec9c45afd4f353fcf4af67c,Add Parameter,HypervisorHostHelper,150,155,
ab768f03fd64ffd67ec9c45afd4f353fcf4af67c,Add Parameter,HypervisorHostHelper,150,155,
ab768f03fd64ffd67ec9c45afd4f353fcf4af67c,Add Parameter,HypervisorHostHelper,150,155,
8eff66578411974d8aa4f3b17826984588b79c2e,Extract Variable,VirtualMachineMO,2009,2010,
7f26a43d481a1f2f79713a5b0830c9a399927d2f,Modify Class Annotation,DisableCiscoNexusVSMCmd,40,40,
7f26a43d481a1f2f79713a5b0830c9a399927d2f,Modify Class Annotation,DisableCiscoNexusVSMCmd,40,40,
7f26a43d481a1f2f79713a5b0830c9a399927d2f,Modify Class Annotation,DisableCiscoNexusVSMCmd,40,40,
7f26a43d481a1f2f79713a5b0830c9a399927d2f,Modify Class Annotation,DisableCiscoNexusVSMCmd,40,40,
7f26a43d481a1f2f79713a5b0830c9a399927d2f,Modify Class Annotation,DisableCiscoNexusVSMCmd,40,40,
7f26a43d481a1f2f79713a5b0830c9a399927d2f,Modify Class Annotation,DisableCiscoNexusVSMCmd,40,40,
7f26a43d481a1f2f79713a5b0830c9a399927d2f,Modify Class Annotation,DisableCiscoNexusVSMCmd,40,40,
7f26a43d481a1f2f79713a5b0830c9a399927d2f,Modify Class Annotation,DisableCiscoNexusVSMCmd,40,40,
7f26a43d481a1f2f79713a5b0830c9a399927d2f,Modify Class Annotation,DisableCiscoNexusVSMCmd,40,40,
7f26a43d481a1f2f79713a5b0830c9a399927d2f,Modify Class Annotation,DisableCiscoNexusVSMCmd,40,40,
7f26a43d481a1f2f79713a5b0830c9a399927d2f,Modify Class Annotation,DisableCiscoNexusVSMCmd,40,40,
7f26a43d481a1f2f79713a5b0830c9a399927d2f,Modify Class Annotation,DisableCiscoNexusVSMCmd,40,40,
7f26a43d481a1f2f79713a5b0830c9a399927d2f,Modify Class Annotation,DisableCiscoNexusVSMCmd,40,40,
7f26a43d481a1f2f79713a5b0830c9a399927d2f,Modify Class Annotation,DisableCiscoNexusVSMCmd,40,40,
15d0cf782ad72e7cd7be68c3d40f3d500900f1a9,Remove Parameter,CiscoNexusVSMDeviceVO,244,209,
63de97e63ce8c7ca6147751d4a26fe66b3db102d,Modify Attribute Annotation,CiscoNexusVSMDeviceVO,67,67,
63de97e63ce8c7ca6147751d4a26fe66b3db102d,Modify Attribute Annotation,CiscoNexusVSMDeviceVO,67,67,
63de97e63ce8c7ca6147751d4a26fe66b3db102d,Modify Attribute Annotation,CiscoNexusVSMDeviceVO,67,67,
63de97e63ce8c7ca6147751d4a26fe66b3db102d,Modify Attribute Annotation,CiscoNexusVSMDeviceVO,67,67,
63de97e63ce8c7ca6147751d4a26fe66b3db102d,Modify Attribute Annotation,CiscoNexusVSMDeviceVO,67,67,
ed0ba1a0e66eb2a386177f37fe82ce38139a074a,Rename Class,ListCiscoNexusVSMsCmd,39,42,
ed0ba1a0e66eb2a386177f37fe82ce38139a074a,Rename Class,ListCiscoNexusVSMsCmd,39,42,
ed0ba1a0e66eb2a386177f37fe82ce38139a074a,Rename Class,ListCiscoNexusVSMsCmd,39,42,
ed0ba1a0e66eb2a386177f37fe82ce38139a074a,Rename Class,ListCiscoNexusVSMsCmd,39,42,
ed0ba1a0e66eb2a386177f37fe82ce38139a074a,Rename Class,ListCiscoNexusVSMsCmd,39,42,
5fc5b7a0eb523f9165912eae7d331bef958b7f3e,Change Return Type,NetconfHelper,183,183,
5fc5b7a0eb523f9165912eae7d331bef958b7f3e,Change Return Type,NetconfHelper,183,183,
5fc5b7a0eb523f9165912eae7d331bef958b7f3e,Change Return Type,NetconfHelper,183,183,
ffaa8cc20ada47eb3c94cc309feb0dc91014dc4c,Rename Class,ListCiscoVSMDetailsCmd,41,39,
ffaa8cc20ada47eb3c94cc309feb0dc91014dc4c,Rename Class,ListCiscoVSMDetailsCmd,41,39,
ffaa8cc20ada47eb3c94cc309feb0dc91014dc4c,Rename Class,ListCiscoVSMDetailsCmd,41,39,
ffaa8cc20ada47eb3c94cc309feb0dc91014dc4c,Rename Class,ListCiscoVSMDetailsCmd,41,39,
e7246847ac166a5d88b071641204a2639bb33183,Move Class,CiscoNexusVSMDevice,99,19,
e7246847ac166a5d88b071641204a2639bb33183,Move Class,CiscoNexusVSMDevice,99,19,
e7246847ac166a5d88b071641204a2639bb33183,Move Class,CiscoNexusVSMDevice,99,19,
e7246847ac166a5d88b071641204a2639bb33183,Move Class,CiscoNexusVSMDevice,99,19,
e7246847ac166a5d88b071641204a2639bb33183,Move Class,CiscoNexusVSMDevice,99,19,
e7246847ac166a5d88b071641204a2639bb33183,Move Class,CiscoNexusVSMDevice,99,19,
e7246847ac166a5d88b071641204a2639bb33183,Move Class,CiscoNexusVSMDevice,99,19,
e7246847ac166a5d88b071641204a2639bb33183,Move Class,CiscoNexusVSMDevice,99,19,
e7246847ac166a5d88b071641204a2639bb33183,Move Class,CiscoNexusVSMDevice,99,19,
e7246847ac166a5d88b071641204a2639bb33183,Move Class,CiscoNexusVSMDevice,99,19,
3006bed6df1b9228f06d7b32d914e6f232b70345,Rename Method,NetconfHelper,211,255,
3006bed6df1b9228f06d7b32d914e6f232b70345,Rename Method,NetconfHelper,211,255,
3006bed6df1b9228f06d7b32d914e6f232b70345,Rename Method,NetconfHelper,211,255,
3006bed6df1b9228f06d7b32d914e6f232b70345,Rename Method,NetconfHelper,211,255,
3006bed6df1b9228f06d7b32d914e6f232b70345,Rename Method,NetconfHelper,211,255,
3006bed6df1b9228f06d7b32d914e6f232b70345,Rename Method,NetconfHelper,211,255,
3006bed6df1b9228f06d7b32d914e6f232b70345,Rename Method,NetconfHelper,211,255,
3006bed6df1b9228f06d7b32d914e6f232b70345,Rename Method,NetconfHelper,211,255,
3006bed6df1b9228f06d7b32d914e6f232b70345,Rename Method,NetconfHelper,211,255,
3006bed6df1b9228f06d7b32d914e6f232b70345,Rename Method,NetconfHelper,211,255,
3006bed6df1b9228f06d7b32d914e6f232b70345,Rename Method,NetconfHelper,211,255,
3006bed6df1b9228f06d7b32d914e6f232b70345,Rename Method,NetconfHelper,211,255,
3006bed6df1b9228f06d7b32d914e6f232b70345,Rename Method,NetconfHelper,211,255,
3006bed6df1b9228f06d7b32d914e6f232b70345,Rename Method,NetconfHelper,211,255,
3006bed6df1b9228f06d7b32d914e6f232b70345,Rename Method,NetconfHelper,211,255,
3006bed6df1b9228f06d7b32d914e6f232b70345,Rename Method,NetconfHelper,211,255,
3006bed6df1b9228f06d7b32d914e6f232b70345,Rename Method,NetconfHelper,211,255,
c08716db0031c6391b5f25e9c30199319f909435,Encapsulate Attribute,CiscoNexusVSMResponse,40,34,
c65199cd8cd7c68c0c8da163b1656292fabd3301,Rename Variable,VmwareResource,1477,1477,
c65199cd8cd7c68c0c8da163b1656292fabd3301,Rename Variable,VmwareResource,1477,1477,
c65199cd8cd7c68c0c8da163b1656292fabd3301,Rename Variable,VmwareResource,1477,1477,
c65199cd8cd7c68c0c8da163b1656292fabd3301,Rename Variable,VmwareResource,1477,1477,
c65199cd8cd7c68c0c8da163b1656292fabd3301,Rename Variable,VmwareResource,1477,1477,
9709774b4b0afbcf2536b52931c39f222c8017f7,Remove Parameter,DatacenterMO,398,398,
f774ef7415f751a99fd45ff6265ef50ae53dca80,Add Class Annotation,GetCiscoVSMByClusterIdCmd,11,41,
f774ef7415f751a99fd45ff6265ef50ae53dca80,Add Class Annotation,GetCiscoVSMByClusterIdCmd,11,41,
c59d5415adc881abffa623d54c5b41d54c0a74cc,Encapsulate Attribute,VmwareManagerImpl,133,133,
c59d5415adc881abffa623d54c5b41d54c0a74cc,Encapsulate Attribute,VmwareManagerImpl,133,133,
c59d5415adc881abffa623d54c5b41d54c0a74cc,Encapsulate Attribute,VmwareManagerImpl,133,133,
c59d5415adc881abffa623d54c5b41d54c0a74cc,Encapsulate Attribute,VmwareManagerImpl,133,133,
c59d5415adc881abffa623d54c5b41d54c0a74cc,Encapsulate Attribute,VmwareManagerImpl,133,133,
b6687faf89958d29fa7ab01b5f88cdb60b042ccf,Change Attribute Type,VmwareManagerImpl,135,136,
b6687faf89958d29fa7ab01b5f88cdb60b042ccf,Change Attribute Type,VmwareManagerImpl,135,136,
b6687faf89958d29fa7ab01b5f88cdb60b042ccf,Change Attribute Type,VmwareManagerImpl,135,136,
b6687faf89958d29fa7ab01b5f88cdb60b042ccf,Change Attribute Type,VmwareManagerImpl,135,136,
b6687faf89958d29fa7ab01b5f88cdb60b042ccf,Change Attribute Type,VmwareManagerImpl,135,136,
b6687faf89958d29fa7ab01b5f88cdb60b042ccf,Change Attribute Type,VmwareManagerImpl,135,136,
8d1b9c24779636b762336ab2be6030b4632ea500,Add Parameter,VsmCommand,224,224,
8d1b9c24779636b762336ab2be6030b4632ea500,Add Parameter,VsmCommand,224,224,
8d1b9c24779636b762336ab2be6030b4632ea500,Add Parameter,VsmCommand,224,224,
8d1b9c24779636b762336ab2be6030b4632ea500,Add Parameter,VsmCommand,224,224,
ec19facd3094de7ad9bcd7de7fb8419f9adb95f0,Remove Parameter,NetconfHelper,68,67,
ec19facd3094de7ad9bcd7de7fb8419f9adb95f0,Remove Parameter,NetconfHelper,68,67,
aa1f26cb00d2fe1f994b481bb70c5f2d8267c6d9,Rename Parameter,HypervisorHostHelper,295,299,
aa1f26cb00d2fe1f994b481bb70c5f2d8267c6d9,Rename Parameter,HypervisorHostHelper,295,299,
aa1f26cb00d2fe1f994b481bb70c5f2d8267c6d9,Rename Parameter,HypervisorHostHelper,295,299,
aa1f26cb00d2fe1f994b481bb70c5f2d8267c6d9,Rename Parameter,HypervisorHostHelper,295,299,
aa1f26cb00d2fe1f994b481bb70c5f2d8267c6d9,Rename Parameter,HypervisorHostHelper,295,299,
aa1f26cb00d2fe1f994b481bb70c5f2d8267c6d9,Rename Parameter,HypervisorHostHelper,295,299,
aa1f26cb00d2fe1f994b481bb70c5f2d8267c6d9,Rename Parameter,HypervisorHostHelper,295,299,
76e1d338f390a8dd7fe93a4b7938895df4cdaa84,Add Parameter,NetconfHelper,65,68,
76e1d338f390a8dd7fe93a4b7938895df4cdaa84,Add Parameter,NetconfHelper,65,68,
76e1d338f390a8dd7fe93a4b7938895df4cdaa84,Add Parameter,NetconfHelper,65,68,
76e1d338f390a8dd7fe93a4b7938895df4cdaa84,Add Parameter,NetconfHelper,65,68,
76e1d338f390a8dd7fe93a4b7938895df4cdaa84,Add Parameter,NetconfHelper,65,68,
76e1d338f390a8dd7fe93a4b7938895df4cdaa84,Add Parameter,NetconfHelper,65,68,
76e1d338f390a8dd7fe93a4b7938895df4cdaa84,Add Parameter,NetconfHelper,65,68,
76e1d338f390a8dd7fe93a4b7938895df4cdaa84,Add Parameter,NetconfHelper,65,68,
781f0b4966a039f434d954ef125661b6071bbcd3,Move And Rename Class,PortProfileVO,61,79,
4ff2893ffcbf3d618450770698874881ee931fc7,Add Thrown Exception Type,NetconfHelper,59,51,
4ff2893ffcbf3d618450770698874881ee931fc7,Add Thrown Exception Type,NetconfHelper,59,51,
4ff2893ffcbf3d618450770698874881ee931fc7,Add Thrown Exception Type,NetconfHelper,59,51,
4ff2893ffcbf3d618450770698874881ee931fc7,Add Thrown Exception Type,NetconfHelper,59,51,
4ff2893ffcbf3d618450770698874881ee931fc7,Add Thrown Exception Type,NetconfHelper,59,51,
4ff2893ffcbf3d618450770698874881ee931fc7,Add Thrown Exception Type,NetconfHelper,59,51,
4ff2893ffcbf3d618450770698874881ee931fc7,Add Thrown Exception Type,NetconfHelper,59,51,
4ff2893ffcbf3d618450770698874881ee931fc7,Add Thrown Exception Type,NetconfHelper,59,51,
4ff2893ffcbf3d618450770698874881ee931fc7,Add Thrown Exception Type,NetconfHelper,59,51,
4ff2893ffcbf3d618450770698874881ee931fc7,Add Thrown Exception Type,NetconfHelper,59,51,
4ff2893ffcbf3d618450770698874881ee931fc7,Add Thrown Exception Type,NetconfHelper,59,51,
4ff2893ffcbf3d618450770698874881ee931fc7,Add Thrown Exception Type,NetconfHelper,59,51,
4ff2893ffcbf3d618450770698874881ee931fc7,Add Thrown Exception Type,NetconfHelper,59,51,
4ff2893ffcbf3d618450770698874881ee931fc7,Add Thrown Exception Type,NetconfHelper,59,51,
4ff2893ffcbf3d618450770698874881ee931fc7,Add Thrown Exception Type,NetconfHelper,59,51,
4ff2893ffcbf3d618450770698874881ee931fc7,Add Thrown Exception Type,NetconfHelper,59,51,
4ff2893ffcbf3d618450770698874881ee931fc7,Add Thrown Exception Type,NetconfHelper,59,51,
4ff2893ffcbf3d618450770698874881ee931fc7,Add Thrown Exception Type,NetconfHelper,59,51,
4ff2893ffcbf3d618450770698874881ee931fc7,Add Thrown Exception Type,NetconfHelper,59,51,
4ff2893ffcbf3d618450770698874881ee931fc7,Add Thrown Exception Type,NetconfHelper,59,51,
4ff2893ffcbf3d618450770698874881ee931fc7,Add Thrown Exception Type,NetconfHelper,59,51,
4ff2893ffcbf3d618450770698874881ee931fc7,Add Thrown Exception Type,NetconfHelper,59,51,
4ff2893ffcbf3d618450770698874881ee931fc7,Add Thrown Exception Type,NetconfHelper,59,51,
4ff2893ffcbf3d618450770698874881ee931fc7,Add Thrown Exception Type,NetconfHelper,59,51,
4ff2893ffcbf3d618450770698874881ee931fc7,Add Thrown Exception Type,NetconfHelper,59,51,
4ff2893ffcbf3d618450770698874881ee931fc7,Add Thrown Exception Type,NetconfHelper,59,51,
4ff2893ffcbf3d618450770698874881ee931fc7,Add Thrown Exception Type,NetconfHelper,59,51,
4ff2893ffcbf3d618450770698874881ee931fc7,Add Thrown Exception Type,NetconfHelper,59,51,
4ff2893ffcbf3d618450770698874881ee931fc7,Add Thrown Exception Type,NetconfHelper,59,51,
0f28222ccea1a7bd9aa126c22aee1323eb7e731c,Rename Parameter,CiscoNexusVSMElementService,68,82,
037ac6592e7fa8737a8b21839caf3169c9bcee2a,Rename Attribute,CiscoNexusVSMResponse,50,50,
037ac6592e7fa8737a8b21839caf3169c9bcee2a,Rename Attribute,CiscoNexusVSMResponse,50,50,
037ac6592e7fa8737a8b21839caf3169c9bcee2a,Rename Attribute,CiscoNexusVSMResponse,50,50,
037ac6592e7fa8737a8b21839caf3169c9bcee2a,Rename Attribute,CiscoNexusVSMResponse,50,50,
037ac6592e7fa8737a8b21839caf3169c9bcee2a,Rename Attribute,CiscoNexusVSMResponse,50,50,
037ac6592e7fa8737a8b21839caf3169c9bcee2a,Rename Attribute,CiscoNexusVSMResponse,50,50,
037ac6592e7fa8737a8b21839caf3169c9bcee2a,Rename Attribute,CiscoNexusVSMResponse,50,50,
037ac6592e7fa8737a8b21839caf3169c9bcee2a,Rename Attribute,CiscoNexusVSMResponse,50,50,
037ac6592e7fa8737a8b21839caf3169c9bcee2a,Rename Attribute,CiscoNexusVSMResponse,50,50,
037ac6592e7fa8737a8b21839caf3169c9bcee2a,Rename Attribute,CiscoNexusVSMResponse,50,50,
037ac6592e7fa8737a8b21839caf3169c9bcee2a,Rename Attribute,CiscoNexusVSMResponse,50,50,
037ac6592e7fa8737a8b21839caf3169c9bcee2a,Rename Attribute,CiscoNexusVSMResponse,50,50,
037ac6592e7fa8737a8b21839caf3169c9bcee2a,Rename Attribute,CiscoNexusVSMResponse,50,50,
037ac6592e7fa8737a8b21839caf3169c9bcee2a,Rename Attribute,CiscoNexusVSMResponse,50,50,
037ac6592e7fa8737a8b21839caf3169c9bcee2a,Rename Attribute,CiscoNexusVSMResponse,50,50,
037ac6592e7fa8737a8b21839caf3169c9bcee2a,Rename Attribute,CiscoNexusVSMResponse,50,50,
037ac6592e7fa8737a8b21839caf3169c9bcee2a,Rename Attribute,CiscoNexusVSMResponse,50,50,
037ac6592e7fa8737a8b21839caf3169c9bcee2a,Rename Attribute,CiscoNexusVSMResponse,50,50,
037ac6592e7fa8737a8b21839caf3169c9bcee2a,Rename Attribute,CiscoNexusVSMResponse,50,50,
037ac6592e7fa8737a8b21839caf3169c9bcee2a,Rename Attribute,CiscoNexusVSMResponse,50,50,
037ac6592e7fa8737a8b21839caf3169c9bcee2a,Rename Attribute,CiscoNexusVSMResponse,50,50,
037ac6592e7fa8737a8b21839caf3169c9bcee2a,Rename Attribute,CiscoNexusVSMResponse,50,50,
037ac6592e7fa8737a8b21839caf3169c9bcee2a,Rename Attribute,CiscoNexusVSMResponse,50,50,
037ac6592e7fa8737a8b21839caf3169c9bcee2a,Rename Attribute,CiscoNexusVSMResponse,50,50,
037ac6592e7fa8737a8b21839caf3169c9bcee2a,Rename Attribute,CiscoNexusVSMResponse,50,50,
037ac6592e7fa8737a8b21839caf3169c9bcee2a,Rename Attribute,CiscoNexusVSMResponse,50,50,
037ac6592e7fa8737a8b21839caf3169c9bcee2a,Rename Attribute,CiscoNexusVSMResponse,50,50,
441a811927156017da420564cfc4b041255fb242,Change Return Type,NetconfHelper,170,168,
441a811927156017da420564cfc4b041255fb242,Change Return Type,NetconfHelper,170,168,
441a811927156017da420564cfc4b041255fb242,Change Return Type,NetconfHelper,170,168,
ab957b8928a8bdf1c08197cf8ad57c3577140227,Modify Attribute Annotation,AddCiscoNexusVSMCmd,57,57,
1198a624537bac179c25c544314edd84c4f64422,Rename Method,CiscoNexusVSM,91,88,
1198a624537bac179c25c544314edd84c4f64422,Rename Method,CiscoNexusVSM,91,88,
1198a624537bac179c25c544314edd84c4f64422,Rename Method,CiscoNexusVSM,91,88,
7380f52f129b9f045d18cb2c23f826c877b703ab,Modify Attribute Annotation,AddCiscoNexusVSMCmd,53,53,
7380f52f129b9f045d18cb2c23f826c877b703ab,Modify Attribute Annotation,AddCiscoNexusVSMCmd,53,53,
7380f52f129b9f045d18cb2c23f826c877b703ab,Modify Attribute Annotation,AddCiscoNexusVSMCmd,53,53,
7380f52f129b9f045d18cb2c23f826c877b703ab,Modify Attribute Annotation,AddCiscoNexusVSMCmd,53,53,
7380f52f129b9f045d18cb2c23f826c877b703ab,Modify Attribute Annotation,AddCiscoNexusVSMCmd,53,53,
7380f52f129b9f045d18cb2c23f826c877b703ab,Modify Attribute Annotation,AddCiscoNexusVSMCmd,53,53,
7380f52f129b9f045d18cb2c23f826c877b703ab,Modify Attribute Annotation,AddCiscoNexusVSMCmd,53,53,
a940d962cabf8f732394eb0d4b15e9c4c58b6ae0,Rename Parameter,CiscoNexusVSMDeviceManagerImpl,228,268,
a940d962cabf8f732394eb0d4b15e9c4c58b6ae0,Rename Parameter,CiscoNexusVSMDeviceManagerImpl,228,268,
a940d962cabf8f732394eb0d4b15e9c4c58b6ae0,Rename Parameter,CiscoNexusVSMDeviceManagerImpl,228,268,
a940d962cabf8f732394eb0d4b15e9c4c58b6ae0,Rename Parameter,CiscoNexusVSMDeviceManagerImpl,228,268,
a940d962cabf8f732394eb0d4b15e9c4c58b6ae0,Rename Parameter,CiscoNexusVSMDeviceManagerImpl,228,268,
a940d962cabf8f732394eb0d4b15e9c4c58b6ae0,Rename Parameter,CiscoNexusVSMDeviceManagerImpl,228,268,
a940d962cabf8f732394eb0d4b15e9c4c58b6ae0,Rename Parameter,CiscoNexusVSMDeviceManagerImpl,228,268,
a940d962cabf8f732394eb0d4b15e9c4c58b6ae0,Rename Parameter,CiscoNexusVSMDeviceManagerImpl,228,268,
a940d962cabf8f732394eb0d4b15e9c4c58b6ae0,Rename Parameter,CiscoNexusVSMDeviceManagerImpl,228,268,
a940d962cabf8f732394eb0d4b15e9c4c58b6ae0,Rename Parameter,CiscoNexusVSMDeviceManagerImpl,228,268,
a940d962cabf8f732394eb0d4b15e9c4c58b6ae0,Rename Parameter,CiscoNexusVSMDeviceManagerImpl,228,268,
a940d962cabf8f732394eb0d4b15e9c4c58b6ae0,Rename Parameter,CiscoNexusVSMDeviceManagerImpl,228,268,
a940d962cabf8f732394eb0d4b15e9c4c58b6ae0,Rename Parameter,CiscoNexusVSMDeviceManagerImpl,228,268,
28568e694bbd1bafcfb37ca2d74179dead3ab901,Rename Method,AddCiscoNexusVSMCmd,89,89,
28568e694bbd1bafcfb37ca2d74179dead3ab901,Rename Method,AddCiscoNexusVSMCmd,89,89,
28568e694bbd1bafcfb37ca2d74179dead3ab901,Rename Method,AddCiscoNexusVSMCmd,89,89,
28568e694bbd1bafcfb37ca2d74179dead3ab901,Rename Method,AddCiscoNexusVSMCmd,89,89,
b0facd16e48067258c738933dd091abc6e61c84d,Add Method Annotation,CiscoNexusVSMElement,74,161,
b0facd16e48067258c738933dd091abc6e61c84d,Add Method Annotation,CiscoNexusVSMElement,74,161,
b0facd16e48067258c738933dd091abc6e61c84d,Add Method Annotation,CiscoNexusVSMElement,74,161,
b0facd16e48067258c738933dd091abc6e61c84d,Add Method Annotation,CiscoNexusVSMElement,74,161,
b0facd16e48067258c738933dd091abc6e61c84d,Add Method Annotation,CiscoNexusVSMElement,74,161,
b0facd16e48067258c738933dd091abc6e61c84d,Add Method Annotation,CiscoNexusVSMElement,74,161,
32ba2ef17ab3d13f8071e69a19e3439456fa2506,Rename Attribute,EventTypes,243,243,
32ba2ef17ab3d13f8071e69a19e3439456fa2506,Rename Attribute,EventTypes,243,243,
32ba2ef17ab3d13f8071e69a19e3439456fa2506,Rename Attribute,EventTypes,243,243,
32ba2ef17ab3d13f8071e69a19e3439456fa2506,Rename Attribute,EventTypes,243,243,
32ba2ef17ab3d13f8071e69a19e3439456fa2506,Rename Attribute,EventTypes,243,243,
1e84fa4b12d0e88f6b0da804ae47acf992e4cc8b,Extract And Move Method,VmwareStorageManagerImpl,152,68,
1e84fa4b12d0e88f6b0da804ae47acf992e4cc8b,Extract And Move Method,VmwareStorageManagerImpl,152,68,
b6e5530a0b019e6a435b04d7e027be12cfba17ec,Change Return Type,VmwareResource,1683,1685,
b6e5530a0b019e6a435b04d7e027be12cfba17ec,Change Return Type,VmwareResource,1683,1685,
b6e5530a0b019e6a435b04d7e027be12cfba17ec,Change Return Type,VmwareResource,1683,1685,
3d7d23d84cc8fa8762cee7a123c94da412bc3a45,Inline Variable,Request,262,272,
a4b0759c5267c74aceb543bdde6919b6b046144f,Remove Method Annotation,NetworkManagerImpl,974,980,
a4b0759c5267c74aceb543bdde6919b6b046144f,Remove Method Annotation,NetworkManagerImpl,974,980,
a4b0759c5267c74aceb543bdde6919b6b046144f,Remove Method Annotation,NetworkManagerImpl,974,980,
a4b0759c5267c74aceb543bdde6919b6b046144f,Remove Method Annotation,NetworkManagerImpl,974,980,
a4b0759c5267c74aceb543bdde6919b6b046144f,Remove Method Annotation,NetworkManagerImpl,974,980,
a4b0759c5267c74aceb543bdde6919b6b046144f,Remove Method Annotation,NetworkManagerImpl,974,980,
a4b0759c5267c74aceb543bdde6919b6b046144f,Remove Method Annotation,NetworkManagerImpl,974,980,
a4b0759c5267c74aceb543bdde6919b6b046144f,Remove Method Annotation,NetworkManagerImpl,974,980,
a4adc25295fdb2a12055cabc81e4d336b541d830,Modify Method Annotation,StorageManagerImpl,1695,1694,
c86d110933dee2a858d651156b579a1eb969ba9a,Modify Class Annotation,UpdateVMCmd,28,29,
14bdaab5690529db8a6634bcb4bd348a02db672a,Modify Attribute Annotation,TemplateResponse,91,91,
bb7109b4b6d22f32df0df7ce7136e76ac3936be3,Modify Attribute Annotation,RegisterSSHKeyPairCmd,39,39,
e8a5d51da7896c1e514b9392cdc9d6961b836f6a,Encapsulate Attribute,ConsoleAccessAuthenticationAnswer,17,17,
e8a5d51da7896c1e514b9392cdc9d6961b836f6a,Encapsulate Attribute,ConsoleAccessAuthenticationAnswer,17,17,
e8a5d51da7896c1e514b9392cdc9d6961b836f6a,Encapsulate Attribute,ConsoleAccessAuthenticationAnswer,17,17,
e8a5d51da7896c1e514b9392cdc9d6961b836f6a,Encapsulate Attribute,ConsoleAccessAuthenticationAnswer,17,17,
e8a5d51da7896c1e514b9392cdc9d6961b836f6a,Encapsulate Attribute,ConsoleAccessAuthenticationAnswer,17,17,
26e78bd0b775f95190941d952e235bfc6b80b85e,Add Method Annotation,LibvirtVMDef,308,308,
26e78bd0b775f95190941d952e235bfc6b80b85e,Add Method Annotation,LibvirtVMDef,308,308,
d11dceaccc1a5c9cc120ac876f0140827fbc8950,Change Parameter Type,FirstFitAllocator,269,268,
d11dceaccc1a5c9cc120ac876f0140827fbc8950,Change Parameter Type,FirstFitAllocator,269,268,
d11dceaccc1a5c9cc120ac876f0140827fbc8950,Change Parameter Type,FirstFitAllocator,269,268,
d11dceaccc1a5c9cc120ac876f0140827fbc8950,Change Parameter Type,FirstFitAllocator,269,268,
d11dceaccc1a5c9cc120ac876f0140827fbc8950,Change Parameter Type,FirstFitAllocator,269,268,
d11dceaccc1a5c9cc120ac876f0140827fbc8950,Change Parameter Type,FirstFitAllocator,269,268,
d11dceaccc1a5c9cc120ac876f0140827fbc8950,Change Parameter Type,FirstFitAllocator,269,268,
d11dceaccc1a5c9cc120ac876f0140827fbc8950,Change Parameter Type,FirstFitAllocator,269,268,
d11dceaccc1a5c9cc120ac876f0140827fbc8950,Change Parameter Type,FirstFitAllocator,269,268,
d11dceaccc1a5c9cc120ac876f0140827fbc8950,Change Parameter Type,FirstFitAllocator,269,268,
7e0863555ba71c3279334d9faabace6491c42f10,Rename Variable,UserVmManagerImpl,556,556,
3b1aca19b39aa9b8051883f0435c5f9706eb578c,Add Class Annotation,NetscalerLoadBalancerResponse,20,24,
3b1aca19b39aa9b8051883f0435c5f9706eb578c,Add Class Annotation,NetscalerLoadBalancerResponse,20,24,
8a214f30667edefb7bec00bff5a2968c699d0080,Modify Attribute Annotation,TemplateResponse,91,91,
838d01754b8ea3d2261bb17b2a2abfaac4873965,Rename Attribute,Volume,36,35,
9097b53eabb863dc3dfd7c07ef0590959a70ec56,Add Parameter,VolumeHostVO,164,176,
9097b53eabb863dc3dfd7c07ef0590959a70ec56,Add Parameter,VolumeHostVO,164,176,
fe3200c72e448e54fb15b0d9b06324ed6661f978,Change Variable Type,CitrixResourceBase,4054,4064,
2bf0c7f7ffe0e3acd131a43bbd0a626b3c92a800,Inline Variable,OvsGuestNetworkGuru,76,74,
afb97f128b1d70ce0823968a5dae1f92ec6bccba,Add Parameter,ConfigurationManagerImpl,2427,2435,
afb97f128b1d70ce0823968a5dae1f92ec6bccba,Add Parameter,ConfigurationManagerImpl,2427,2435,
afb97f128b1d70ce0823968a5dae1f92ec6bccba,Add Parameter,ConfigurationManagerImpl,2427,2435,
afb97f128b1d70ce0823968a5dae1f92ec6bccba,Add Parameter,ConfigurationManagerImpl,2427,2435,
afb97f128b1d70ce0823968a5dae1f92ec6bccba,Add Parameter,ConfigurationManagerImpl,2427,2435,
a678988f33943d95cf1aacf1741cfed1138bc20a,Rename Parameter,NetworkManager,180,180,
a678988f33943d95cf1aacf1741cfed1138bc20a,Rename Parameter,NetworkManager,180,180,
026ed52f1de818d8578d489efb945bf31aad0c33,Rename Parameter,CitrixResourceBase,628,628,
f66dd8927e7e56212edd927af94a79377c71b84f,Change Return Type,OvsCreateTunnelAnswer,73,73,
f66dd8927e7e56212edd927af94a79377c71b84f,Change Return Type,OvsCreateTunnelAnswer,73,73,
ccbdee899c104a0a4017f217a2f55d7b4a021b3f,Extract Method,OvsTunnelManagerImpl,190,176,
ccbdee899c104a0a4017f217a2f55d7b4a021b3f,Extract Method,OvsTunnelManagerImpl,190,176,
e2cc2c1f6ec4bdcc9addf0c6893e29385fcdea61,Change Return Type,OvsDestroyBridgeCommand,30,32,
e2cc2c1f6ec4bdcc9addf0c6893e29385fcdea61,Change Return Type,OvsDestroyBridgeCommand,30,32,
e2cc2c1f6ec4bdcc9addf0c6893e29385fcdea61,Change Return Type,OvsDestroyBridgeCommand,30,32,
e2cc2c1f6ec4bdcc9addf0c6893e29385fcdea61,Change Return Type,OvsDestroyBridgeCommand,30,32,
e2cc2c1f6ec4bdcc9addf0c6893e29385fcdea61,Change Return Type,OvsDestroyBridgeCommand,30,32,
e2cc2c1f6ec4bdcc9addf0c6893e29385fcdea61,Change Return Type,OvsDestroyBridgeCommand,30,32,
e2cc2c1f6ec4bdcc9addf0c6893e29385fcdea61,Change Return Type,OvsDestroyBridgeCommand,30,32,
e2cc2c1f6ec4bdcc9addf0c6893e29385fcdea61,Change Return Type,OvsDestroyBridgeCommand,30,32,
e2cc2c1f6ec4bdcc9addf0c6893e29385fcdea61,Change Return Type,OvsDestroyBridgeCommand,30,32,
e2cc2c1f6ec4bdcc9addf0c6893e29385fcdea61,Change Return Type,OvsDestroyBridgeCommand,30,32,
e2cc2c1f6ec4bdcc9addf0c6893e29385fcdea61,Change Return Type,OvsDestroyBridgeCommand,30,32,
e2cc2c1f6ec4bdcc9addf0c6893e29385fcdea61,Change Return Type,OvsDestroyBridgeCommand,30,32,
e2cc2c1f6ec4bdcc9addf0c6893e29385fcdea61,Change Return Type,OvsDestroyBridgeCommand,30,32,
8987499cdaa74bcaa2b5fbda4d0c769a1ac3ad60,Change Return Type,OvsCreateTunnelCommand,41,41,
8987499cdaa74bcaa2b5fbda4d0c769a1ac3ad60,Change Return Type,OvsCreateTunnelCommand,41,41,
8987499cdaa74bcaa2b5fbda4d0c769a1ac3ad60,Change Return Type,OvsCreateTunnelCommand,41,41,
8987499cdaa74bcaa2b5fbda4d0c769a1ac3ad60,Change Return Type,OvsCreateTunnelCommand,41,41,
8987499cdaa74bcaa2b5fbda4d0c769a1ac3ad60,Change Return Type,OvsCreateTunnelCommand,41,41,
8987499cdaa74bcaa2b5fbda4d0c769a1ac3ad60,Change Return Type,OvsCreateTunnelCommand,41,41,
8987499cdaa74bcaa2b5fbda4d0c769a1ac3ad60,Change Return Type,OvsCreateTunnelCommand,41,41,
8987499cdaa74bcaa2b5fbda4d0c769a1ac3ad60,Change Return Type,OvsCreateTunnelCommand,41,41,
8987499cdaa74bcaa2b5fbda4d0c769a1ac3ad60,Change Return Type,OvsCreateTunnelCommand,41,41,
ac052ed4f0481bbd96725f0129d165e24ceadb34,Extract Variable,NetworkManagerImpl,4843,4826,
ac052ed4f0481bbd96725f0129d165e24ceadb34,Extract Variable,NetworkManagerImpl,4843,4826,
ac052ed4f0481bbd96725f0129d165e24ceadb34,Extract Variable,NetworkManagerImpl,4843,4826,
9f321ffeac9006b880d6927b2116d5e6b20f8b86,Rename Method,OvsCreateTunnelAnswer,57,57,
9f321ffeac9006b880d6927b2116d5e6b20f8b86,Rename Method,OvsCreateTunnelAnswer,57,57,
9f321ffeac9006b880d6927b2116d5e6b20f8b86,Rename Method,OvsCreateTunnelAnswer,57,57,
9f321ffeac9006b880d6927b2116d5e6b20f8b86,Rename Method,OvsCreateTunnelAnswer,57,57,
9f321ffeac9006b880d6927b2116d5e6b20f8b86,Rename Method,OvsCreateTunnelAnswer,57,57,
9f321ffeac9006b880d6927b2116d5e6b20f8b86,Rename Method,OvsCreateTunnelAnswer,57,57,
9f321ffeac9006b880d6927b2116d5e6b20f8b86,Rename Method,OvsCreateTunnelAnswer,57,57,
9f321ffeac9006b880d6927b2116d5e6b20f8b86,Rename Method,OvsCreateTunnelAnswer,57,57,
9f321ffeac9006b880d6927b2116d5e6b20f8b86,Rename Method,OvsCreateTunnelAnswer,57,57,
9f321ffeac9006b880d6927b2116d5e6b20f8b86,Rename Method,OvsCreateTunnelAnswer,57,57,
9f321ffeac9006b880d6927b2116d5e6b20f8b86,Rename Method,OvsCreateTunnelAnswer,57,57,
9f321ffeac9006b880d6927b2116d5e6b20f8b86,Rename Method,OvsCreateTunnelAnswer,57,57,
9f321ffeac9006b880d6927b2116d5e6b20f8b86,Rename Method,OvsCreateTunnelAnswer,57,57,
9f321ffeac9006b880d6927b2116d5e6b20f8b86,Rename Method,OvsCreateTunnelAnswer,57,57,
9f321ffeac9006b880d6927b2116d5e6b20f8b86,Rename Method,OvsCreateTunnelAnswer,57,57,
9f321ffeac9006b880d6927b2116d5e6b20f8b86,Rename Method,OvsCreateTunnelAnswer,57,57,
9f321ffeac9006b880d6927b2116d5e6b20f8b86,Rename Method,OvsCreateTunnelAnswer,57,57,
9f321ffeac9006b880d6927b2116d5e6b20f8b86,Rename Method,OvsCreateTunnelAnswer,57,57,
9f321ffeac9006b880d6927b2116d5e6b20f8b86,Rename Method,OvsCreateTunnelAnswer,57,57,
9f321ffeac9006b880d6927b2116d5e6b20f8b86,Rename Method,OvsCreateTunnelAnswer,57,57,
9f321ffeac9006b880d6927b2116d5e6b20f8b86,Rename Method,OvsCreateTunnelAnswer,57,57,
9f321ffeac9006b880d6927b2116d5e6b20f8b86,Rename Method,OvsCreateTunnelAnswer,57,57,
9f321ffeac9006b880d6927b2116d5e6b20f8b86,Rename Method,OvsCreateTunnelAnswer,57,57,
9f321ffeac9006b880d6927b2116d5e6b20f8b86,Rename Method,OvsCreateTunnelAnswer,57,57,
9f321ffeac9006b880d6927b2116d5e6b20f8b86,Rename Method,OvsCreateTunnelAnswer,57,57,
9f321ffeac9006b880d6927b2116d5e6b20f8b86,Rename Method,OvsCreateTunnelAnswer,57,57,
9f321ffeac9006b880d6927b2116d5e6b20f8b86,Rename Method,OvsCreateTunnelAnswer,57,57,
9f321ffeac9006b880d6927b2116d5e6b20f8b86,Rename Method,OvsCreateTunnelAnswer,57,57,
9f321ffeac9006b880d6927b2116d5e6b20f8b86,Rename Method,OvsCreateTunnelAnswer,57,57,
9f321ffeac9006b880d6927b2116d5e6b20f8b86,Rename Method,OvsCreateTunnelAnswer,57,57,
9f321ffeac9006b880d6927b2116d5e6b20f8b86,Rename Method,OvsCreateTunnelAnswer,57,57,
9f321ffeac9006b880d6927b2116d5e6b20f8b86,Rename Method,OvsCreateTunnelAnswer,57,57,
9f321ffeac9006b880d6927b2116d5e6b20f8b86,Rename Method,OvsCreateTunnelAnswer,57,57,
9f321ffeac9006b880d6927b2116d5e6b20f8b86,Rename Method,OvsCreateTunnelAnswer,57,57,
9f321ffeac9006b880d6927b2116d5e6b20f8b86,Rename Method,OvsCreateTunnelAnswer,57,57,
9f321ffeac9006b880d6927b2116d5e6b20f8b86,Rename Method,OvsCreateTunnelAnswer,57,57,
9f321ffeac9006b880d6927b2116d5e6b20f8b86,Rename Method,OvsCreateTunnelAnswer,57,57,
9f321ffeac9006b880d6927b2116d5e6b20f8b86,Rename Method,OvsCreateTunnelAnswer,57,57,
9f321ffeac9006b880d6927b2116d5e6b20f8b86,Rename Method,OvsCreateTunnelAnswer,57,57,
9f321ffeac9006b880d6927b2116d5e6b20f8b86,Rename Method,OvsCreateTunnelAnswer,57,57,
9f321ffeac9006b880d6927b2116d5e6b20f8b86,Rename Method,OvsCreateTunnelAnswer,57,57,
9f321ffeac9006b880d6927b2116d5e6b20f8b86,Rename Method,OvsCreateTunnelAnswer,57,57,
9f321ffeac9006b880d6927b2116d5e6b20f8b86,Rename Method,OvsCreateTunnelAnswer,57,57,
4434aa0d2d126599c113faeb82bd5be2f67240db,Add Parameter,DownloadCommand,133,133,
4434aa0d2d126599c113faeb82bd5be2f67240db,Add Parameter,DownloadCommand,133,133,
4434aa0d2d126599c113faeb82bd5be2f67240db,Add Parameter,DownloadCommand,133,133,
4434aa0d2d126599c113faeb82bd5be2f67240db,Add Parameter,DownloadCommand,133,133,
4434aa0d2d126599c113faeb82bd5be2f67240db,Add Parameter,DownloadCommand,133,133,
f0911817edba0d555269e94480b7acf7e3ba57ff,Add Parameter,ConfigurationServerImpl,823,823,
14adf23700c4901f4d2e3555dd9ebce9394316fc,Modify Attribute Annotation,UploadVolumeCmd,44,41,
14adf23700c4901f4d2e3555dd9ebce9394316fc,Modify Attribute Annotation,UploadVolumeCmd,44,41,
ac2175bdbca909b3d04a7cb6f788b73c18970462,Change Variable Type,NfsSecondaryStorageResource,712,714,
ac2175bdbca909b3d04a7cb6f788b73c18970462,Change Variable Type,NfsSecondaryStorageResource,712,714,
ac2175bdbca909b3d04a7cb6f788b73c18970462,Change Variable Type,NfsSecondaryStorageResource,712,714,
ac2175bdbca909b3d04a7cb6f788b73c18970462,Change Variable Type,NfsSecondaryStorageResource,712,714,
ac2175bdbca909b3d04a7cb6f788b73c18970462,Change Variable Type,NfsSecondaryStorageResource,712,714,
ac2175bdbca909b3d04a7cb6f788b73c18970462,Change Variable Type,NfsSecondaryStorageResource,712,714,
ac2175bdbca909b3d04a7cb6f788b73c18970462,Change Variable Type,NfsSecondaryStorageResource,712,714,
ac2175bdbca909b3d04a7cb6f788b73c18970462,Change Variable Type,NfsSecondaryStorageResource,712,714,
54956280e6955c677d98200b215de850d2b0211e,Rename Variable,DownloadManagerImpl,320,321,
54956280e6955c677d98200b215de850d2b0211e,Rename Variable,DownloadManagerImpl,320,321,
54956280e6955c677d98200b215de850d2b0211e,Rename Variable,DownloadManagerImpl,320,321,
54956280e6955c677d98200b215de850d2b0211e,Rename Variable,DownloadManagerImpl,320,321,
564cef8ddf4bfd781985478ff40600799948d0a0,Add Parameter,DownloadManagerImpl,419,432,
564cef8ddf4bfd781985478ff40600799948d0a0,Add Parameter,DownloadManagerImpl,419,432,
564cef8ddf4bfd781985478ff40600799948d0a0,Add Parameter,DownloadManagerImpl,419,432,
564cef8ddf4bfd781985478ff40600799948d0a0,Add Parameter,DownloadManagerImpl,419,432,
564cef8ddf4bfd781985478ff40600799948d0a0,Add Parameter,DownloadManagerImpl,419,432,
564cef8ddf4bfd781985478ff40600799948d0a0,Add Parameter,DownloadManagerImpl,419,432,
564cef8ddf4bfd781985478ff40600799948d0a0,Add Parameter,DownloadManagerImpl,419,432,
564cef8ddf4bfd781985478ff40600799948d0a0,Add Parameter,DownloadManagerImpl,419,432,
44f4a5219ad5b61641afc82b5f0f6f2b1ffb3202,Change Attribute Access Modifier,ResourceManagerImpl,202,208,
329b06087e30cc1693243543e1e0496d0dd06dab,Inline Variable,KvmServerDiscoverer,187,186,
329b06087e30cc1693243543e1e0496d0dd06dab,Inline Variable,KvmServerDiscoverer,187,186,
329b06087e30cc1693243543e1e0496d0dd06dab,Inline Variable,KvmServerDiscoverer,187,186,
329b06087e30cc1693243543e1e0496d0dd06dab,Inline Variable,KvmServerDiscoverer,187,186,
f76ad767753871ac6090ac7e28ca834321d900ae,Extract Method,Upgrade2214to30,101,101,
f76ad767753871ac6090ac7e28ca834321d900ae,Extract Method,Upgrade2214to30,101,101,
f76ad767753871ac6090ac7e28ca834321d900ae,Extract Method,Upgrade2214to30,101,101,
f76ad767753871ac6090ac7e28ca834321d900ae,Extract Method,Upgrade2214to30,101,101,
c5083787c2c3b9cfd92c3d6ec29d0a4964d26985,Add Parameter,ConsoleProxyResource,350,350,
c5083787c2c3b9cfd92c3d6ec29d0a4964d26985,Add Parameter,ConsoleProxyResource,350,350,
e04822eb70183d5cf386bd6db8a9aaaf33dacff6,Add Parameter,AlertManagerImpl,358,364,
e04822eb70183d5cf386bd6db8a9aaaf33dacff6,Add Parameter,AlertManagerImpl,358,364,
e04822eb70183d5cf386bd6db8a9aaaf33dacff6,Add Parameter,AlertManagerImpl,358,364,
7be811905fbdadab3724a495318b5d2321898afa,Change Variable Type,Upgrade2211to2212,93,96,
7be811905fbdadab3724a495318b5d2321898afa,Change Variable Type,Upgrade2211to2212,93,96,
e5bf2434984868f11144bcdc6979d36412385313,Extract Method,NetscalerResource,576,710,
03ccb7f31305525f02937fe24f4c9e0a671602f9,Remove Attribute Annotation,DeployVMCmd,121,122,
662a23491669f9f9db2030e188c4f124286245ee,Modify Attribute Annotation,StopVMCmd,47,47,
662a23491669f9f9db2030e188c4f124286245ee,Modify Attribute Annotation,StopVMCmd,47,47,
662a23491669f9f9db2030e188c4f124286245ee,Modify Attribute Annotation,StopVMCmd,47,47,
662a23491669f9f9db2030e188c4f124286245ee,Modify Attribute Annotation,StopVMCmd,47,47,
662a23491669f9f9db2030e188c4f124286245ee,Modify Attribute Annotation,StopVMCmd,47,47,
f6383f844d7b42ec8f3770e716ab51e8b2485e7c,Add Parameter,VirtualNetworkApplianceManagerImpl,2759,2759,
f6383f844d7b42ec8f3770e716ab51e8b2485e7c,Add Parameter,VirtualNetworkApplianceManagerImpl,2759,2759,
676a28177b01997058bce8f0e87f2689d607bd8b,Encapsulate Attribute,HostResponse,42,42,
676a28177b01997058bce8f0e87f2689d607bd8b,Encapsulate Attribute,HostResponse,42,42,
676a28177b01997058bce8f0e87f2689d607bd8b,Encapsulate Attribute,HostResponse,42,42,
676a28177b01997058bce8f0e87f2689d607bd8b,Encapsulate Attribute,HostResponse,42,42,
676a28177b01997058bce8f0e87f2689d607bd8b,Encapsulate Attribute,HostResponse,42,42,
676a28177b01997058bce8f0e87f2689d607bd8b,Encapsulate Attribute,HostResponse,42,42,
7c6932ef808e881c9354e57efdf2f6e6887e26dc,Add Method Annotation,GenericDaoBase,341,341,
2b6666ccd1fff810667cbb937efcc8a67fb02fa4,Extract And Move Method,ConsoleProxyVncClient,56,456,
8b8973f9416f1db749cca685bacd0114324719b1,Add Parameter,VncClient,128,129,
8b8973f9416f1db749cca685bacd0114324719b1,Add Parameter,VncClient,128,129,
8b8973f9416f1db749cca685bacd0114324719b1,Add Parameter,VncClient,128,129,
8b8973f9416f1db749cca685bacd0114324719b1,Add Parameter,VncClient,128,129,
8b8973f9416f1db749cca685bacd0114324719b1,Add Parameter,VncClient,128,129,
d76207a09cb3c220eed7bd2acca1b47cea82885e,Remove Parameter,ConsoleProxy,154,154,
d76207a09cb3c220eed7bd2acca1b47cea82885e,Remove Parameter,ConsoleProxy,154,154,
d76207a09cb3c220eed7bd2acca1b47cea82885e,Remove Parameter,ConsoleProxy,154,154,
d76207a09cb3c220eed7bd2acca1b47cea82885e,Remove Parameter,ConsoleProxy,154,154,
d76207a09cb3c220eed7bd2acca1b47cea82885e,Remove Parameter,ConsoleProxy,154,154,
d76207a09cb3c220eed7bd2acca1b47cea82885e,Remove Parameter,ConsoleProxy,154,154,
d76207a09cb3c220eed7bd2acca1b47cea82885e,Remove Parameter,ConsoleProxy,154,154,
d76207a09cb3c220eed7bd2acca1b47cea82885e,Remove Parameter,ConsoleProxy,154,154,
d76207a09cb3c220eed7bd2acca1b47cea82885e,Remove Parameter,ConsoleProxy,154,154,
98fd5cf959c02355ff9e7e55f55684881c14769b,Extract Variable,HighAvailabilityManagerImpl,511,512,
2d1a6b0b35be7721783fe89e96c3e344acede048,Change Return Type,UserVmManagerImpl,2807,2746,
2d1a6b0b35be7721783fe89e96c3e344acede048,Change Return Type,UserVmManagerImpl,2807,2746,
2d1a6b0b35be7721783fe89e96c3e344acede048,Change Return Type,UserVmManagerImpl,2807,2746,
2d1a6b0b35be7721783fe89e96c3e344acede048,Change Return Type,UserVmManagerImpl,2807,2746,
2d1a6b0b35be7721783fe89e96c3e344acede048,Change Return Type,UserVmManagerImpl,2807,2746,
2d1a6b0b35be7721783fe89e96c3e344acede048,Change Return Type,UserVmManagerImpl,2807,2746,
2d1a6b0b35be7721783fe89e96c3e344acede048,Change Return Type,UserVmManagerImpl,2807,2746,
2d1a6b0b35be7721783fe89e96c3e344acede048,Change Return Type,UserVmManagerImpl,2807,2746,
2d1a6b0b35be7721783fe89e96c3e344acede048,Change Return Type,UserVmManagerImpl,2807,2746,
c112088fc5c83887e633af5e5b0dc86ec81158ff,Remove Method Annotation,ClusterServiceServletContainer,61,60,
c112088fc5c83887e633af5e5b0dc86ec81158ff,Remove Method Annotation,ClusterServiceServletContainer,61,60,
c112088fc5c83887e633af5e5b0dc86ec81158ff,Remove Method Annotation,ClusterServiceServletContainer,61,60,
c0130a5c41b6d0a6aa160029db96fcbdf35a29b5,Modify Attribute Annotation,CreateVlanIpRangeCmd,71,71,
c0130a5c41b6d0a6aa160029db96fcbdf35a29b5,Modify Attribute Annotation,CreateVlanIpRangeCmd,71,71,
c0130a5c41b6d0a6aa160029db96fcbdf35a29b5,Modify Attribute Annotation,CreateVlanIpRangeCmd,71,71,
c0130a5c41b6d0a6aa160029db96fcbdf35a29b5,Modify Attribute Annotation,CreateVlanIpRangeCmd,71,71,
c0130a5c41b6d0a6aa160029db96fcbdf35a29b5,Modify Attribute Annotation,CreateVlanIpRangeCmd,71,71,
c0130a5c41b6d0a6aa160029db96fcbdf35a29b5,Modify Attribute Annotation,CreateVlanIpRangeCmd,71,71,
c0130a5c41b6d0a6aa160029db96fcbdf35a29b5,Modify Attribute Annotation,CreateVlanIpRangeCmd,71,71,
c0130a5c41b6d0a6aa160029db96fcbdf35a29b5,Modify Attribute Annotation,CreateVlanIpRangeCmd,71,71,
c0130a5c41b6d0a6aa160029db96fcbdf35a29b5,Modify Attribute Annotation,CreateVlanIpRangeCmd,71,71,
c0130a5c41b6d0a6aa160029db96fcbdf35a29b5,Modify Attribute Annotation,CreateVlanIpRangeCmd,71,71,
c0130a5c41b6d0a6aa160029db96fcbdf35a29b5,Modify Attribute Annotation,CreateVlanIpRangeCmd,71,71,
c0130a5c41b6d0a6aa160029db96fcbdf35a29b5,Modify Attribute Annotation,CreateVlanIpRangeCmd,71,71,
c0130a5c41b6d0a6aa160029db96fcbdf35a29b5,Modify Attribute Annotation,CreateVlanIpRangeCmd,71,71,
c0130a5c41b6d0a6aa160029db96fcbdf35a29b5,Modify Attribute Annotation,CreateVlanIpRangeCmd,71,71,
c0130a5c41b6d0a6aa160029db96fcbdf35a29b5,Modify Attribute Annotation,CreateVlanIpRangeCmd,71,71,
c0130a5c41b6d0a6aa160029db96fcbdf35a29b5,Modify Attribute Annotation,CreateVlanIpRangeCmd,71,71,
c0130a5c41b6d0a6aa160029db96fcbdf35a29b5,Modify Attribute Annotation,CreateVlanIpRangeCmd,71,71,
b14bac09773b3e80239b08c7fb2c9d46c3d21de6,Encapsulate Attribute,VMInstanceVO,131,131,
b14bac09773b3e80239b08c7fb2c9d46c3d21de6,Encapsulate Attribute,VMInstanceVO,131,131,
b14bac09773b3e80239b08c7fb2c9d46c3d21de6,Encapsulate Attribute,VMInstanceVO,131,131,
