6fa61806258e779637491c26fc5378ed5a3c1f1f,Extract Variable,DataEntryRuleRunner,87,173,
6fa61806258e779637491c26fc5378ed5a3c1f1f,Extract Variable,DataEntryRuleRunner,87,173,
6fa61806258e779637491c26fc5378ed5a3c1f1f,Extract Variable,DataEntryRuleRunner,87,173,
65e9fbe4c1e7a9b8868d123a5908884d8721143e,Rename Method,ItemDataDAO,499,499,
65e9fbe4c1e7a9b8868d123a5908884d8721143e,Rename Method,ItemDataDAO,499,499,
65e9fbe4c1e7a9b8868d123a5908884d8721143e,Rename Method,ItemDataDAO,499,499,
65e9fbe4c1e7a9b8868d123a5908884d8721143e,Rename Method,ItemDataDAO,499,499,
6a9a02d9f6b3bf9d29359a4a0d45405a09395098,Extract Method,DataEntryServlet,2478,5660,
05d78c82338a9cb241de13d425b3e30f12049eb2,Extract Method,ListEventsForSubjectTableFactory,199,361,
1f55d33bca1cf63976289d389486451cad6fd56c,Extract Attribute,ListStudySubjectTableFactory,150,91,
1f55d33bca1cf63976289d389486451cad6fd56c,Extract Attribute,ListStudySubjectTableFactory,150,91,
05a6ba71d26ce13136ded7eb584d7cb21279b49a,Extract Variable,DataEntryServlet,5749,5733,
4d14f33c0ee3a3a0edf177d24acd8d9357402b66,Change Method Access Modifier,DataEntryServlet,50,5722,
4d14f33c0ee3a3a0edf177d24acd8d9357402b66,Change Method Access Modifier,DataEntryServlet,50,5722,
5c87eabae4d53cff80b5e801c75763ac6dd164b0,Change Method Access Modifier,SecureController,228,1195,
5c87eabae4d53cff80b5e801c75763ac6dd164b0,Change Method Access Modifier,SecureController,228,1195,
e77086d182277c583b092ee7c117625dea04b425,Rename Parameter,EditUserAccountServlet,233,232,
e77086d182277c583b092ee7c117625dea04b425,Rename Parameter,EditUserAccountServlet,233,232,
e77ab190ee3b7b81d2f72b5dc6f3d1f108544b40,Extract Variable,ClinicalDataReportBean,381,380,
e77ab190ee3b7b81d2f72b5dc6f3d1f108544b40,Extract Variable,ClinicalDataReportBean,381,380,
bde69fd9f7199be69a8830a88abfbc0dd99b2fe1,Extract Variable,ClinicalDataReportBean,189,189,
63674336b1aa65162745c74f35ee08305082f890,Extract Variable,NewCRFBean,649,661,
63674336b1aa65162745c74f35ee08305082f890,Extract Variable,NewCRFBean,649,661,
ee6df4cc61c1413989b38bfb8114773bc8148866,Extract Variable,SystemController,1148,1152,
e763f49bfe6873f7d93b8730f599ab39f821da30,Extract Variable,StudySubjectProcessor,94,95,
852a7f38c34be9f69b2ebf27b9ea94ff6b250daf,Add Method Annotation,ListNotesFilter,31,46,
852a7f38c34be9f69b2ebf27b9ea94ff6b250daf,Add Method Annotation,ListNotesFilter,31,46,
1421251f0f90c9a956d24d5af23c03e9d23c507a,Change Variable Type,NewCRFBean,358,357,
1421251f0f90c9a956d24d5af23c03e9d23c507a,Change Variable Type,NewCRFBean,358,357,
1421251f0f90c9a956d24d5af23c03e9d23c507a,Change Variable Type,NewCRFBean,358,357,
1421251f0f90c9a956d24d5af23c03e9d23c507a,Change Variable Type,NewCRFBean,358,357,
1421251f0f90c9a956d24d5af23c03e9d23c507a,Change Variable Type,NewCRFBean,358,357,
1421251f0f90c9a956d24d5af23c03e9d23c507a,Change Variable Type,NewCRFBean,358,357,
1421251f0f90c9a956d24d5af23c03e9d23c507a,Change Variable Type,NewCRFBean,358,357,
1421251f0f90c9a956d24d5af23c03e9d23c507a,Change Variable Type,NewCRFBean,358,357,
1421251f0f90c9a956d24d5af23c03e9d23c507a,Change Variable Type,NewCRFBean,358,357,
1421251f0f90c9a956d24d5af23c03e9d23c507a,Change Variable Type,NewCRFBean,358,357,
1421251f0f90c9a956d24d5af23c03e9d23c507a,Change Variable Type,NewCRFBean,358,357,
10473fa5f0cda8e4e7c43c6df81b0d08e5f9769b,Add Attribute Annotation,JobTriggerService,41,42,
10473fa5f0cda8e4e7c43c6df81b0d08e5f9769b,Add Attribute Annotation,JobTriggerService,41,42,
10473fa5f0cda8e4e7c43c6df81b0d08e5f9769b,Add Attribute Annotation,JobTriggerService,41,42,
068387b08c92e4006f99aae730f8846570e9a855,Change Variable Type,ItemDao,37,38,
068387b08c92e4006f99aae730f8846570e9a855,Change Variable Type,ItemDao,37,38,
068387b08c92e4006f99aae730f8846570e9a855,Change Variable Type,ItemDao,37,38,
068387b08c92e4006f99aae730f8846570e9a855,Change Variable Type,ItemDao,37,38,
89f6bf5629cf5fc73412b50c98494b59cbd85750,Replace Variable With Attribute,ItemDao,34,32,
89f6bf5629cf5fc73412b50c98494b59cbd85750,Replace Variable With Attribute,ItemDao,34,32,
89f6bf5629cf5fc73412b50c98494b59cbd85750,Replace Variable With Attribute,ItemDao,34,32,
89f6bf5629cf5fc73412b50c98494b59cbd85750,Replace Variable With Attribute,ItemDao,34,32,
9dff8a19df7b0ee0bd090ccf618bf2a17af9d851,Rename Parameter,ItemDao,33,33,
9dff8a19df7b0ee0bd090ccf618bf2a17af9d851,Rename Parameter,ItemDao,33,33,
851446827e12da41e21cbca5af20a3325a3aff76,Add Parameter,StudySubjectProcessor,132,132,
c2c4cc57e0f31bd218304d2f0cba5dac9fb8299b,Add Parameter,StudySubjectDao,84,94,
c2c4cc57e0f31bd218304d2f0cba5dac9fb8299b,Add Parameter,StudySubjectDao,84,94,
c2c4cc57e0f31bd218304d2f0cba5dac9fb8299b,Add Parameter,StudySubjectDao,84,94,
c2c4cc57e0f31bd218304d2f0cba5dac9fb8299b,Add Parameter,StudySubjectDao,84,94,
b0fc60697b2172c069982ca84620c7e95618a66c,Add Parameter,UserInfoController,76,98,
b0fc60697b2172c069982ca84620c7e95618a66c,Add Parameter,UserInfoController,76,98,
b0fc60697b2172c069982ca84620c7e95618a66c,Add Parameter,UserInfoController,76,98,
bd62248d46b9a1bb3957cbc6b63b0eb6b29851a0,Add Method Annotation,StudyEventDao,69,68,
cf23182b82d0aba929e178140ec72b0408c8f787,Add Method Annotation,StudyEventDao,82,82,
f58452fe9db11ac253a7440b2a49945956e817d1,Remove Method Annotation,StudyEventDao,82,82,
5ab90b0e3cf6c17160f33307011edd4a65b785dc,Add Method Annotation,StudyEventDao,34,35,
5ab90b0e3cf6c17160f33307011edd4a65b785dc,Add Method Annotation,StudyEventDao,34,35,
343be6594baaae660bae67c63f5346da9b1ae70d,Remove Parameter,EventEndpoint,85,80,
343be6594baaae660bae67c63f5346da9b1ae70d,Remove Parameter,EventEndpoint,85,80,
343be6594baaae660bae67c63f5346da9b1ae70d,Remove Parameter,EventEndpoint,85,80,
343be6594baaae660bae67c63f5346da9b1ae70d,Remove Parameter,EventEndpoint,85,80,
343be6594baaae660bae67c63f5346da9b1ae70d,Remove Parameter,EventEndpoint,85,80,
343be6594baaae660bae67c63f5346da9b1ae70d,Remove Parameter,EventEndpoint,85,80,
343be6594baaae660bae67c63f5346da9b1ae70d,Remove Parameter,EventEndpoint,85,80,
343be6594baaae660bae67c63f5346da9b1ae70d,Remove Parameter,EventEndpoint,85,80,
343be6594baaae660bae67c63f5346da9b1ae70d,Remove Parameter,EventEndpoint,85,80,
343be6594baaae660bae67c63f5346da9b1ae70d,Remove Parameter,EventEndpoint,85,80,
343be6594baaae660bae67c63f5346da9b1ae70d,Remove Parameter,EventEndpoint,85,80,
343be6594baaae660bae67c63f5346da9b1ae70d,Remove Parameter,EventEndpoint,85,80,
343be6594baaae660bae67c63f5346da9b1ae70d,Remove Parameter,EventEndpoint,85,80,
343be6594baaae660bae67c63f5346da9b1ae70d,Remove Parameter,EventEndpoint,85,80,
ad76e2d863db7a1aecc26429c83651cb21f1d86b,Extract Method,StudyEventDAO,479,485,
ad76e2d863db7a1aecc26429c83651cb21f1d86b,Extract Method,StudyEventDAO,479,485,
ad76e2d863db7a1aecc26429c83651cb21f1d86b,Extract Method,StudyEventDAO,479,485,
ad76e2d863db7a1aecc26429c83651cb21f1d86b,Extract Method,StudyEventDAO,479,485,
ad76e2d863db7a1aecc26429c83651cb21f1d86b,Extract Method,StudyEventDAO,479,485,
ad76e2d863db7a1aecc26429c83651cb21f1d86b,Extract Method,StudyEventDAO,479,485,
ad76e2d863db7a1aecc26429c83651cb21f1d86b,Extract Method,StudyEventDAO,479,485,
ad76e2d863db7a1aecc26429c83651cb21f1d86b,Extract Method,StudyEventDAO,479,485,
ad76e2d863db7a1aecc26429c83651cb21f1d86b,Extract Method,StudyEventDAO,479,485,
ad76e2d863db7a1aecc26429c83651cb21f1d86b,Extract Method,StudyEventDAO,479,485,
ad76e2d863db7a1aecc26429c83651cb21f1d86b,Extract Method,StudyEventDAO,479,485,
ad76e2d863db7a1aecc26429c83651cb21f1d86b,Extract Method,StudyEventDAO,479,485,
6bfbaaa4d216b9a89240c1684cad02231b2eccdd,Extract Variable,BeanPropertyRuleRunner,52,53,
6bfbaaa4d216b9a89240c1684cad02231b2eccdd,Extract Variable,BeanPropertyRuleRunner,52,53,
a0ce6cb27938fdc74167c7e30a598cd65fffafa0,Extract Method,StudyEventDAO,529,536,
a0ce6cb27938fdc74167c7e30a598cd65fffafa0,Extract Method,StudyEventDAO,529,536,
a0ce6cb27938fdc74167c7e30a598cd65fffafa0,Extract Method,StudyEventDAO,529,536,
a0ce6cb27938fdc74167c7e30a598cd65fffafa0,Extract Method,StudyEventDAO,529,536,
a0ce6cb27938fdc74167c7e30a598cd65fffafa0,Extract Method,StudyEventDAO,529,536,
a0ce6cb27938fdc74167c7e30a598cd65fffafa0,Extract Method,StudyEventDAO,529,536,
f31f0d4c289b27543ff72035ac7f1f4f126d2cd2,Change Variable Type,ListSubjectTableFactory,107,107,
f31f0d4c289b27543ff72035ac7f1f4f126d2cd2,Change Variable Type,ListSubjectTableFactory,107,107,
f31f0d4c289b27543ff72035ac7f1f4f126d2cd2,Change Variable Type,ListSubjectTableFactory,107,107,
f31f0d4c289b27543ff72035ac7f1f4f126d2cd2,Change Variable Type,ListSubjectTableFactory,107,107,
f31f0d4c289b27543ff72035ac7f1f4f126d2cd2,Change Variable Type,ListSubjectTableFactory,107,107,
f31f0d4c289b27543ff72035ac7f1f4f126d2cd2,Change Variable Type,ListSubjectTableFactory,107,107,
f31f0d4c289b27543ff72035ac7f1f4f126d2cd2,Change Variable Type,ListSubjectTableFactory,107,107,
5483c479441e384dfeed81d616c8808aeb18fab6,Extract Variable,ExpressionService,779,779,
3a12b4f0f4e2dc0b2c70b1533f554b15498c3480,Add Method Annotation,SubjectTransferValidator,42,40,
3a12b4f0f4e2dc0b2c70b1533f554b15498c3480,Add Method Annotation,SubjectTransferValidator,42,40,
488ee5f7815b9ea1065aad8e9d00257f6e2fcc4b,Add Method Annotation,StudySubjectDAO,191,192,
488ee5f7815b9ea1065aad8e9d00257f6e2fcc4b,Add Method Annotation,StudySubjectDAO,191,192,
488ee5f7815b9ea1065aad8e9d00257f6e2fcc4b,Add Method Annotation,StudySubjectDAO,191,192,
488ee5f7815b9ea1065aad8e9d00257f6e2fcc4b,Add Method Annotation,StudySubjectDAO,191,192,
488ee5f7815b9ea1065aad8e9d00257f6e2fcc4b,Add Method Annotation,StudySubjectDAO,191,192,
488ee5f7815b9ea1065aad8e9d00257f6e2fcc4b,Add Method Annotation,StudySubjectDAO,191,192,
488ee5f7815b9ea1065aad8e9d00257f6e2fcc4b,Add Method Annotation,StudySubjectDAO,191,192,
488ee5f7815b9ea1065aad8e9d00257f6e2fcc4b,Add Method Annotation,StudySubjectDAO,191,192,
156ec3a9a514417c34620a28318620092db7b7d4,Extract Variable,AddNewSubjectServlet,436,365,
7bfc9732137ccdd39c96cd0d85aebaeb1563544e,Add Method Annotation,ExpressionService,742,778,
887902a3bb6c9be1d9b7b36ab6d8bcfd2cf056b9,Remove Method Annotation,StudyEventDao,19,19,
887902a3bb6c9be1d9b7b36ab6d8bcfd2cf056b9,Remove Method Annotation,StudyEventDao,19,19,
887902a3bb6c9be1d9b7b36ab6d8bcfd2cf056b9,Remove Method Annotation,StudyEventDao,19,19,
d6d676298199b136208c25c628441958a5c8f4c6,Change Thrown Exception Type,BatchCRFMigrationController,139,125,
d6d676298199b136208c25c628441958a5c8f4c6,Change Thrown Exception Type,BatchCRFMigrationController,139,125,
d6d676298199b136208c25c628441958a5c8f4c6,Change Thrown Exception Type,BatchCRFMigrationController,139,125,
d6d676298199b136208c25c628441958a5c8f4c6,Change Thrown Exception Type,BatchCRFMigrationController,139,125,
d6d676298199b136208c25c628441958a5c8f4c6,Change Thrown Exception Type,BatchCRFMigrationController,139,125,
d6d676298199b136208c25c628441958a5c8f4c6,Change Thrown Exception Type,BatchCRFMigrationController,139,125,
d6d676298199b136208c25c628441958a5c8f4c6,Change Thrown Exception Type,BatchCRFMigrationController,139,125,
d3dd50904a5928aece8b9a93b4190be2f4400302,Add Parameter,BatchCRFMigrationController,607,607,
d3dd50904a5928aece8b9a93b4190be2f4400302,Add Parameter,BatchCRFMigrationController,607,607,
c20af0cd3b62ae26ab2e4d79f34146ee12035036,Extract Method,BatchCRFMigrationController,164,746,
c20af0cd3b62ae26ab2e4d79f34146ee12035036,Extract Method,BatchCRFMigrationController,164,746,
aaaa250b205e4ce84294590e69960cfc94c2e8d5,Add Method Annotation,StudyEventDao,19,19,
aaaa250b205e4ce84294590e69960cfc94c2e8d5,Add Method Annotation,StudyEventDao,19,19,
aaaa250b205e4ce84294590e69960cfc94c2e8d5,Add Method Annotation,StudyEventDao,19,19,
aaaa250b205e4ce84294590e69960cfc94c2e8d5,Add Method Annotation,StudyEventDao,19,19,
aaaa250b205e4ce84294590e69960cfc94c2e8d5,Add Method Annotation,StudyEventDao,19,19,
aaaa250b205e4ce84294590e69960cfc94c2e8d5,Add Method Annotation,StudyEventDao,19,19,
aaaa250b205e4ce84294590e69960cfc94c2e8d5,Add Method Annotation,StudyEventDao,19,19,
aaaa250b205e4ce84294590e69960cfc94c2e8d5,Add Method Annotation,StudyEventDao,19,19,
aaaa250b205e4ce84294590e69960cfc94c2e8d5,Add Method Annotation,StudyEventDao,19,19,
aaaa250b205e4ce84294590e69960cfc94c2e8d5,Add Method Annotation,StudyEventDao,19,19,
aaaa250b205e4ce84294590e69960cfc94c2e8d5,Add Method Annotation,StudyEventDao,19,19,
aaaa250b205e4ce84294590e69960cfc94c2e8d5,Add Method Annotation,StudyEventDao,19,19,
aaaa250b205e4ce84294590e69960cfc94c2e8d5,Add Method Annotation,StudyEventDao,19,19,
aaaa250b205e4ce84294590e69960cfc94c2e8d5,Add Method Annotation,StudyEventDao,19,19,
aaaa250b205e4ce84294590e69960cfc94c2e8d5,Add Method Annotation,StudyEventDao,19,19,
a9ac4d1d0093b7dd068e0b2ce74b2280486d8891,Change Return Type,EventDefinitionCRFDAO,608,608,
a9ac4d1d0093b7dd068e0b2ce74b2280486d8891,Change Return Type,EventDefinitionCRFDAO,608,608,
a9ac4d1d0093b7dd068e0b2ce74b2280486d8891,Change Return Type,EventDefinitionCRFDAO,608,608,
a9ac4d1d0093b7dd068e0b2ce74b2280486d8891,Change Return Type,EventDefinitionCRFDAO,608,608,
a9ac4d1d0093b7dd068e0b2ce74b2280486d8891,Change Return Type,EventDefinitionCRFDAO,608,608,
a9ac4d1d0093b7dd068e0b2ce74b2280486d8891,Change Return Type,EventDefinitionCRFDAO,608,608,
a9ac4d1d0093b7dd068e0b2ce74b2280486d8891,Change Return Type,EventDefinitionCRFDAO,608,608,
a9ac4d1d0093b7dd068e0b2ce74b2280486d8891,Change Return Type,EventDefinitionCRFDAO,608,608,
a9ac4d1d0093b7dd068e0b2ce74b2280486d8891,Change Return Type,EventDefinitionCRFDAO,608,608,
a9ac4d1d0093b7dd068e0b2ce74b2280486d8891,Change Return Type,EventDefinitionCRFDAO,608,608,
a9ac4d1d0093b7dd068e0b2ce74b2280486d8891,Change Return Type,EventDefinitionCRFDAO,608,608,
a9ac4d1d0093b7dd068e0b2ce74b2280486d8891,Change Return Type,EventDefinitionCRFDAO,608,608,
a9ac4d1d0093b7dd068e0b2ce74b2280486d8891,Change Return Type,EventDefinitionCRFDAO,608,608,
a9ac4d1d0093b7dd068e0b2ce74b2280486d8891,Change Return Type,EventDefinitionCRFDAO,608,608,
a9ac4d1d0093b7dd068e0b2ce74b2280486d8891,Change Return Type,EventDefinitionCRFDAO,608,608,
a9ac4d1d0093b7dd068e0b2ce74b2280486d8891,Change Return Type,EventDefinitionCRFDAO,608,608,
a9ac4d1d0093b7dd068e0b2ce74b2280486d8891,Change Return Type,EventDefinitionCRFDAO,608,608,
a9ac4d1d0093b7dd068e0b2ce74b2280486d8891,Change Return Type,EventDefinitionCRFDAO,608,608,
a9ac4d1d0093b7dd068e0b2ce74b2280486d8891,Change Return Type,EventDefinitionCRFDAO,608,608,
a9ac4d1d0093b7dd068e0b2ce74b2280486d8891,Change Return Type,EventDefinitionCRFDAO,608,608,
a9ac4d1d0093b7dd068e0b2ce74b2280486d8891,Change Return Type,EventDefinitionCRFDAO,608,608,
a9ac4d1d0093b7dd068e0b2ce74b2280486d8891,Change Return Type,EventDefinitionCRFDAO,608,608,
a9ac4d1d0093b7dd068e0b2ce74b2280486d8891,Change Return Type,EventDefinitionCRFDAO,608,608,
a9ac4d1d0093b7dd068e0b2ce74b2280486d8891,Change Return Type,EventDefinitionCRFDAO,608,608,
a9ac4d1d0093b7dd068e0b2ce74b2280486d8891,Change Return Type,EventDefinitionCRFDAO,608,608,
a9ac4d1d0093b7dd068e0b2ce74b2280486d8891,Change Return Type,EventDefinitionCRFDAO,608,608,
a9ac4d1d0093b7dd068e0b2ce74b2280486d8891,Change Return Type,EventDefinitionCRFDAO,608,608,
a9ac4d1d0093b7dd068e0b2ce74b2280486d8891,Change Return Type,EventDefinitionCRFDAO,608,608,
a9ac4d1d0093b7dd068e0b2ce74b2280486d8891,Change Return Type,EventDefinitionCRFDAO,608,608,
a9ac4d1d0093b7dd068e0b2ce74b2280486d8891,Change Return Type,EventDefinitionCRFDAO,608,608,
a9ac4d1d0093b7dd068e0b2ce74b2280486d8891,Change Return Type,EventDefinitionCRFDAO,608,608,
a9ac4d1d0093b7dd068e0b2ce74b2280486d8891,Change Return Type,EventDefinitionCRFDAO,608,608,
a9ac4d1d0093b7dd068e0b2ce74b2280486d8891,Change Return Type,EventDefinitionCRFDAO,608,608,
a9ac4d1d0093b7dd068e0b2ce74b2280486d8891,Change Return Type,EventDefinitionCRFDAO,608,608,
a9ac4d1d0093b7dd068e0b2ce74b2280486d8891,Change Return Type,EventDefinitionCRFDAO,608,608,
a9ac4d1d0093b7dd068e0b2ce74b2280486d8891,Change Return Type,EventDefinitionCRFDAO,608,608,
a9ac4d1d0093b7dd068e0b2ce74b2280486d8891,Change Return Type,EventDefinitionCRFDAO,608,608,
a9ac4d1d0093b7dd068e0b2ce74b2280486d8891,Change Return Type,EventDefinitionCRFDAO,608,608,
a9ac4d1d0093b7dd068e0b2ce74b2280486d8891,Change Return Type,EventDefinitionCRFDAO,608,608,
a9ac4d1d0093b7dd068e0b2ce74b2280486d8891,Change Return Type,EventDefinitionCRFDAO,608,608,
a9ac4d1d0093b7dd068e0b2ce74b2280486d8891,Change Return Type,EventDefinitionCRFDAO,608,608,
a9ac4d1d0093b7dd068e0b2ce74b2280486d8891,Change Return Type,EventDefinitionCRFDAO,608,608,
a9ac4d1d0093b7dd068e0b2ce74b2280486d8891,Change Return Type,EventDefinitionCRFDAO,608,608,
a9ac4d1d0093b7dd068e0b2ce74b2280486d8891,Change Return Type,EventDefinitionCRFDAO,608,608,
a9ac4d1d0093b7dd068e0b2ce74b2280486d8891,Change Return Type,EventDefinitionCRFDAO,608,608,
a9ac4d1d0093b7dd068e0b2ce74b2280486d8891,Change Return Type,EventDefinitionCRFDAO,608,608,
a9ac4d1d0093b7dd068e0b2ce74b2280486d8891,Change Return Type,EventDefinitionCRFDAO,608,608,
a9ac4d1d0093b7dd068e0b2ce74b2280486d8891,Change Return Type,EventDefinitionCRFDAO,608,608,
a9ac4d1d0093b7dd068e0b2ce74b2280486d8891,Change Return Type,EventDefinitionCRFDAO,608,608,
a9ac4d1d0093b7dd068e0b2ce74b2280486d8891,Change Return Type,EventDefinitionCRFDAO,608,608,
a9ac4d1d0093b7dd068e0b2ce74b2280486d8891,Change Return Type,EventDefinitionCRFDAO,608,608,
a9ac4d1d0093b7dd068e0b2ce74b2280486d8891,Change Return Type,EventDefinitionCRFDAO,608,608,
fa7c6ac27b6327f62530f81243033c438317e843,Change Return Type,BatchCRFMigrationController,229,222,
fa7c6ac27b6327f62530f81243033c438317e843,Change Return Type,BatchCRFMigrationController,229,222,
21bdd6552900a7f6d1830c64837134e597cb12e8,Add Parameter,BatchCRFMigrationController,137,139,
92e1c9bdd05078e5b75059276571ce0debde9eb1,Modify Class Annotation,SystemController,105,105,
8cf6e6c66d70996e310c366da2b13bbfa934bd77,Add Parameter,BatchCRFMigrationController,135,138,
8cf6e6c66d70996e310c366da2b13bbfa934bd77,Add Parameter,BatchCRFMigrationController,135,138,
8cf6e6c66d70996e310c366da2b13bbfa934bd77,Add Parameter,BatchCRFMigrationController,135,138,
8cf6e6c66d70996e310c366da2b13bbfa934bd77,Add Parameter,BatchCRFMigrationController,135,138,
8cf6e6c66d70996e310c366da2b13bbfa934bd77,Add Parameter,BatchCRFMigrationController,135,138,
8cf6e6c66d70996e310c366da2b13bbfa934bd77,Add Parameter,BatchCRFMigrationController,135,138,
8cf6e6c66d70996e310c366da2b13bbfa934bd77,Add Parameter,BatchCRFMigrationController,135,138,
8cf6e6c66d70996e310c366da2b13bbfa934bd77,Add Parameter,BatchCRFMigrationController,135,138,
8cf6e6c66d70996e310c366da2b13bbfa934bd77,Add Parameter,BatchCRFMigrationController,135,138,
8cf6e6c66d70996e310c366da2b13bbfa934bd77,Add Parameter,BatchCRFMigrationController,135,138,
8cf6e6c66d70996e310c366da2b13bbfa934bd77,Add Parameter,BatchCRFMigrationController,135,138,
8cf6e6c66d70996e310c366da2b13bbfa934bd77,Add Parameter,BatchCRFMigrationController,135,138,
8cf6e6c66d70996e310c366da2b13bbfa934bd77,Add Parameter,BatchCRFMigrationController,135,138,
8cf6e6c66d70996e310c366da2b13bbfa934bd77,Add Parameter,BatchCRFMigrationController,135,138,
8cf6e6c66d70996e310c366da2b13bbfa934bd77,Add Parameter,BatchCRFMigrationController,135,138,
8cf6e6c66d70996e310c366da2b13bbfa934bd77,Add Parameter,BatchCRFMigrationController,135,138,
8cf6e6c66d70996e310c366da2b13bbfa934bd77,Add Parameter,BatchCRFMigrationController,135,138,
8cf6e6c66d70996e310c366da2b13bbfa934bd77,Add Parameter,BatchCRFMigrationController,135,138,
adc1d76f668c18c3ab352d09c2f9479743b533da,Rename Class,BatchCRFMigrationController,96,101,
adc1d76f668c18c3ab352d09c2f9479743b533da,Rename Class,BatchCRFMigrationController,96,101,
adc1d76f668c18c3ab352d09c2f9479743b533da,Rename Class,BatchCRFMigrationController,96,101,
adc1d76f668c18c3ab352d09c2f9479743b533da,Rename Class,BatchCRFMigrationController,96,101,
adc1d76f668c18c3ab352d09c2f9479743b533da,Rename Class,BatchCRFMigrationController,96,101,
adc1d76f668c18c3ab352d09c2f9479743b533da,Rename Class,BatchCRFMigrationController,96,101,
adc1d76f668c18c3ab352d09c2f9479743b533da,Rename Class,BatchCRFMigrationController,96,101,
310efeaa9e12e3cfa5f00260d40ad3b33e48c77b,Remove Class Annotation,CRFVersionMigrationBatchController,75,96,
310efeaa9e12e3cfa5f00260d40ad3b33e48c77b,Remove Class Annotation,CRFVersionMigrationBatchController,75,96,
310efeaa9e12e3cfa5f00260d40ad3b33e48c77b,Remove Class Annotation,CRFVersionMigrationBatchController,75,96,
310efeaa9e12e3cfa5f00260d40ad3b33e48c77b,Remove Class Annotation,CRFVersionMigrationBatchController,75,96,
310efeaa9e12e3cfa5f00260d40ad3b33e48c77b,Remove Class Annotation,CRFVersionMigrationBatchController,75,96,
310efeaa9e12e3cfa5f00260d40ad3b33e48c77b,Remove Class Annotation,CRFVersionMigrationBatchController,75,96,
5ee250d75b25821f64a4accef9c95f9e47318beb,Extract Method,SystemController,563,815,
3958b4df672146199df7cb32d8ae3773c7082a10,Extract Method,ExpressionService,502,517,
3958b4df672146199df7cb32d8ae3773c7082a10,Extract Method,ExpressionService,502,517,
3958b4df672146199df7cb32d8ae3773c7082a10,Extract Method,ExpressionService,502,517,
1f504af34d47d00531eb5cee2d9a5b5cc5e52d0d,Modify Method Annotation,SystemController,281,281,
0d7c23211d72d1fd6c854cb3e45455a0dac0ab71,Change Return Type,SystemController,483,494,
0d7c23211d72d1fd6c854cb3e45455a0dac0ab71,Change Return Type,SystemController,483,494,
0c58c0a51df3d7027ed179535acd7400fa963d31,Change Return Type,SystemController,412,416,
0c58c0a51df3d7027ed179535acd7400fa963d31,Change Return Type,SystemController,412,416,
be156fb1cb554d991b9ef0ac94b15b969dc8c955,Change Return Type,SystemController,323,373,
be156fb1cb554d991b9ef0ac94b15b969dc8c955,Change Return Type,SystemController,323,373,
be156fb1cb554d991b9ef0ac94b15b969dc8c955,Change Return Type,SystemController,323,373,
be156fb1cb554d991b9ef0ac94b15b969dc8c955,Change Return Type,SystemController,323,373,
be156fb1cb554d991b9ef0ac94b15b969dc8c955,Change Return Type,SystemController,323,373,
be156fb1cb554d991b9ef0ac94b15b969dc8c955,Change Return Type,SystemController,323,373,
be156fb1cb554d991b9ef0ac94b15b969dc8c955,Change Return Type,SystemController,323,373,
be156fb1cb554d991b9ef0ac94b15b969dc8c955,Change Return Type,SystemController,323,373,
be156fb1cb554d991b9ef0ac94b15b969dc8c955,Change Return Type,SystemController,323,373,
be156fb1cb554d991b9ef0ac94b15b969dc8c955,Change Return Type,SystemController,323,373,
be156fb1cb554d991b9ef0ac94b15b969dc8c955,Change Return Type,SystemController,323,373,
95327fd137da36990b52675f02192776de127f52,Rename Method,SystemController,392,393,
95327fd137da36990b52675f02192776de127f52,Rename Method,SystemController,392,393,
95327fd137da36990b52675f02192776de127f52,Rename Method,SystemController,392,393,
95327fd137da36990b52675f02192776de127f52,Rename Method,SystemController,392,393,
95327fd137da36990b52675f02192776de127f52,Rename Method,SystemController,392,393,
95327fd137da36990b52675f02192776de127f52,Rename Method,SystemController,392,393,
95327fd137da36990b52675f02192776de127f52,Rename Method,SystemController,392,393,
5c5d9742ee001ac5309ac54527580da1d9dc9a7a,Rename Variable,SystemController,290,303,
f7287aa609914ee7687108077ef4a3dd7168953a,Extract Class,SystemController,52,62,
f7287aa609914ee7687108077ef4a3dd7168953a,Extract Class,SystemController,52,62,
f7287aa609914ee7687108077ef4a3dd7168953a,Extract Class,SystemController,52,62,
f7287aa609914ee7687108077ef4a3dd7168953a,Extract Class,SystemController,52,62,
f7287aa609914ee7687108077ef4a3dd7168953a,Extract Class,SystemController,52,62,
f7287aa609914ee7687108077ef4a3dd7168953a,Extract Class,SystemController,52,62,
f7287aa609914ee7687108077ef4a3dd7168953a,Extract Class,SystemController,52,62,
f7287aa609914ee7687108077ef4a3dd7168953a,Extract Class,SystemController,52,62,
c45eb298fa40b688a221d25cc0cf5bdb45fa13eb,Add Parameter,OdmController,337,338,
c45eb298fa40b688a221d25cc0cf5bdb45fa13eb,Add Parameter,OdmController,337,338,
3b5f1ce9bceef0cae87a43e9197c12de3477e3df,Rename Parameter,GenerateClinicalDataServiceImpl,406,405,
3b5f1ce9bceef0cae87a43e9197c12de3477e3df,Rename Parameter,GenerateClinicalDataServiceImpl,406,405,
3b5f1ce9bceef0cae87a43e9197c12de3477e3df,Rename Parameter,GenerateClinicalDataServiceImpl,406,405,
3b5f1ce9bceef0cae87a43e9197c12de3477e3df,Rename Parameter,GenerateClinicalDataServiceImpl,406,405,
3b5f1ce9bceef0cae87a43e9197c12de3477e3df,Rename Parameter,GenerateClinicalDataServiceImpl,406,405,
5aba84323439465d12139d96115a7729e09c56ad,Remove Parameter,ViewRuleAssignmentTableFactory,861,861,
5aba84323439465d12139d96115a7729e09c56ad,Remove Parameter,ViewRuleAssignmentTableFactory,861,861,
05f9136884fcedca66c0229a6f224a25316aab39,Add Parameter,ViewRuleAssignmentTableFactory,863,861,
05f9136884fcedca66c0229a6f224a25316aab39,Add Parameter,ViewRuleAssignmentTableFactory,863,861,
af2ac2adbf0f663512a67300358452651b970bc2,Change Variable Type,DataEntryServlet,4162,4164,
af2ac2adbf0f663512a67300358452651b970bc2,Change Variable Type,DataEntryServlet,4162,4164,
9287cb1985160fe79a3d1b2ecca665c799b139e5,Extract Variable,OpenRosaServices,374,377,
5a62f04b42318a916bbba7f48061199b18c69cad,Rename Variable,ScheduledJobController,62,63,
5a62f04b42318a916bbba7f48061199b18c69cad,Rename Variable,ScheduledJobController,62,63,
c6c0a2583ce4baa98b163361b48ae407a4fcb75e,Modify Class Annotation,Tag,29,24,
727cf47b2cccaa4ace2d27e957ace2471175cc4e,Remove Class Annotation,StudyEventDao,14,14,
727cf47b2cccaa4ace2d27e957ace2471175cc4e,Remove Class Annotation,StudyEventDao,14,14,
727cf47b2cccaa4ace2d27e957ace2471175cc4e,Remove Class Annotation,StudyEventDao,14,14,
727cf47b2cccaa4ace2d27e957ace2471175cc4e,Remove Class Annotation,StudyEventDao,14,14,
5530ad8b3ae93295d7b669e76966a567247d3101,Add Parameter,AnonymousFormControllerV2,181,183,
5530ad8b3ae93295d7b669e76966a567247d3101,Add Parameter,AnonymousFormControllerV2,181,183,
fcaa214c36422d3ca81539e32556510e7ba18f90,Rename Method,EventDefinitionCrfDao,36,36,
fcaa214c36422d3ca81539e32556510e7ba18f90,Rename Method,EventDefinitionCrfDao,36,36,
fcaa214c36422d3ca81539e32556510e7ba18f90,Rename Method,EventDefinitionCrfDao,36,36,
7f17db91647c28f144d7d83614a093ed4f95e897,Modify Method Annotation,DiscrepancyNote,170,170,
7f17db91647c28f144d7d83614a093ed4f95e897,Modify Method Annotation,DiscrepancyNote,170,170,
7f17db91647c28f144d7d83614a093ed4f95e897,Modify Method Annotation,DiscrepancyNote,170,170,
7f17db91647c28f144d7d83614a093ed4f95e897,Modify Method Annotation,DiscrepancyNote,170,170,
7f17db91647c28f144d7d83614a093ed4f95e897,Modify Method Annotation,DiscrepancyNote,170,170,
7f17db91647c28f144d7d83614a093ed4f95e897,Modify Method Annotation,DiscrepancyNote,170,170,
7f17db91647c28f144d7d83614a093ed4f95e897,Modify Method Annotation,DiscrepancyNote,170,170,
7f17db91647c28f144d7d83614a093ed4f95e897,Modify Method Annotation,DiscrepancyNote,170,170,
7f17db91647c28f144d7d83614a093ed4f95e897,Modify Method Annotation,DiscrepancyNote,170,170,
7f17db91647c28f144d7d83614a093ed4f95e897,Modify Method Annotation,DiscrepancyNote,170,170,
7f17db91647c28f144d7d83614a093ed4f95e897,Modify Method Annotation,DiscrepancyNote,170,170,
7f17db91647c28f144d7d83614a093ed4f95e897,Modify Method Annotation,DiscrepancyNote,170,170,
7f17db91647c28f144d7d83614a093ed4f95e897,Modify Method Annotation,DiscrepancyNote,170,170,
7f17db91647c28f144d7d83614a093ed4f95e897,Modify Method Annotation,DiscrepancyNote,170,170,
7f17db91647c28f144d7d83614a093ed4f95e897,Modify Method Annotation,DiscrepancyNote,170,170,
7f17db91647c28f144d7d83614a093ed4f95e897,Modify Method Annotation,DiscrepancyNote,170,170,
139c7b01949e7b64b01e8fc755438d3bf8f40ce5,Extract Method,StudySubjectProcessor,41,121,
139c7b01949e7b64b01e8fc755438d3bf8f40ce5,Extract Method,StudySubjectProcessor,41,121,
e2e612b2393b31cb2904ce826c3b5ad8373de805,Modify Class Annotation,IdtViewController,69,69,
0d02bcabfa8163cc7449fb71182f9d8acee64db1,Add Class Annotation,PformSubmissionNotificationService,15,16,
b1ddd9153def56df43f32aa955ca946f7407d820,Extract Variable,EventProcessor,110,104,
e9ae65070b856516acfbd183dd59681c963f375a,Extract Variable,ResponseSetService,60,60,
875dba37d49d70c5c265bf84443729fbbd25127a,Add Class Annotation,EnketoURLResponse,3,5,
01706637aef0594824dca3f0a13b9842fe3a692f,Change Class Access Modifier,UploadFileServlet,137,137,
01706637aef0594824dca3f0a13b9842fe3a692f,Change Class Access Modifier,UploadFileServlet,137,137,
01706637aef0594824dca3f0a13b9842fe3a692f,Change Class Access Modifier,UploadFileServlet,137,137,
01706637aef0594824dca3f0a13b9842fe3a692f,Change Class Access Modifier,UploadFileServlet,137,137,
4bb75f4aed43987c11c7e2a71adc4949bdd2b4b1,Extract Method,PFormCache,42,56,
1494843b40fd76393c8b6d264a4bbf461377c8f3,Rename Method,DiscrepancyNoteDao,16,21,
1494843b40fd76393c8b6d264a4bbf461377c8f3,Rename Method,DiscrepancyNoteDao,16,21,
1494843b40fd76393c8b6d264a4bbf461377c8f3,Rename Method,DiscrepancyNoteDao,16,21,
6148a5f5b14968c3e59c3160605093d936b0ba6a,Extract Class,EventDefinitionCrfTagService,112,28,
6148a5f5b14968c3e59c3160605093d936b0ba6a,Extract Class,EventDefinitionCrfTagService,112,28,
6148a5f5b14968c3e59c3160605093d936b0ba6a,Extract Class,EventDefinitionCrfTagService,112,28,
6148a5f5b14968c3e59c3160605093d936b0ba6a,Extract Class,EventDefinitionCrfTagService,112,28,
6148a5f5b14968c3e59c3160605093d936b0ba6a,Extract Class,EventDefinitionCrfTagService,112,28,
6148a5f5b14968c3e59c3160605093d936b0ba6a,Extract Class,EventDefinitionCrfTagService,112,28,
6148a5f5b14968c3e59c3160605093d936b0ba6a,Extract Class,EventDefinitionCrfTagService,112,28,
6148a5f5b14968c3e59c3160605093d936b0ba6a,Extract Class,EventDefinitionCrfTagService,112,28,
fca9b838e0721eb47d109e299f977e6b6d65bc25,Rename Parameter,EventCrf,75,74,
fca9b838e0721eb47d109e299f977e6b6d65bc25,Rename Parameter,EventCrf,75,74,
fca9b838e0721eb47d109e299f977e6b6d65bc25,Rename Parameter,EventCrf,75,74,
fca9b838e0721eb47d109e299f977e6b6d65bc25,Rename Parameter,EventCrf,75,74,
fca9b838e0721eb47d109e299f977e6b6d65bc25,Rename Parameter,EventCrf,75,74,
fca9b838e0721eb47d109e299f977e6b6d65bc25,Rename Parameter,EventCrf,75,74,
fca9b838e0721eb47d109e299f977e6b6d65bc25,Rename Parameter,EventCrf,75,74,
fca9b838e0721eb47d109e299f977e6b6d65bc25,Rename Parameter,EventCrf,75,74,
fca9b838e0721eb47d109e299f977e6b6d65bc25,Rename Parameter,EventCrf,75,74,
fca9b838e0721eb47d109e299f977e6b6d65bc25,Rename Parameter,EventCrf,75,74,
fca9b838e0721eb47d109e299f977e6b6d65bc25,Rename Parameter,EventCrf,75,74,
fca9b838e0721eb47d109e299f977e6b6d65bc25,Rename Parameter,EventCrf,75,74,
fca9b838e0721eb47d109e299f977e6b6d65bc25,Rename Parameter,EventCrf,75,74,
fca9b838e0721eb47d109e299f977e6b6d65bc25,Rename Parameter,EventCrf,75,74,
fca9b838e0721eb47d109e299f977e6b6d65bc25,Rename Parameter,EventCrf,75,74,
fca9b838e0721eb47d109e299f977e6b6d65bc25,Rename Parameter,EventCrf,75,74,
fca9b838e0721eb47d109e299f977e6b6d65bc25,Rename Parameter,EventCrf,75,74,
fca9b838e0721eb47d109e299f977e6b6d65bc25,Rename Parameter,EventCrf,75,74,
fca9b838e0721eb47d109e299f977e6b6d65bc25,Rename Parameter,EventCrf,75,74,
fca9b838e0721eb47d109e299f977e6b6d65bc25,Rename Parameter,EventCrf,75,74,
fca9b838e0721eb47d109e299f977e6b6d65bc25,Rename Parameter,EventCrf,75,74,
fca9b838e0721eb47d109e299f977e6b6d65bc25,Rename Parameter,EventCrf,75,74,
fca9b838e0721eb47d109e299f977e6b6d65bc25,Rename Parameter,EventCrf,75,74,
fca9b838e0721eb47d109e299f977e6b6d65bc25,Rename Parameter,EventCrf,75,74,
fca9b838e0721eb47d109e299f977e6b6d65bc25,Rename Parameter,EventCrf,75,74,
fca9b838e0721eb47d109e299f977e6b6d65bc25,Rename Parameter,EventCrf,75,74,
fca9b838e0721eb47d109e299f977e6b6d65bc25,Rename Parameter,EventCrf,75,74,
fca9b838e0721eb47d109e299f977e6b6d65bc25,Rename Parameter,EventCrf,75,74,
848c8a7110db8a9075cd62111ccdadf0f41b389d,Rename Variable,PformSubmissionService,705,710,
2f6716d9c42db2d5704cef879f96d883a5beb7d7,Add Parameter,IdtViewDao,17,20,
2f6716d9c42db2d5704cef879f96d883a5beb7d7,Add Parameter,IdtViewDao,17,20,
2f6716d9c42db2d5704cef879f96d883a5beb7d7,Add Parameter,IdtViewDao,17,20,
2f6716d9c42db2d5704cef879f96d883a5beb7d7,Add Parameter,IdtViewDao,17,20,
2f6716d9c42db2d5704cef879f96d883a5beb7d7,Add Parameter,IdtViewDao,17,20,
2f6716d9c42db2d5704cef879f96d883a5beb7d7,Add Parameter,IdtViewDao,17,20,
2f6716d9c42db2d5704cef879f96d883a5beb7d7,Add Parameter,IdtViewDao,17,20,
2f6716d9c42db2d5704cef879f96d883a5beb7d7,Add Parameter,IdtViewDao,17,20,
2f6716d9c42db2d5704cef879f96d883a5beb7d7,Add Parameter,IdtViewDao,17,20,
2f6716d9c42db2d5704cef879f96d883a5beb7d7,Add Parameter,IdtViewDao,17,20,
2f6716d9c42db2d5704cef879f96d883a5beb7d7,Add Parameter,IdtViewDao,17,20,
2f6716d9c42db2d5704cef879f96d883a5beb7d7,Add Parameter,IdtViewDao,17,20,
2f6716d9c42db2d5704cef879f96d883a5beb7d7,Add Parameter,IdtViewDao,17,20,
2f6716d9c42db2d5704cef879f96d883a5beb7d7,Add Parameter,IdtViewDao,17,20,
2f6716d9c42db2d5704cef879f96d883a5beb7d7,Add Parameter,IdtViewDao,17,20,
2f6716d9c42db2d5704cef879f96d883a5beb7d7,Add Parameter,IdtViewDao,17,20,
2f6716d9c42db2d5704cef879f96d883a5beb7d7,Add Parameter,IdtViewDao,17,20,
2f6716d9c42db2d5704cef879f96d883a5beb7d7,Add Parameter,IdtViewDao,17,20,
2f6716d9c42db2d5704cef879f96d883a5beb7d7,Add Parameter,IdtViewDao,17,20,
2f6716d9c42db2d5704cef879f96d883a5beb7d7,Add Parameter,IdtViewDao,17,20,
2f6716d9c42db2d5704cef879f96d883a5beb7d7,Add Parameter,IdtViewDao,17,20,
2f6716d9c42db2d5704cef879f96d883a5beb7d7,Add Parameter,IdtViewDao,17,20,
2f6716d9c42db2d5704cef879f96d883a5beb7d7,Add Parameter,IdtViewDao,17,20,
2f6716d9c42db2d5704cef879f96d883a5beb7d7,Add Parameter,IdtViewDao,17,20,
2f6716d9c42db2d5704cef879f96d883a5beb7d7,Add Parameter,IdtViewDao,17,20,
2f6716d9c42db2d5704cef879f96d883a5beb7d7,Add Parameter,IdtViewDao,17,20,
2f6716d9c42db2d5704cef879f96d883a5beb7d7,Add Parameter,IdtViewDao,17,20,
2f6716d9c42db2d5704cef879f96d883a5beb7d7,Add Parameter,IdtViewDao,17,20,
2f6716d9c42db2d5704cef879f96d883a5beb7d7,Add Parameter,IdtViewDao,17,20,
2f6716d9c42db2d5704cef879f96d883a5beb7d7,Add Parameter,IdtViewDao,17,20,
2f6716d9c42db2d5704cef879f96d883a5beb7d7,Add Parameter,IdtViewDao,17,20,
2f6716d9c42db2d5704cef879f96d883a5beb7d7,Add Parameter,IdtViewDao,17,20,
2f6716d9c42db2d5704cef879f96d883a5beb7d7,Add Parameter,IdtViewDao,17,20,
2f6716d9c42db2d5704cef879f96d883a5beb7d7,Add Parameter,IdtViewDao,17,20,
2f6716d9c42db2d5704cef879f96d883a5beb7d7,Add Parameter,IdtViewDao,17,20,
be44256cb48d980edc35ad64e4b49505475462de,Rename Method,DiscrepancyNoteDAO,244,244,
9842bf183aaa19ee8f65f066242c1c33b4100d47,Add Class Annotation,StudyUserRole,19,24,
9842bf183aaa19ee8f65f066242c1c33b4100d47,Add Class Annotation,StudyUserRole,19,24,
9842bf183aaa19ee8f65f066242c1c33b4100d47,Add Class Annotation,StudyUserRole,19,24,
9842bf183aaa19ee8f65f066242c1c33b4100d47,Add Class Annotation,StudyUserRole,19,24,
9842bf183aaa19ee8f65f066242c1c33b4100d47,Add Class Annotation,StudyUserRole,19,24,
9842bf183aaa19ee8f65f066242c1c33b4100d47,Add Class Annotation,StudyUserRole,19,24,
9842bf183aaa19ee8f65f066242c1c33b4100d47,Add Class Annotation,StudyUserRole,19,24,
9842bf183aaa19ee8f65f066242c1c33b4100d47,Add Class Annotation,StudyUserRole,19,24,
9842bf183aaa19ee8f65f066242c1c33b4100d47,Add Class Annotation,StudyUserRole,19,24,
63db43063a01a4fd7fcb24468cc98272fa9217ee,Remove Method Annotation,ItemDataDao,7,9,
63db43063a01a4fd7fcb24468cc98272fa9217ee,Remove Method Annotation,ItemDataDao,7,9,
63db43063a01a4fd7fcb24468cc98272fa9217ee,Remove Method Annotation,ItemDataDao,7,9,
63db43063a01a4fd7fcb24468cc98272fa9217ee,Remove Method Annotation,ItemDataDao,7,9,
63db43063a01a4fd7fcb24468cc98272fa9217ee,Remove Method Annotation,ItemDataDao,7,9,
63db43063a01a4fd7fcb24468cc98272fa9217ee,Remove Method Annotation,ItemDataDao,7,9,
63db43063a01a4fd7fcb24468cc98272fa9217ee,Remove Method Annotation,ItemDataDao,7,9,
63db43063a01a4fd7fcb24468cc98272fa9217ee,Remove Method Annotation,ItemDataDao,7,9,
4ea63d5fdae3bb09c97c2423c977ccbf792a2a52,Add Parameter,IdtViewDao,17,17,
4ea63d5fdae3bb09c97c2423c977ccbf792a2a52,Add Parameter,IdtViewDao,17,17,
4ea63d5fdae3bb09c97c2423c977ccbf792a2a52,Add Parameter,IdtViewDao,17,17,
4ea63d5fdae3bb09c97c2423c977ccbf792a2a52,Add Parameter,IdtViewDao,17,17,
4ea63d5fdae3bb09c97c2423c977ccbf792a2a52,Add Parameter,IdtViewDao,17,17,
4ea63d5fdae3bb09c97c2423c977ccbf792a2a52,Add Parameter,IdtViewDao,17,17,
4ea63d5fdae3bb09c97c2423c977ccbf792a2a52,Add Parameter,IdtViewDao,17,17,
fdf7bdf5ff23f1828a61ae83a8bcad4c7c00d09b,Change Return Type,ExpressionService,260,260,
49dae2e394d45fd0f521ac145a7df5936fb5c5f4,Rename Parameter,Study,59,50,
481a5a827799e1646ba80113ae5e4a92f7955083,Extract Variable,RuleSetService,770,770,
97ab60a7f84525b31af40f307524473a9c8e3b0f,Rename Variable,CoreResources,392,392,
97ab60a7f84525b31af40f307524473a9c8e3b0f,Rename Variable,CoreResources,392,392,
97ab60a7f84525b31af40f307524473a9c8e3b0f,Rename Variable,CoreResources,392,392,
b12817689deb9297bd785035cd606a546928ba07,Add Parameter,RandomizationRegistrar,113,110,
10448c73eda4370d16ff037b33fd583b600d939c,Add Parameter,RandomizationRegistrar,84,69,
afde165eb0adf38afd33c55c17af4699a9b7d5fa,Add Parameter,PformSubmissionService,219,268,
afde165eb0adf38afd33c55c17af4699a9b7d5fa,Add Parameter,PformSubmissionService,219,268,
afde165eb0adf38afd33c55c17af4699a9b7d5fa,Add Parameter,PformSubmissionService,219,268,
afde165eb0adf38afd33c55c17af4699a9b7d5fa,Add Parameter,PformSubmissionService,219,268,
2911aa939da18c3d25ef92025b76b2a815386d8f,Rename Parameter,EnketoAPI,78,81,
3b0879077ee93cb4676fc8dc5b9940c986e95d4b,Rename Parameter,ItemDataDAO,756,761,
3b0879077ee93cb4676fc8dc5b9940c986e95d4b,Rename Parameter,ItemDataDAO,756,761,
3b0879077ee93cb4676fc8dc5b9940c986e95d4b,Rename Parameter,ItemDataDAO,756,761,
3b0879077ee93cb4676fc8dc5b9940c986e95d4b,Rename Parameter,ItemDataDAO,756,761,
3b0879077ee93cb4676fc8dc5b9940c986e95d4b,Rename Parameter,ItemDataDAO,756,761,
3b0879077ee93cb4676fc8dc5b9940c986e95d4b,Rename Parameter,ItemDataDAO,756,761,
3b0879077ee93cb4676fc8dc5b9940c986e95d4b,Rename Parameter,ItemDataDAO,756,761,
3b0879077ee93cb4676fc8dc5b9940c986e95d4b,Rename Parameter,ItemDataDAO,756,761,
3b0879077ee93cb4676fc8dc5b9940c986e95d4b,Rename Parameter,ItemDataDAO,756,761,
3b0879077ee93cb4676fc8dc5b9940c986e95d4b,Rename Parameter,ItemDataDAO,756,761,
3b0879077ee93cb4676fc8dc5b9940c986e95d4b,Rename Parameter,ItemDataDAO,756,761,
3b0879077ee93cb4676fc8dc5b9940c986e95d4b,Rename Parameter,ItemDataDAO,756,761,
3b0879077ee93cb4676fc8dc5b9940c986e95d4b,Rename Parameter,ItemDataDAO,756,761,
3b0879077ee93cb4676fc8dc5b9940c986e95d4b,Rename Parameter,ItemDataDAO,756,761,
3b0879077ee93cb4676fc8dc5b9940c986e95d4b,Rename Parameter,ItemDataDAO,756,761,
3b0879077ee93cb4676fc8dc5b9940c986e95d4b,Rename Parameter,ItemDataDAO,756,761,
3b0879077ee93cb4676fc8dc5b9940c986e95d4b,Rename Parameter,ItemDataDAO,756,761,
3b0879077ee93cb4676fc8dc5b9940c986e95d4b,Rename Parameter,ItemDataDAO,756,761,
3b0879077ee93cb4676fc8dc5b9940c986e95d4b,Rename Parameter,ItemDataDAO,756,761,
3b0879077ee93cb4676fc8dc5b9940c986e95d4b,Rename Parameter,ItemDataDAO,756,761,
3b0879077ee93cb4676fc8dc5b9940c986e95d4b,Rename Parameter,ItemDataDAO,756,761,
3b0879077ee93cb4676fc8dc5b9940c986e95d4b,Rename Parameter,ItemDataDAO,756,761,
3b0879077ee93cb4676fc8dc5b9940c986e95d4b,Rename Parameter,ItemDataDAO,756,761,
3b0879077ee93cb4676fc8dc5b9940c986e95d4b,Rename Parameter,ItemDataDAO,756,761,
3b0879077ee93cb4676fc8dc5b9940c986e95d4b,Rename Parameter,ItemDataDAO,756,761,
3b0879077ee93cb4676fc8dc5b9940c986e95d4b,Rename Parameter,ItemDataDAO,756,761,
3b0879077ee93cb4676fc8dc5b9940c986e95d4b,Rename Parameter,ItemDataDAO,756,761,
3b0879077ee93cb4676fc8dc5b9940c986e95d4b,Rename Parameter,ItemDataDAO,756,761,
3b0879077ee93cb4676fc8dc5b9940c986e95d4b,Rename Parameter,ItemDataDAO,756,761,
3b0879077ee93cb4676fc8dc5b9940c986e95d4b,Rename Parameter,ItemDataDAO,756,761,
3b0879077ee93cb4676fc8dc5b9940c986e95d4b,Rename Parameter,ItemDataDAO,756,761,
3b0879077ee93cb4676fc8dc5b9940c986e95d4b,Rename Parameter,ItemDataDAO,756,761,
3b0879077ee93cb4676fc8dc5b9940c986e95d4b,Rename Parameter,ItemDataDAO,756,761,
3b0879077ee93cb4676fc8dc5b9940c986e95d4b,Rename Parameter,ItemDataDAO,756,761,
3b0879077ee93cb4676fc8dc5b9940c986e95d4b,Rename Parameter,ItemDataDAO,756,761,
3b0879077ee93cb4676fc8dc5b9940c986e95d4b,Rename Parameter,ItemDataDAO,756,761,
3b0879077ee93cb4676fc8dc5b9940c986e95d4b,Rename Parameter,ItemDataDAO,756,761,
3b0879077ee93cb4676fc8dc5b9940c986e95d4b,Rename Parameter,ItemDataDAO,756,761,
3b0879077ee93cb4676fc8dc5b9940c986e95d4b,Rename Parameter,ItemDataDAO,756,761,
3b0879077ee93cb4676fc8dc5b9940c986e95d4b,Rename Parameter,ItemDataDAO,756,761,
3b0879077ee93cb4676fc8dc5b9940c986e95d4b,Rename Parameter,ItemDataDAO,756,761,
3b0879077ee93cb4676fc8dc5b9940c986e95d4b,Rename Parameter,ItemDataDAO,756,761,
3b0879077ee93cb4676fc8dc5b9940c986e95d4b,Rename Parameter,ItemDataDAO,756,761,
3b0879077ee93cb4676fc8dc5b9940c986e95d4b,Rename Parameter,ItemDataDAO,756,761,
3b0879077ee93cb4676fc8dc5b9940c986e95d4b,Rename Parameter,ItemDataDAO,756,761,
3b0879077ee93cb4676fc8dc5b9940c986e95d4b,Rename Parameter,ItemDataDAO,756,761,
3b0879077ee93cb4676fc8dc5b9940c986e95d4b,Rename Parameter,ItemDataDAO,756,761,
3b0879077ee93cb4676fc8dc5b9940c986e95d4b,Rename Parameter,ItemDataDAO,756,761,
3b0879077ee93cb4676fc8dc5b9940c986e95d4b,Rename Parameter,ItemDataDAO,756,761,
3b0879077ee93cb4676fc8dc5b9940c986e95d4b,Rename Parameter,ItemDataDAO,756,761,
3b0879077ee93cb4676fc8dc5b9940c986e95d4b,Rename Parameter,ItemDataDAO,756,761,
3b0879077ee93cb4676fc8dc5b9940c986e95d4b,Rename Parameter,ItemDataDAO,756,761,
3b0879077ee93cb4676fc8dc5b9940c986e95d4b,Rename Parameter,ItemDataDAO,756,761,
3b0879077ee93cb4676fc8dc5b9940c986e95d4b,Rename Parameter,ItemDataDAO,756,761,
3b0879077ee93cb4676fc8dc5b9940c986e95d4b,Rename Parameter,ItemDataDAO,756,761,
3b0879077ee93cb4676fc8dc5b9940c986e95d4b,Rename Parameter,ItemDataDAO,756,761,
3b0879077ee93cb4676fc8dc5b9940c986e95d4b,Rename Parameter,ItemDataDAO,756,761,
3b0879077ee93cb4676fc8dc5b9940c986e95d4b,Rename Parameter,ItemDataDAO,756,761,
3b0879077ee93cb4676fc8dc5b9940c986e95d4b,Rename Parameter,ItemDataDAO,756,761,
3b0879077ee93cb4676fc8dc5b9940c986e95d4b,Rename Parameter,ItemDataDAO,756,761,
3b0879077ee93cb4676fc8dc5b9940c986e95d4b,Rename Parameter,ItemDataDAO,756,761,
3b0879077ee93cb4676fc8dc5b9940c986e95d4b,Rename Parameter,ItemDataDAO,756,761,
3b0879077ee93cb4676fc8dc5b9940c986e95d4b,Rename Parameter,ItemDataDAO,756,761,
3b0879077ee93cb4676fc8dc5b9940c986e95d4b,Rename Parameter,ItemDataDAO,756,761,
3b0879077ee93cb4676fc8dc5b9940c986e95d4b,Rename Parameter,ItemDataDAO,756,761,
3b0879077ee93cb4676fc8dc5b9940c986e95d4b,Rename Parameter,ItemDataDAO,756,761,
3b0879077ee93cb4676fc8dc5b9940c986e95d4b,Rename Parameter,ItemDataDAO,756,761,
3b0879077ee93cb4676fc8dc5b9940c986e95d4b,Rename Parameter,ItemDataDAO,756,761,
3b0879077ee93cb4676fc8dc5b9940c986e95d4b,Rename Parameter,ItemDataDAO,756,761,
e8d7e5d6b45331ccc2fc575b75ed467feaeb3f64,Extract Method,ExpressionService,356,416,
e8d7e5d6b45331ccc2fc575b75ed467feaeb3f64,Extract Method,ExpressionService,356,416,
d884b581358c1eb1dc6879a648f6cb307e0fd67b,Add Parameter,PformSubmissionService,827,813,
d884b581358c1eb1dc6879a648f6cb307e0fd67b,Add Parameter,PformSubmissionService,827,813,
d884b581358c1eb1dc6879a648f6cb307e0fd67b,Add Parameter,PformSubmissionService,827,813,
f0083df69b5228f7d10b7c2b7f8e2608f16daaf5,Change Method Access Modifier,SecureController,271,1149,
f0083df69b5228f7d10b7c2b7f8e2608f16daaf5,Change Method Access Modifier,SecureController,271,1149,
f0083df69b5228f7d10b7c2b7f8e2608f16daaf5,Change Method Access Modifier,SecureController,271,1149,
f0083df69b5228f7d10b7c2b7f8e2608f16daaf5,Change Method Access Modifier,SecureController,271,1149,
f0083df69b5228f7d10b7c2b7f8e2608f16daaf5,Change Method Access Modifier,SecureController,271,1149,
f0083df69b5228f7d10b7c2b7f8e2608f16daaf5,Change Method Access Modifier,SecureController,271,1149,
f0083df69b5228f7d10b7c2b7f8e2608f16daaf5,Change Method Access Modifier,SecureController,271,1149,
f0083df69b5228f7d10b7c2b7f8e2608f16daaf5,Change Method Access Modifier,SecureController,271,1149,
f0083df69b5228f7d10b7c2b7f8e2608f16daaf5,Change Method Access Modifier,SecureController,271,1149,
f0083df69b5228f7d10b7c2b7f8e2608f16daaf5,Change Method Access Modifier,SecureController,271,1149,
f0083df69b5228f7d10b7c2b7f8e2608f16daaf5,Change Method Access Modifier,SecureController,271,1149,
f0083df69b5228f7d10b7c2b7f8e2608f16daaf5,Change Method Access Modifier,SecureController,271,1149,
f0083df69b5228f7d10b7c2b7f8e2608f16daaf5,Change Method Access Modifier,SecureController,271,1149,
f0083df69b5228f7d10b7c2b7f8e2608f16daaf5,Change Method Access Modifier,SecureController,271,1149,
f0083df69b5228f7d10b7c2b7f8e2608f16daaf5,Change Method Access Modifier,SecureController,271,1149,
f0083df69b5228f7d10b7c2b7f8e2608f16daaf5,Change Method Access Modifier,SecureController,271,1149,
f0083df69b5228f7d10b7c2b7f8e2608f16daaf5,Change Method Access Modifier,SecureController,271,1149,
f0083df69b5228f7d10b7c2b7f8e2608f16daaf5,Change Method Access Modifier,SecureController,271,1149,
f0083df69b5228f7d10b7c2b7f8e2608f16daaf5,Change Method Access Modifier,SecureController,271,1149,
f0083df69b5228f7d10b7c2b7f8e2608f16daaf5,Change Method Access Modifier,SecureController,271,1149,
f0083df69b5228f7d10b7c2b7f8e2608f16daaf5,Change Method Access Modifier,SecureController,271,1149,
f0083df69b5228f7d10b7c2b7f8e2608f16daaf5,Change Method Access Modifier,SecureController,271,1149,
82be7d36d6956ce97a1a5ed99e5c498c23faa450,Modify Method Annotation,CrfBean,140,141,
82be7d36d6956ce97a1a5ed99e5c498c23faa450,Modify Method Annotation,CrfBean,140,141,
82be7d36d6956ce97a1a5ed99e5c498c23faa450,Modify Method Annotation,CrfBean,140,141,
82be7d36d6956ce97a1a5ed99e5c498c23faa450,Modify Method Annotation,CrfBean,140,141,
82be7d36d6956ce97a1a5ed99e5c498c23faa450,Modify Method Annotation,CrfBean,140,141,
b890c1b6d4c2e827aad709fcacd143dc88f5a8c4,Encapsulate Attribute,DynamicsMetadataService,96,96,
9e7e114fd25fb3e38bb0d3e50c046621bea8bd7c,Inline Method,RandomizeActionProcessor,87,33,
9e7e114fd25fb3e38bb0d3e50c046621bea8bd7c,Inline Method,RandomizeActionProcessor,87,33,
93319a0d369857fa2560e8039b6c63a016b9287f,Add Parameter,CreateXformCRFVersionServlet,120,120,
0db5985bfa06068c0e2023f508309853b08ed5ca,Extract Class,RandomizeService,78,51,
0db5985bfa06068c0e2023f508309853b08ed5ca,Extract Class,RandomizeService,78,51,
0db5985bfa06068c0e2023f508309853b08ed5ca,Extract Class,RandomizeService,78,51,
0db5985bfa06068c0e2023f508309853b08ed5ca,Extract Class,RandomizeService,78,51,
0db5985bfa06068c0e2023f508309853b08ed5ca,Extract Class,RandomizeService,78,51,
0db5985bfa06068c0e2023f508309853b08ed5ca,Extract Class,RandomizeService,78,51,
0db5985bfa06068c0e2023f508309853b08ed5ca,Extract Class,RandomizeService,78,51,
0db5985bfa06068c0e2023f508309853b08ed5ca,Extract Class,RandomizeService,78,51,
0db5985bfa06068c0e2023f508309853b08ed5ca,Extract Class,RandomizeService,78,51,
0db5985bfa06068c0e2023f508309853b08ed5ca,Extract Class,RandomizeService,78,51,
df49e0ab156c6d8f39f76cf53af9f0de652e9c78,Modify Method Annotation,EventCrf,269,269,
df49e0ab156c6d8f39f76cf53af9f0de652e9c78,Modify Method Annotation,EventCrf,269,269,
2b8ce40d81efec85c1d60efb477940dcc1b72735,Add Thrown Exception Type,DynamicsMetadataService,989,1015,
daa1becbd473392501bf06258809781469bbcaf6,Add Parameter,DynamicsMetadataService,472,485,
daa1becbd473392501bf06258809781469bbcaf6,Add Parameter,DynamicsMetadataService,472,485,
daa1becbd473392501bf06258809781469bbcaf6,Add Parameter,DynamicsMetadataService,472,485,
daa1becbd473392501bf06258809781469bbcaf6,Add Parameter,DynamicsMetadataService,472,485,
85e18c317fd9601d9163a9a56d271979071f21c0,Rename Method,ItemDataBean,162,163,
85e18c317fd9601d9163a9a56d271979071f21c0,Rename Method,ItemDataBean,162,163,
85e18c317fd9601d9163a9a56d271979071f21c0,Rename Method,ItemDataBean,162,163,
85e18c317fd9601d9163a9a56d271979071f21c0,Rename Method,ItemDataBean,162,163,
85e18c317fd9601d9163a9a56d271979071f21c0,Rename Method,ItemDataBean,162,163,
85e18c317fd9601d9163a9a56d271979071f21c0,Rename Method,ItemDataBean,162,163,
85e18c317fd9601d9163a9a56d271979071f21c0,Rename Method,ItemDataBean,162,163,
85e18c317fd9601d9163a9a56d271979071f21c0,Rename Method,ItemDataBean,162,163,
85e18c317fd9601d9163a9a56d271979071f21c0,Rename Method,ItemDataBean,162,163,
85e18c317fd9601d9163a9a56d271979071f21c0,Rename Method,ItemDataBean,162,163,
277c406cdafc0689b0e10f55741c491ec06b6633,Rename Parameter,ItemDataDAO,756,761,
277c406cdafc0689b0e10f55741c491ec06b6633,Rename Parameter,ItemDataDAO,756,761,
277c406cdafc0689b0e10f55741c491ec06b6633,Rename Parameter,ItemDataDAO,756,761,
277c406cdafc0689b0e10f55741c491ec06b6633,Rename Parameter,ItemDataDAO,756,761,
277c406cdafc0689b0e10f55741c491ec06b6633,Rename Parameter,ItemDataDAO,756,761,
277c406cdafc0689b0e10f55741c491ec06b6633,Rename Parameter,ItemDataDAO,756,761,
277c406cdafc0689b0e10f55741c491ec06b6633,Rename Parameter,ItemDataDAO,756,761,
277c406cdafc0689b0e10f55741c491ec06b6633,Rename Parameter,ItemDataDAO,756,761,
bd0898e2eb7827fcd4e2b38a268bb1ea16c1a7cf,Rename Method,RandomizeActionBean,58,55,
bd0898e2eb7827fcd4e2b38a268bb1ea16c1a7cf,Rename Method,RandomizeActionBean,58,55,
bd0898e2eb7827fcd4e2b38a268bb1ea16c1a7cf,Rename Method,RandomizeActionBean,58,55,
bd0898e2eb7827fcd4e2b38a268bb1ea16c1a7cf,Rename Method,RandomizeActionBean,58,55,
ac2cd7a4743a3cfd8eeec06df7dcd60404bc2343,Inline Variable,OdmController,260,263,
ac2cd7a4743a3cfd8eeec06df7dcd60404bc2343,Inline Variable,OdmController,260,263,
ac2cd7a4743a3cfd8eeec06df7dcd60404bc2343,Inline Variable,OdmController,260,263,
ac2cd7a4743a3cfd8eeec06df7dcd60404bc2343,Inline Variable,OdmController,260,263,
ac2cd7a4743a3cfd8eeec06df7dcd60404bc2343,Inline Variable,OdmController,260,263,
ac2cd7a4743a3cfd8eeec06df7dcd60404bc2343,Inline Variable,OdmController,260,263,
ac2cd7a4743a3cfd8eeec06df7dcd60404bc2343,Inline Variable,OdmController,260,263,
ac2cd7a4743a3cfd8eeec06df7dcd60404bc2343,Inline Variable,OdmController,260,263,
65ce9cb98ae2f044663b2e39ec27062012ef0bd8,Add Parameter,ParticipantPortalRegistrar,141,139,
9bcf9cb4c75d855baa9e6258bee35564ed0a2bda,Change Return Type,ParticipantDTO,110,110,
9bcf9cb4c75d855baa9e6258bee35564ed0a2bda,Change Return Type,ParticipantDTO,110,110,
9bcf9cb4c75d855baa9e6258bee35564ed0a2bda,Change Return Type,ParticipantDTO,110,110,
9bcf9cb4c75d855baa9e6258bee35564ed0a2bda,Change Return Type,ParticipantDTO,110,110,
b588030c82fe4e3bfaeb58352e2f16271a1470b0,Rename Parameter,DiscrepancyNoteDAO,244,244,
b588030c82fe4e3bfaeb58352e2f16271a1470b0,Rename Parameter,DiscrepancyNoteDAO,244,244,
32a7858563a95a6cafc0ff7b2aef8ab5c167aeed,Encapsulate Attribute,PformSubmissionService,84,104,
32a7858563a95a6cafc0ff7b2aef8ab5c167aeed,Encapsulate Attribute,PformSubmissionService,84,104,
32a7858563a95a6cafc0ff7b2aef8ab5c167aeed,Encapsulate Attribute,PformSubmissionService,84,104,
2198969c67023d49178c1bc8de7d826bdcbe0d2a,Add Class Annotation,StudyParameter,18,26,
2198969c67023d49178c1bc8de7d826bdcbe0d2a,Add Class Annotation,StudyParameter,18,26,
2198969c67023d49178c1bc8de7d826bdcbe0d2a,Add Class Annotation,StudyParameter,18,26,
2198969c67023d49178c1bc8de7d826bdcbe0d2a,Add Class Annotation,StudyParameter,18,26,
2198969c67023d49178c1bc8de7d826bdcbe0d2a,Add Class Annotation,StudyParameter,18,26,
2198969c67023d49178c1bc8de7d826bdcbe0d2a,Add Class Annotation,StudyParameter,18,26,
2198969c67023d49178c1bc8de7d826bdcbe0d2a,Add Class Annotation,StudyParameter,18,26,
2198969c67023d49178c1bc8de7d826bdcbe0d2a,Add Class Annotation,StudyParameter,18,26,
2198969c67023d49178c1bc8de7d826bdcbe0d2a,Add Class Annotation,StudyParameter,18,26,
2198969c67023d49178c1bc8de7d826bdcbe0d2a,Add Class Annotation,StudyParameter,18,26,
51ead94c0cc1c8acc4fe7fc5f721d54a13bc18d6,Rename Parameter,StudyController,937,937,
51ead94c0cc1c8acc4fe7fc5f721d54a13bc18d6,Rename Parameter,StudyController,937,937,
7df72681d9cabd9a33713a1b943dfa49e8189862,Change Return Type,OpenRosaServices,451,451,
d3ea87ef2dfe3365b43363f2eec6382f1ea88f45,Change Variable Type,AccountController,81,113,
c230f47ef03a27decbe9f9a257c8f66e157770bb,Change Variable Type,AccountController,81,81,
169dfe5ce6b50fe119161aaa8d95d990ac52dba9,Add Parameter,ItemDataDao,13,13,
169dfe5ce6b50fe119161aaa8d95d990ac52dba9,Add Parameter,ItemDataDao,13,13,
169dfe5ce6b50fe119161aaa8d95d990ac52dba9,Add Parameter,ItemDataDao,13,13,
169dfe5ce6b50fe119161aaa8d95d990ac52dba9,Add Parameter,ItemDataDao,13,13,
169dfe5ce6b50fe119161aaa8d95d990ac52dba9,Add Parameter,ItemDataDao,13,13,
169dfe5ce6b50fe119161aaa8d95d990ac52dba9,Add Parameter,ItemDataDao,13,13,
169dfe5ce6b50fe119161aaa8d95d990ac52dba9,Add Parameter,ItemDataDao,13,13,
43373196f23eed8e8eba71c1d936aa348998ffa8,Add Parameter,NotificationActionProcessor,107,112,
3ff7a1068489724c2c6cb795a3b05c22168ee58f,Rename Method,EventDefinitionDTO,16,16,
3ff7a1068489724c2c6cb795a3b05c22168ee58f,Rename Method,EventDefinitionDTO,16,16,
3ff7a1068489724c2c6cb795a3b05c22168ee58f,Rename Method,EventDefinitionDTO,16,16,
3ff7a1068489724c2c6cb795a3b05c22168ee58f,Rename Method,EventDefinitionDTO,16,16,
3ff7a1068489724c2c6cb795a3b05c22168ee58f,Rename Method,EventDefinitionDTO,16,16,
3ff7a1068489724c2c6cb795a3b05c22168ee58f,Rename Method,EventDefinitionDTO,16,16,
3ff7a1068489724c2c6cb795a3b05c22168ee58f,Rename Method,EventDefinitionDTO,16,16,
3ff7a1068489724c2c6cb795a3b05c22168ee58f,Rename Method,EventDefinitionDTO,16,16,
3ff7a1068489724c2c6cb795a3b05c22168ee58f,Rename Method,EventDefinitionDTO,16,16,
3ff7a1068489724c2c6cb795a3b05c22168ee58f,Rename Method,EventDefinitionDTO,16,16,
3ff7a1068489724c2c6cb795a3b05c22168ee58f,Rename Method,EventDefinitionDTO,16,16,
3ff7a1068489724c2c6cb795a3b05c22168ee58f,Rename Method,EventDefinitionDTO,16,16,
f379294c6c7a5c20dd8372ee3ca0a92aba6b6ea3,Remove Class Annotation,StudyController,54,57,
f379294c6c7a5c20dd8372ee3ca0a92aba6b6ea3,Remove Class Annotation,StudyController,54,57,
f379294c6c7a5c20dd8372ee3ca0a92aba6b6ea3,Remove Class Annotation,StudyController,54,57,
f379294c6c7a5c20dd8372ee3ca0a92aba6b6ea3,Remove Class Annotation,StudyController,54,57,
f379294c6c7a5c20dd8372ee3ca0a92aba6b6ea3,Remove Class Annotation,StudyController,54,57,
f379294c6c7a5c20dd8372ee3ca0a92aba6b6ea3,Remove Class Annotation,StudyController,54,57,
f379294c6c7a5c20dd8372ee3ca0a92aba6b6ea3,Remove Class Annotation,StudyController,54,57,
f379294c6c7a5c20dd8372ee3ca0a92aba6b6ea3,Remove Class Annotation,StudyController,54,57,
f379294c6c7a5c20dd8372ee3ca0a92aba6b6ea3,Remove Class Annotation,StudyController,54,57,
f379294c6c7a5c20dd8372ee3ca0a92aba6b6ea3,Remove Class Annotation,StudyController,54,57,
f379294c6c7a5c20dd8372ee3ca0a92aba6b6ea3,Remove Class Annotation,StudyController,54,57,
f379294c6c7a5c20dd8372ee3ca0a92aba6b6ea3,Remove Class Annotation,StudyController,54,57,
f379294c6c7a5c20dd8372ee3ca0a92aba6b6ea3,Remove Class Annotation,StudyController,54,57,
f379294c6c7a5c20dd8372ee3ca0a92aba6b6ea3,Remove Class Annotation,StudyController,54,57,
f379294c6c7a5c20dd8372ee3ca0a92aba6b6ea3,Remove Class Annotation,StudyController,54,57,
f379294c6c7a5c20dd8372ee3ca0a92aba6b6ea3,Remove Class Annotation,StudyController,54,57,
f379294c6c7a5c20dd8372ee3ca0a92aba6b6ea3,Remove Class Annotation,StudyController,54,57,
f379294c6c7a5c20dd8372ee3ca0a92aba6b6ea3,Remove Class Annotation,StudyController,54,57,
f379294c6c7a5c20dd8372ee3ca0a92aba6b6ea3,Remove Class Annotation,StudyController,54,57,
f379294c6c7a5c20dd8372ee3ca0a92aba6b6ea3,Remove Class Annotation,StudyController,54,57,
f379294c6c7a5c20dd8372ee3ca0a92aba6b6ea3,Remove Class Annotation,StudyController,54,57,
f379294c6c7a5c20dd8372ee3ca0a92aba6b6ea3,Remove Class Annotation,StudyController,54,57,
f379294c6c7a5c20dd8372ee3ca0a92aba6b6ea3,Remove Class Annotation,StudyController,54,57,
f379294c6c7a5c20dd8372ee3ca0a92aba6b6ea3,Remove Class Annotation,StudyController,54,57,
f379294c6c7a5c20dd8372ee3ca0a92aba6b6ea3,Remove Class Annotation,StudyController,54,57,
f379294c6c7a5c20dd8372ee3ca0a92aba6b6ea3,Remove Class Annotation,StudyController,54,57,
f379294c6c7a5c20dd8372ee3ca0a92aba6b6ea3,Remove Class Annotation,StudyController,54,57,
f379294c6c7a5c20dd8372ee3ca0a92aba6b6ea3,Remove Class Annotation,StudyController,54,57,
f379294c6c7a5c20dd8372ee3ca0a92aba6b6ea3,Remove Class Annotation,StudyController,54,57,
f379294c6c7a5c20dd8372ee3ca0a92aba6b6ea3,Remove Class Annotation,StudyController,54,57,
3e4e45cc123370106cce24267d194e3752c9a96c,Modify Method Annotation,StudyController,276,334,
3e4e45cc123370106cce24267d194e3752c9a96c,Modify Method Annotation,StudyController,276,334,
3e4e45cc123370106cce24267d194e3752c9a96c,Modify Method Annotation,StudyController,276,334,
3e4e45cc123370106cce24267d194e3752c9a96c,Modify Method Annotation,StudyController,276,334,
9185a8613416e20f62d3c5591924de15d2eedc03,Rename Parameter,StudyController,74,74,
9185a8613416e20f62d3c5591924de15d2eedc03,Rename Parameter,StudyController,74,74,
9185a8613416e20f62d3c5591924de15d2eedc03,Rename Parameter,StudyController,74,74,
81a9b85c879fe94122271a1747d2f82968b7ce79,Rename Parameter,StudyController,178,163,
81a9b85c879fe94122271a1747d2f82968b7ce79,Rename Parameter,StudyController,178,163,
9b420d40c86dbcdec7452c5f3f3b7424fe15e924,Rename Method,StudyController,364,365,
5d004fabcdf149aaf50ecc6fac769109349d89a9,Add Parameter,ParticipantPortalRegistrar,124,124,
12e46db596cba6ba684187e954ca1d31ebf7c108,Encapsulate Attribute,StudyOidGenerator,19,23,
0fd24b5d9319bf1fd6f89fcdecbad77b7bf0b3c9,Add Parameter,CreateSubStudyServlet,873,844,
0fd24b5d9319bf1fd6f89fcdecbad77b7bf0b3c9,Add Parameter,CreateSubStudyServlet,873,844,
20d417ce8d9c5b58157c0aa32dba6e908e46d308,Add Parameter,XformMetaDataService,350,354,
11d8ba87c66071261a0d2a8bc16659094511cea3,Remove Thrown Exception Type,OpenRosaServices,567,566,
6e5bff933200e0e9c8d00c84eb46f97e10f9983f,Add Thrown Exception Type,OpenRosaServices,566,567,
e399b8f02d2a5d43a0bbed8e31718cc8ce17222a,Add Parameter,ItemValidator,17,16,
e399b8f02d2a5d43a0bbed8e31718cc8ce17222a,Add Parameter,ItemValidator,17,16,
e399b8f02d2a5d43a0bbed8e31718cc8ce17222a,Add Parameter,ItemValidator,17,16,
e399b8f02d2a5d43a0bbed8e31718cc8ce17222a,Add Parameter,ItemValidator,17,16,
e399b8f02d2a5d43a0bbed8e31718cc8ce17222a,Add Parameter,ItemValidator,17,16,
e399b8f02d2a5d43a0bbed8e31718cc8ce17222a,Add Parameter,ItemValidator,17,16,
e399b8f02d2a5d43a0bbed8e31718cc8ce17222a,Add Parameter,ItemValidator,17,16,
e399b8f02d2a5d43a0bbed8e31718cc8ce17222a,Add Parameter,ItemValidator,17,16,
d922e65cd1fde0ed3a95791bc3601f3ee206b07b,Change Variable Type,XformMetaDataService,365,360,
d922e65cd1fde0ed3a95791bc3601f3ee206b07b,Change Variable Type,XformMetaDataService,365,360,
d922e65cd1fde0ed3a95791bc3601f3ee206b07b,Change Variable Type,XformMetaDataService,365,360,
d922e65cd1fde0ed3a95791bc3601f3ee206b07b,Change Variable Type,XformMetaDataService,365,360,
d922e65cd1fde0ed3a95791bc3601f3ee206b07b,Change Variable Type,XformMetaDataService,365,360,
d922e65cd1fde0ed3a95791bc3601f3ee206b07b,Change Variable Type,XformMetaDataService,365,360,
d922e65cd1fde0ed3a95791bc3601f3ee206b07b,Change Variable Type,XformMetaDataService,365,360,
d922e65cd1fde0ed3a95791bc3601f3ee206b07b,Change Variable Type,XformMetaDataService,365,360,
d922e65cd1fde0ed3a95791bc3601f3ee206b07b,Change Variable Type,XformMetaDataService,365,360,
d922e65cd1fde0ed3a95791bc3601f3ee206b07b,Change Variable Type,XformMetaDataService,365,360,
d922e65cd1fde0ed3a95791bc3601f3ee206b07b,Change Variable Type,XformMetaDataService,365,360,
9ea9266593d1fa7a9e89e739093d8d1a0364d7bc,Add Parameter,ResponseSetService,45,52,
9ea9266593d1fa7a9e89e739093d8d1a0364d7bc,Add Parameter,ResponseSetService,45,52,
96f3533dd69e4cf524695e43bf35d89c5a3d1cbb,Add Parameter,UpdateSubStudyServlet,617,616,
b9b16c1403d6793ea47a638b02d9c14d60aae79b,Add Thrown Exception Type,CreateXformCRFVersionServlet,179,179,
10d597d846292670eea96001944803beee43e87d,Change Method Access Modifier,XformMetaDataService,145,145,
10d597d846292670eea96001944803beee43e87d,Change Method Access Modifier,XformMetaDataService,145,145,
10d597d846292670eea96001944803beee43e87d,Change Method Access Modifier,XformMetaDataService,145,145,
10d597d846292670eea96001944803beee43e87d,Change Method Access Modifier,XformMetaDataService,145,145,
395b689e0e761e94ed6b5da50b2c688597277a5f,Add Parameter,DiscrepancyNoteController,71,73,
c5323a4d0bf1b3c4cdbbc16d0eba63604db502e6,Remove Parameter,ItemDataType,43,41,
c5323a4d0bf1b3c4cdbbc16d0eba63604db502e6,Remove Parameter,ItemDataType,43,41,
c5323a4d0bf1b3c4cdbbc16d0eba63604db502e6,Remove Parameter,ItemDataType,43,41,
c5323a4d0bf1b3c4cdbbc16d0eba63604db502e6,Remove Parameter,ItemDataType,43,41,
c5323a4d0bf1b3c4cdbbc16d0eba63604db502e6,Remove Parameter,ItemDataType,43,41,
c5323a4d0bf1b3c4cdbbc16d0eba63604db502e6,Remove Parameter,ItemDataType,43,41,
c5323a4d0bf1b3c4cdbbc16d0eba63604db502e6,Remove Parameter,ItemDataType,43,41,
54ab03ecad13fc2f20ac6a30f2ea3384798f89b7,Add Parameter,XformMetaDataService,258,259,
54ab03ecad13fc2f20ac6a30f2ea3384798f89b7,Add Parameter,XformMetaDataService,258,259,
de68a4d8d0071906501fb7ff7862c16f3b297338,Add Thrown Exception Type,XformMetaDataService,116,126,
de68a4d8d0071906501fb7ff7862c16f3b297338,Add Thrown Exception Type,XformMetaDataService,116,126,
de68a4d8d0071906501fb7ff7862c16f3b297338,Add Thrown Exception Type,XformMetaDataService,116,126,
de68a4d8d0071906501fb7ff7862c16f3b297338,Add Thrown Exception Type,XformMetaDataService,116,126,
de68a4d8d0071906501fb7ff7862c16f3b297338,Add Thrown Exception Type,XformMetaDataService,116,126,
de68a4d8d0071906501fb7ff7862c16f3b297338,Add Thrown Exception Type,XformMetaDataService,116,126,
de68a4d8d0071906501fb7ff7862c16f3b297338,Add Thrown Exception Type,XformMetaDataService,116,126,
de68a4d8d0071906501fb7ff7862c16f3b297338,Add Thrown Exception Type,XformMetaDataService,116,126,
de68a4d8d0071906501fb7ff7862c16f3b297338,Add Thrown Exception Type,XformMetaDataService,116,126,
e5983a47ee84ec9b03769a4fb06e2376139f4b5c,Change Return Type,UserAccountController,76,81,
605c185454a9eca88f91ae18a26b74a7b85d172a,Move And Rename Class,UserAccountController,44,54,
605c185454a9eca88f91ae18a26b74a7b85d172a,Move And Rename Class,UserAccountController,44,54,
605c185454a9eca88f91ae18a26b74a7b85d172a,Move And Rename Class,UserAccountController,44,54,
605c185454a9eca88f91ae18a26b74a7b85d172a,Move And Rename Class,UserAccountController,44,54,
605c185454a9eca88f91ae18a26b74a7b85d172a,Move And Rename Class,UserAccountController,44,54,
605c185454a9eca88f91ae18a26b74a7b85d172a,Move And Rename Class,UserAccountController,44,54,
605c185454a9eca88f91ae18a26b74a7b85d172a,Move And Rename Class,UserAccountController,44,54,
605c185454a9eca88f91ae18a26b74a7b85d172a,Move And Rename Class,UserAccountController,44,54,
605c185454a9eca88f91ae18a26b74a7b85d172a,Move And Rename Class,UserAccountController,44,54,
605c185454a9eca88f91ae18a26b74a7b85d172a,Move And Rename Class,UserAccountController,44,54,
605c185454a9eca88f91ae18a26b74a7b85d172a,Move And Rename Class,UserAccountController,44,54,
605c185454a9eca88f91ae18a26b74a7b85d172a,Move And Rename Class,UserAccountController,44,54,
605c185454a9eca88f91ae18a26b74a7b85d172a,Move And Rename Class,UserAccountController,44,54,
605c185454a9eca88f91ae18a26b74a7b85d172a,Move And Rename Class,UserAccountController,44,54,
605c185454a9eca88f91ae18a26b74a7b85d172a,Move And Rename Class,UserAccountController,44,54,
605c185454a9eca88f91ae18a26b74a7b85d172a,Move And Rename Class,UserAccountController,44,54,
605c185454a9eca88f91ae18a26b74a7b85d172a,Move And Rename Class,UserAccountController,44,54,
605c185454a9eca88f91ae18a26b74a7b85d172a,Move And Rename Class,UserAccountController,44,54,
510bc999ab61849b74a9a8a4524474a3ce5550e5,Modify Method Annotation,EventDefinitionCrf,320,320,
086d6db45a25fa13fecea8f71ba6ede5e209744d,Modify Method Annotation,EventDefinitionCrf,320,320,
7e5c31d67df28ba186aefb289082e99ac2765045,Modify Class Annotation,DiscrepancyNoteController,54,54,
4565e5f5186cb60404549cf507cb1b99e5ae1b6a,Rename Parameter,PformSubmissionService,763,915,
4565e5f5186cb60404549cf507cb1b99e5ae1b6a,Rename Parameter,PformSubmissionService,763,915,
4565e5f5186cb60404549cf507cb1b99e5ae1b6a,Rename Parameter,PformSubmissionService,763,915,
a70229f580af3ea13ffd984a94041bddca7f6d40,Add Parameter,UploadFileServlet,133,152,
a70229f580af3ea13ffd984a94041bddca7f6d40,Add Parameter,UploadFileServlet,133,152,
82a35c35e07bcfa50148b216a35b80eb2f656f01,Extract Variable,PformSubmissionService,689,697,
4b1ec00011be2bfdbcc3c30f7386243d4f69e2de,Rename Parameter,PformSubmissionService,763,769,
4b1ec00011be2bfdbcc3c30f7386243d4f69e2de,Rename Parameter,PformSubmissionService,763,769,
6ffec309da46564774ad174f824e3731e1dc4b88,Add Parameter,XformMetaDataService,107,119,
6ffec309da46564774ad174f824e3731e1dc4b88,Add Parameter,XformMetaDataService,107,119,
7e6caee3285211f200214f63afc2e19b895d73c1,Add Thrown Exception Type,CreateSubStudyServlet,706,706,
7e6caee3285211f200214f63afc2e19b895d73c1,Add Thrown Exception Type,CreateSubStudyServlet,706,706,
7e6caee3285211f200214f63afc2e19b895d73c1,Add Thrown Exception Type,CreateSubStudyServlet,706,706,
7e6caee3285211f200214f63afc2e19b895d73c1,Add Thrown Exception Type,CreateSubStudyServlet,706,706,
7e6caee3285211f200214f63afc2e19b895d73c1,Add Thrown Exception Type,CreateSubStudyServlet,706,706,
7e6caee3285211f200214f63afc2e19b895d73c1,Add Thrown Exception Type,CreateSubStudyServlet,706,706,
39d48cc6d8416b155414e6448c3a3960c47ac1fb,Add Parameter,AnonymousFormController,125,126,
39d48cc6d8416b155414e6448c3a3960c47ac1fb,Add Parameter,AnonymousFormController,125,126,
6e77461d07eab503d5d29d06744b8918d548b5fe,Add Thrown Exception Type,CreateSubStudyServlet,462,461,
60e734c61323e3ea0bb97aed10c87c63c2531884,Modify Class Annotation,ItemGroupMetadata,24,25,
60e734c61323e3ea0bb97aed10c87c63c2531884,Modify Class Annotation,ItemGroupMetadata,24,25,
60e734c61323e3ea0bb97aed10c87c63c2531884,Modify Class Annotation,ItemGroupMetadata,24,25,
f6ec620e096520e5f41b8e318f8e7b423f302ec5,Rename Class,AnonymousFormController,42,42,
f6ec620e096520e5f41b8e318f8e7b423f302ec5,Rename Class,AnonymousFormController,42,42,
f6ec620e096520e5f41b8e318f8e7b423f302ec5,Rename Class,AnonymousFormController,42,42,
f6ec620e096520e5f41b8e318f8e7b423f302ec5,Rename Class,AnonymousFormController,42,42,
f6ec620e096520e5f41b8e318f8e7b423f302ec5,Rename Class,AnonymousFormController,42,42,
9f5d1b0374939bd354cd951d583db14bf41e9226,Add Parameter,CrfVersion,69,71,
9f5d1b0374939bd354cd951d583db14bf41e9226,Add Parameter,CrfVersion,69,71,
cedb4b686a8d15ee155155706d410c57d0ec3c05,Add Parameter,CreateSubStudyServlet,460,462,
cedb4b686a8d15ee155155706d410c57d0ec3c05,Add Parameter,CreateSubStudyServlet,460,462,
9d60f16a06d89dc48d8be5f48bf43dacf1be1b7b,Change Return Type,EventDefinitionCRFDAO,165,248,
9d60f16a06d89dc48d8be5f48bf43dacf1be1b7b,Change Return Type,EventDefinitionCRFDAO,165,248,
9d60f16a06d89dc48d8be5f48bf43dacf1be1b7b,Change Return Type,EventDefinitionCRFDAO,165,248,
9d60f16a06d89dc48d8be5f48bf43dacf1be1b7b,Change Return Type,EventDefinitionCRFDAO,165,248,
9d60f16a06d89dc48d8be5f48bf43dacf1be1b7b,Change Return Type,EventDefinitionCRFDAO,165,248,
9d60f16a06d89dc48d8be5f48bf43dacf1be1b7b,Change Return Type,EventDefinitionCRFDAO,165,248,
9d60f16a06d89dc48d8be5f48bf43dacf1be1b7b,Change Return Type,EventDefinitionCRFDAO,165,248,
a563105fca9128996f7f01cdc97a1984d2a50e13,Change Parameter Type,Utils,231,231,
a563105fca9128996f7f01cdc97a1984d2a50e13,Change Parameter Type,Utils,231,231,
a563105fca9128996f7f01cdc97a1984d2a50e13,Change Parameter Type,Utils,231,231,
a563105fca9128996f7f01cdc97a1984d2a50e13,Change Parameter Type,Utils,231,231,
a563105fca9128996f7f01cdc97a1984d2a50e13,Change Parameter Type,Utils,231,231,
a563105fca9128996f7f01cdc97a1984d2a50e13,Change Parameter Type,Utils,231,231,
a563105fca9128996f7f01cdc97a1984d2a50e13,Change Parameter Type,Utils,231,231,
a563105fca9128996f7f01cdc97a1984d2a50e13,Change Parameter Type,Utils,231,231,
a563105fca9128996f7f01cdc97a1984d2a50e13,Change Parameter Type,Utils,231,231,
a563105fca9128996f7f01cdc97a1984d2a50e13,Change Parameter Type,Utils,231,231,
a563105fca9128996f7f01cdc97a1984d2a50e13,Change Parameter Type,Utils,231,231,
a563105fca9128996f7f01cdc97a1984d2a50e13,Change Parameter Type,Utils,231,231,
581f824f871d03c170ad6e255e0081afc872fd6f,Rename Variable,CreateSubStudyServlet,716,697,
581f824f871d03c170ad6e255e0081afc872fd6f,Rename Variable,CreateSubStudyServlet,716,697,
51816ca6497b4880d1a413ef4e5aa8971d9b9fc1,Modify Class Annotation,StudyEventDao,14,15,
d9283ff36383ff24eeb0375c50148ab806574b7b,Rename Method,BeanPropertyRuleRunner,108,108,
d30abfc8da8727ad5464158acb0a440847f7471b,Remove Thrown Exception Type,JobTriggerService,103,103,
d30abfc8da8727ad5464158acb0a440847f7471b,Remove Thrown Exception Type,JobTriggerService,103,103,
81de7b65ffe4e02cd9dbd8f05eac4577b60bf11a,Add Parameter,NotificationActionProcessor,128,128,
81de7b65ffe4e02cd9dbd8f05eac4577b60bf11a,Add Parameter,NotificationActionProcessor,128,128,
5309e19dd4050076867f20f0647810a50f04dceb,Add Method Modifier,BulkEmailSenderService,29,30,
5309e19dd4050076867f20f0647810a50f04dceb,Add Method Modifier,BulkEmailSenderService,29,30,
5309e19dd4050076867f20f0647810a50f04dceb,Add Method Modifier,BulkEmailSenderService,29,30,
b5795253cea8eb01cf3c3a14ba7f49378d7228b6,Extract Method,RuleSetService,1146,1146,
001de7437158be9db827b8720f53ec2315e859e9,Add Method Annotation,AbstractDomainDao,20,21,
8257e9600dfe7a9955d111c5846ccc6ee4086c3a,Modify Method Annotation,JobTriggerService,94,96,
b4076f64098fed69bed8db580458912632f88214,Remove Parameter,JobTriggerService,105,103,
b4076f64098fed69bed8db580458912632f88214,Remove Parameter,JobTriggerService,105,103,
b4076f64098fed69bed8db580458912632f88214,Remove Parameter,JobTriggerService,105,103,
b4076f64098fed69bed8db580458912632f88214,Remove Parameter,JobTriggerService,105,103,
b4076f64098fed69bed8db580458912632f88214,Remove Parameter,JobTriggerService,105,103,
b4076f64098fed69bed8db580458912632f88214,Remove Parameter,JobTriggerService,105,103,
b4076f64098fed69bed8db580458912632f88214,Remove Parameter,JobTriggerService,105,103,
b4076f64098fed69bed8db580458912632f88214,Remove Parameter,JobTriggerService,105,103,
b4076f64098fed69bed8db580458912632f88214,Remove Parameter,JobTriggerService,105,103,
b4076f64098fed69bed8db580458912632f88214,Remove Parameter,JobTriggerService,105,103,
b4076f64098fed69bed8db580458912632f88214,Remove Parameter,JobTriggerService,105,103,
b4076f64098fed69bed8db580458912632f88214,Remove Parameter,JobTriggerService,105,103,
b4076f64098fed69bed8db580458912632f88214,Remove Parameter,JobTriggerService,105,103,
b4076f64098fed69bed8db580458912632f88214,Remove Parameter,JobTriggerService,105,103,
b4076f64098fed69bed8db580458912632f88214,Remove Parameter,JobTriggerService,105,103,
b4076f64098fed69bed8db580458912632f88214,Remove Parameter,JobTriggerService,105,103,
0d4fc76b850fc2fb9c644e4905eca5c00b1010ec,Add Parameter,ViewRuleAssignmentTableFactory,904,907,
5c32ddc6d967652ecd91b30a12ef18dc38f15543,Add Method Annotation,RuleActionRunLogDao,14,15,
5c32ddc6d967652ecd91b30a12ef18dc38f15543,Add Method Annotation,RuleActionRunLogDao,14,15,
5a09dc89163a97841157fdb0f7e2fc0b255c1b1f,Remove Attribute Modifier,RuleRunner,59,62,
5a09dc89163a97841157fdb0f7e2fc0b255c1b1f,Remove Attribute Modifier,RuleRunner,59,62,
5a09dc89163a97841157fdb0f7e2fc0b255c1b1f,Remove Attribute Modifier,RuleRunner,59,62,
5a09dc89163a97841157fdb0f7e2fc0b255c1b1f,Remove Attribute Modifier,RuleRunner,59,62,
5a09dc89163a97841157fdb0f7e2fc0b255c1b1f,Remove Attribute Modifier,RuleRunner,59,62,
5a09dc89163a97841157fdb0f7e2fc0b255c1b1f,Remove Attribute Modifier,RuleRunner,59,62,
1cf95a4d93858291e2022c41cb144b95a05d3a7f,Add Parameter,ViewRuleAssignmentTableFactory,904,904,
1cf95a4d93858291e2022c41cb144b95a05d3a7f,Add Parameter,ViewRuleAssignmentTableFactory,904,904,
43b6344a2fb1e15561c24a5c15520daa9690ae10,Add Thrown Exception Type,ParticipantPortalRegistrar,45,54,
43b6344a2fb1e15561c24a5c15520daa9690ae10,Add Thrown Exception Type,ParticipantPortalRegistrar,45,54,
4cb5e90dde173678756809655d5b0d1f62381613,Extract Method,NotificationActionProcessor,201,265,
94d3fb57844e50cf47f4a1ca27d440a0724abd8f,Rename Method,UserAccountBean,538,538,
94d3fb57844e50cf47f4a1ca27d440a0724abd8f,Rename Method,UserAccountBean,538,538,
94d3fb57844e50cf47f4a1ca27d440a0724abd8f,Rename Method,UserAccountBean,538,538,
94d3fb57844e50cf47f4a1ca27d440a0724abd8f,Rename Method,UserAccountBean,538,538,
94d3fb57844e50cf47f4a1ca27d440a0724abd8f,Rename Method,UserAccountBean,538,538,
e7d749e013908e3438e158d601a52e18610652f0,Add Parameter,ExpressionService,242,242,
a555858626ab74d18d17870d721982121f197ae9,Rename Variable,OpenClinicaVariableNode,200,201,
a555858626ab74d18d17870d721982121f197ae9,Rename Variable,OpenClinicaVariableNode,200,201,
a555858626ab74d18d17870d721982121f197ae9,Rename Variable,OpenClinicaVariableNode,200,201,
a555858626ab74d18d17870d721982121f197ae9,Rename Variable,OpenClinicaVariableNode,200,201,
a555858626ab74d18d17870d721982121f197ae9,Rename Variable,OpenClinicaVariableNode,200,201,
a555858626ab74d18d17870d721982121f197ae9,Rename Variable,OpenClinicaVariableNode,200,201,
a555858626ab74d18d17870d721982121f197ae9,Rename Variable,OpenClinicaVariableNode,200,201,
a555858626ab74d18d17870d721982121f197ae9,Rename Variable,OpenClinicaVariableNode,200,201,
a555858626ab74d18d17870d721982121f197ae9,Rename Variable,OpenClinicaVariableNode,200,201,
a555858626ab74d18d17870d721982121f197ae9,Rename Variable,OpenClinicaVariableNode,200,201,
a555858626ab74d18d17870d721982121f197ae9,Rename Variable,OpenClinicaVariableNode,200,201,
a555858626ab74d18d17870d721982121f197ae9,Rename Variable,OpenClinicaVariableNode,200,201,
ec262926bafcf50cddbb52c206eda50c2607ff69,Modify Method Annotation,AccountController,245,245,
ec262926bafcf50cddbb52c206eda50c2607ff69,Modify Method Annotation,AccountController,245,245,
ec262926bafcf50cddbb52c206eda50c2607ff69,Modify Method Annotation,AccountController,245,245,
