11a4b5c480f9bcb402b93c1e692c0f7e6d19a13a,Move Class,ModelTokenTestHelper,14,14,
11a4b5c480f9bcb402b93c1e692c0f7e6d19a13a,Move Class,ModelTokenTestHelper,14,14,
11a4b5c480f9bcb402b93c1e692c0f7e6d19a13a,Move Class,ModelTokenTestHelper,14,14,
11a4b5c480f9bcb402b93c1e692c0f7e6d19a13a,Move Class,ModelTokenTestHelper,14,14,
11a4b5c480f9bcb402b93c1e692c0f7e6d19a13a,Move Class,ModelTokenTestHelper,14,14,
11a4b5c480f9bcb402b93c1e692c0f7e6d19a13a,Move Class,ModelTokenTestHelper,14,14,
11a4b5c480f9bcb402b93c1e692c0f7e6d19a13a,Move Class,ModelTokenTestHelper,14,14,
11a4b5c480f9bcb402b93c1e692c0f7e6d19a13a,Move Class,ModelTokenTestHelper,14,14,
11a4b5c480f9bcb402b93c1e692c0f7e6d19a13a,Move Class,ModelTokenTestHelper,14,14,
11a4b5c480f9bcb402b93c1e692c0f7e6d19a13a,Move Class,ModelTokenTestHelper,14,14,
11a4b5c480f9bcb402b93c1e692c0f7e6d19a13a,Move Class,ModelTokenTestHelper,14,14,
11a4b5c480f9bcb402b93c1e692c0f7e6d19a13a,Move Class,ModelTokenTestHelper,14,14,
11a4b5c480f9bcb402b93c1e692c0f7e6d19a13a,Move Class,ModelTokenTestHelper,14,14,
11a4b5c480f9bcb402b93c1e692c0f7e6d19a13a,Move Class,ModelTokenTestHelper,14,14,
11a4b5c480f9bcb402b93c1e692c0f7e6d19a13a,Move Class,ModelTokenTestHelper,14,14,
11a4b5c480f9bcb402b93c1e692c0f7e6d19a13a,Move Class,ModelTokenTestHelper,14,14,
11a4b5c480f9bcb402b93c1e692c0f7e6d19a13a,Move Class,ModelTokenTestHelper,14,14,
11a4b5c480f9bcb402b93c1e692c0f7e6d19a13a,Move Class,ModelTokenTestHelper,14,14,
11a4b5c480f9bcb402b93c1e692c0f7e6d19a13a,Move Class,ModelTokenTestHelper,14,14,
11a4b5c480f9bcb402b93c1e692c0f7e6d19a13a,Move Class,ModelTokenTestHelper,14,14,
11a4b5c480f9bcb402b93c1e692c0f7e6d19a13a,Move Class,ModelTokenTestHelper,14,14,
11a4b5c480f9bcb402b93c1e692c0f7e6d19a13a,Move Class,ModelTokenTestHelper,14,14,
11a4b5c480f9bcb402b93c1e692c0f7e6d19a13a,Move Class,ModelTokenTestHelper,14,14,
11a4b5c480f9bcb402b93c1e692c0f7e6d19a13a,Move Class,ModelTokenTestHelper,14,14,
11a4b5c480f9bcb402b93c1e692c0f7e6d19a13a,Move Class,ModelTokenTestHelper,14,14,
11a4b5c480f9bcb402b93c1e692c0f7e6d19a13a,Move Class,ModelTokenTestHelper,14,14,
11a4b5c480f9bcb402b93c1e692c0f7e6d19a13a,Move Class,ModelTokenTestHelper,14,14,
11a4b5c480f9bcb402b93c1e692c0f7e6d19a13a,Move Class,ModelTokenTestHelper,14,14,
11a4b5c480f9bcb402b93c1e692c0f7e6d19a13a,Move Class,ModelTokenTestHelper,14,14,
11a4b5c480f9bcb402b93c1e692c0f7e6d19a13a,Move Class,ModelTokenTestHelper,14,14,
6372c87e8e7c38fc773053596ec9f56a1d2e3955,Add Parameter,MessageLogView,65,70,
b7599954571dfa13d22d6ce0b9bdc4b7d2ba7329,Change Variable Type,SuiteSourceEditor,214,215,
b7599954571dfa13d22d6ce0b9bdc4b7d2ba7329,Change Variable Type,SuiteSourceEditor,214,215,
b7599954571dfa13d22d6ce0b9bdc4b7d2ba7329,Change Variable Type,SuiteSourceEditor,214,215,
b7599954571dfa13d22d6ce0b9bdc4b7d2ba7329,Change Variable Type,SuiteSourceEditor,214,215,
2dbf8555ae34cbefc9de779d446dcf8f09a47750,Add Parameter,LaunchConfigurationListenerTab,145,146,
2dbf8555ae34cbefc9de779d446dcf8f09a47750,Add Parameter,LaunchConfigurationListenerTab,145,146,
2dbf8555ae34cbefc9de779d446dcf8f09a47750,Add Parameter,LaunchConfigurationListenerTab,145,146,
91d5067757cc72ad5d43bc25d2652aa9a556dc51,Rename Attribute,KeywordsProblem,289,289,
91d5067757cc72ad5d43bc25d2652aa9a556dc51,Rename Attribute,KeywordsProblem,289,289,
7ff20bf90974249f4d29d4ce4d21c0248e36468d,Modify Attribute Annotation,HyperlinksToFilesDetectorTest,30,34,
7ff20bf90974249f4d29d4ce4d21c0248e36468d,Modify Attribute Annotation,HyperlinksToFilesDetectorTest,30,34,
0b8bc580de092cde08c08221cbf3540524d390fe,Inline Variable,ShellDocument,248,256,
0b8bc580de092cde08c08221cbf3540524d390fe,Inline Variable,ShellDocument,248,256,
0b8bc580de092cde08c08221cbf3540524d390fe,Inline Variable,ShellDocument,248,256,
4ae1ec17531e44c7fdc1e24542b774d5af8600f5,Extract Variable,DocumentationsTest,195,195,
070e691c47e403483c9a987f90a28efc744ef068,Move Class,TemplateSettingValidator,81,55,
070e691c47e403483c9a987f90a28efc744ef068,Move Class,TemplateSettingValidator,81,55,
af89a564539112ff86d895f51682227840a66d50,Add Variable Modifier,KeywordCallValidator,192,192,
af89a564539112ff86d895f51682227840a66d50,Add Variable Modifier,KeywordCallValidator,192,192,
af89a564539112ff86d895f51682227840a66d50,Add Variable Modifier,KeywordCallValidator,192,192,
af89a564539112ff86d895f51682227840a66d50,Add Variable Modifier,KeywordCallValidator,192,192,
57aeed3479a5b09fe50093042a1b209b808deb11,Rename Parameter,RedSessionConsoleParticipant,105,105,
57aeed3479a5b09fe50093042a1b209b808deb11,Rename Parameter,RedSessionConsoleParticipant,105,105,
57aeed3479a5b09fe50093042a1b209b808deb11,Rename Parameter,RedSessionConsoleParticipant,105,105,
57aeed3479a5b09fe50093042a1b209b808deb11,Rename Parameter,RedSessionConsoleParticipant,105,105,
57aeed3479a5b09fe50093042a1b209b808deb11,Rename Parameter,RedSessionConsoleParticipant,105,105,
57aeed3479a5b09fe50093042a1b209b808deb11,Rename Parameter,RedSessionConsoleParticipant,105,105,
57aeed3479a5b09fe50093042a1b209b808deb11,Rename Parameter,RedSessionConsoleParticipant,105,105,
57aeed3479a5b09fe50093042a1b209b808deb11,Rename Parameter,RedSessionConsoleParticipant,105,105,
57aeed3479a5b09fe50093042a1b209b808deb11,Rename Parameter,RedSessionConsoleParticipant,105,105,
57aeed3479a5b09fe50093042a1b209b808deb11,Rename Parameter,RedSessionConsoleParticipant,105,105,
57aeed3479a5b09fe50093042a1b209b808deb11,Rename Parameter,RedSessionConsoleParticipant,105,105,
57aeed3479a5b09fe50093042a1b209b808deb11,Rename Parameter,RedSessionConsoleParticipant,105,105,
57aeed3479a5b09fe50093042a1b209b808deb11,Rename Parameter,RedSessionConsoleParticipant,105,105,
57aeed3479a5b09fe50093042a1b209b808deb11,Rename Parameter,RedSessionConsoleParticipant,105,105,
57aeed3479a5b09fe50093042a1b209b808deb11,Rename Parameter,RedSessionConsoleParticipant,105,105,
57aeed3479a5b09fe50093042a1b209b808deb11,Rename Parameter,RedSessionConsoleParticipant,105,105,
57aeed3479a5b09fe50093042a1b209b808deb11,Rename Parameter,RedSessionConsoleParticipant,105,105,
57aeed3479a5b09fe50093042a1b209b808deb11,Rename Parameter,RedSessionConsoleParticipant,105,105,
57aeed3479a5b09fe50093042a1b209b808deb11,Rename Parameter,RedSessionConsoleParticipant,105,105,
57aeed3479a5b09fe50093042a1b209b808deb11,Rename Parameter,RedSessionConsoleParticipant,105,105,
57aeed3479a5b09fe50093042a1b209b808deb11,Rename Parameter,RedSessionConsoleParticipant,105,105,
57aeed3479a5b09fe50093042a1b209b808deb11,Rename Parameter,RedSessionConsoleParticipant,105,105,
57aeed3479a5b09fe50093042a1b209b808deb11,Rename Parameter,RedSessionConsoleParticipant,105,105,
57aeed3479a5b09fe50093042a1b209b808deb11,Rename Parameter,RedSessionConsoleParticipant,105,105,
57aeed3479a5b09fe50093042a1b209b808deb11,Rename Parameter,RedSessionConsoleParticipant,105,105,
57aeed3479a5b09fe50093042a1b209b808deb11,Rename Parameter,RedSessionConsoleParticipant,105,105,
57aeed3479a5b09fe50093042a1b209b808deb11,Rename Parameter,RedSessionConsoleParticipant,105,105,
57aeed3479a5b09fe50093042a1b209b808deb11,Rename Parameter,RedSessionConsoleParticipant,105,105,
57aeed3479a5b09fe50093042a1b209b808deb11,Rename Parameter,RedSessionConsoleParticipant,105,105,
57aeed3479a5b09fe50093042a1b209b808deb11,Rename Parameter,RedSessionConsoleParticipant,105,105,
57aeed3479a5b09fe50093042a1b209b808deb11,Rename Parameter,RedSessionConsoleParticipant,105,105,
57aeed3479a5b09fe50093042a1b209b808deb11,Rename Parameter,RedSessionConsoleParticipant,105,105,
57aeed3479a5b09fe50093042a1b209b808deb11,Rename Parameter,RedSessionConsoleParticipant,105,105,
57aeed3479a5b09fe50093042a1b209b808deb11,Rename Parameter,RedSessionConsoleParticipant,105,105,
57aeed3479a5b09fe50093042a1b209b808deb11,Rename Parameter,RedSessionConsoleParticipant,105,105,
57aeed3479a5b09fe50093042a1b209b808deb11,Rename Parameter,RedSessionConsoleParticipant,105,105,
57aeed3479a5b09fe50093042a1b209b808deb11,Rename Parameter,RedSessionConsoleParticipant,105,105,
57aeed3479a5b09fe50093042a1b209b808deb11,Rename Parameter,RedSessionConsoleParticipant,105,105,
6d2529a3382a86ca920cae8d7fcb5f5360de8d91,Modify Method Annotation,LibrarySpecification,76,93,
6d2529a3382a86ca920cae8d7fcb5f5360de8d91,Modify Method Annotation,LibrarySpecification,76,93,
6d2529a3382a86ca920cae8d7fcb5f5360de8d91,Modify Method Annotation,LibrarySpecification,76,93,
6d2529a3382a86ca920cae8d7fcb5f5360de8d91,Modify Method Annotation,LibrarySpecification,76,93,
6d2529a3382a86ca920cae8d7fcb5f5360de8d91,Modify Method Annotation,LibrarySpecification,76,93,
ca5bda3a362d64e6491337b43305de536c32c5dd,Remove Parameter,LibraryLocationFinder,56,79,
ca5bda3a362d64e6491337b43305de536c32c5dd,Remove Parameter,LibraryLocationFinder,56,79,
ca5bda3a362d64e6491337b43305de536c32c5dd,Remove Parameter,LibraryLocationFinder,56,79,
181efe1d5d7645ff2589649049b5fbfa6de5e75d,Rename Method,ExecutionStatusStoreTest,582,615,
181efe1d5d7645ff2589649049b5fbfa6de5e75d,Rename Method,ExecutionStatusStoreTest,582,615,
181efe1d5d7645ff2589649049b5fbfa6de5e75d,Rename Method,ExecutionStatusStoreTest,582,615,
181efe1d5d7645ff2589649049b5fbfa6de5e75d,Rename Method,ExecutionStatusStoreTest,582,615,
181efe1d5d7645ff2589649049b5fbfa6de5e75d,Rename Method,ExecutionStatusStoreTest,582,615,
181efe1d5d7645ff2589649049b5fbfa6de5e75d,Rename Method,ExecutionStatusStoreTest,582,615,
181efe1d5d7645ff2589649049b5fbfa6de5e75d,Rename Method,ExecutionStatusStoreTest,582,615,
181efe1d5d7645ff2589649049b5fbfa6de5e75d,Rename Method,ExecutionStatusStoreTest,582,615,
181efe1d5d7645ff2589649049b5fbfa6de5e75d,Rename Method,ExecutionStatusStoreTest,582,615,
9fd12eba1a170c362b63951a2ecf385cb77c6514,Rename Method,ExpressionAstNode,61,61,
9fd12eba1a170c362b63951a2ecf385cb77c6514,Rename Method,ExpressionAstNode,61,61,
9fd12eba1a170c362b63951a2ecf385cb77c6514,Rename Method,ExpressionAstNode,61,61,
7c9d2e334c06489d7f95ffdbdb11eef5a02f5cbd,Rename Parameter,KeywordCallValidator,48,54,
7c9d2e334c06489d7f95ffdbdb11eef5a02f5cbd,Rename Parameter,KeywordCallValidator,48,54,
7c9d2e334c06489d7f95ffdbdb11eef5a02f5cbd,Rename Parameter,KeywordCallValidator,48,54,
7c9d2e334c06489d7f95ffdbdb11eef5a02f5cbd,Rename Parameter,KeywordCallValidator,48,54,
7c9d2e334c06489d7f95ffdbdb11eef5a02f5cbd,Rename Parameter,KeywordCallValidator,48,54,
2bc187933f074e8bfcda064eca9a4ea792b2132f,Change Method Access Modifier,ExecutionStatusStore,129,129,
2bc187933f074e8bfcda064eca9a4ea792b2132f,Change Method Access Modifier,ExecutionStatusStore,129,129,
2bc187933f074e8bfcda064eca9a4ea792b2132f,Change Method Access Modifier,ExecutionStatusStore,129,129,
2bc187933f074e8bfcda064eca9a4ea792b2132f,Change Method Access Modifier,ExecutionStatusStore,129,129,
2bc187933f074e8bfcda064eca9a4ea792b2132f,Change Method Access Modifier,ExecutionStatusStore,129,129,
2bc187933f074e8bfcda064eca9a4ea792b2132f,Change Method Access Modifier,ExecutionStatusStore,129,129,
d998d893cb45b8f65b9734687cf211bcb6d3f60c,Change Attribute Access Modifier,InsertSettingCommand,29,29,
d998d893cb45b8f65b9734687cf211bcb6d3f60c,Change Attribute Access Modifier,InsertSettingCommand,29,29,
d998d893cb45b8f65b9734687cf211bcb6d3f60c,Change Attribute Access Modifier,InsertSettingCommand,29,29,
d998d893cb45b8f65b9734687cf211bcb6d3f60c,Change Attribute Access Modifier,InsertSettingCommand,29,29,
d998d893cb45b8f65b9734687cf211bcb6d3f60c,Change Attribute Access Modifier,InsertSettingCommand,29,29,
d998d893cb45b8f65b9734687cf211bcb6d3f60c,Change Attribute Access Modifier,InsertSettingCommand,29,29,
d998d893cb45b8f65b9734687cf211bcb6d3f60c,Change Attribute Access Modifier,InsertSettingCommand,29,29,
d998d893cb45b8f65b9734687cf211bcb6d3f60c,Change Attribute Access Modifier,InsertSettingCommand,29,29,
d998d893cb45b8f65b9734687cf211bcb6d3f60c,Change Attribute Access Modifier,InsertSettingCommand,29,29,
d998d893cb45b8f65b9734687cf211bcb6d3f60c,Change Attribute Access Modifier,InsertSettingCommand,29,29,
d998d893cb45b8f65b9734687cf211bcb6d3f60c,Change Attribute Access Modifier,InsertSettingCommand,29,29,
d998d893cb45b8f65b9734687cf211bcb6d3f60c,Change Attribute Access Modifier,InsertSettingCommand,29,29,
d998d893cb45b8f65b9734687cf211bcb6d3f60c,Change Attribute Access Modifier,InsertSettingCommand,29,29,
d998d893cb45b8f65b9734687cf211bcb6d3f60c,Change Attribute Access Modifier,InsertSettingCommand,29,29,
d998d893cb45b8f65b9734687cf211bcb6d3f60c,Change Attribute Access Modifier,InsertSettingCommand,29,29,
d998d893cb45b8f65b9734687cf211bcb6d3f60c,Change Attribute Access Modifier,InsertSettingCommand,29,29,
d998d893cb45b8f65b9734687cf211bcb6d3f60c,Change Attribute Access Modifier,InsertSettingCommand,29,29,
4f4542117b0337a4ae272824acce2784e7c9fd15,Add Thrown Exception Type,RedSessionProcessListenerTest,19,21,
4f4542117b0337a4ae272824acce2784e7c9fd15,Add Thrown Exception Type,RedSessionProcessListenerTest,19,21,
4f4542117b0337a4ae272824acce2784e7c9fd15,Add Thrown Exception Type,RedSessionProcessListenerTest,19,21,
4f4542117b0337a4ae272824acce2784e7c9fd15,Add Thrown Exception Type,RedSessionProcessListenerTest,19,21,
4f4542117b0337a4ae272824acce2784e7c9fd15,Add Thrown Exception Type,RedSessionProcessListenerTest,19,21,
4f4542117b0337a4ae272824acce2784e7c9fd15,Add Thrown Exception Type,RedSessionProcessListenerTest,19,21,
4f4542117b0337a4ae272824acce2784e7c9fd15,Add Thrown Exception Type,RedSessionProcessListenerTest,19,21,
4f4542117b0337a4ae272824acce2784e7c9fd15,Add Thrown Exception Type,RedSessionProcessListenerTest,19,21,
40d6d39f013ab33323019a20e42d33e3c290e7eb,Add Parameter Modifier,ExecutionStatusStore,303,303,
40d6d39f013ab33323019a20e42d33e3c290e7eb,Add Parameter Modifier,ExecutionStatusStore,303,303,
40d6d39f013ab33323019a20e42d33e3c290e7eb,Add Parameter Modifier,ExecutionStatusStore,303,303,
40d6d39f013ab33323019a20e42d33e3c290e7eb,Add Parameter Modifier,ExecutionStatusStore,303,303,
40d6d39f013ab33323019a20e42d33e3c290e7eb,Add Parameter Modifier,ExecutionStatusStore,303,303,
40d6d39f013ab33323019a20e42d33e3c290e7eb,Add Parameter Modifier,ExecutionStatusStore,303,303,
40d6d39f013ab33323019a20e42d33e3c290e7eb,Add Parameter Modifier,ExecutionStatusStore,303,303,
40d6d39f013ab33323019a20e42d33e3c290e7eb,Add Parameter Modifier,ExecutionStatusStore,303,303,
5bbb9649592af62f619f552c13dabed72ce02f83,Modify Class Annotation,KeywordSpecification,19,19,
5bbb9649592af62f619f552c13dabed72ce02f83,Modify Class Annotation,KeywordSpecification,19,19,
ff192c9b2e24e24644699e07bd0a5204a6973450,Remove Method Annotation,RedPlugin,52,52,
ff192c9b2e24e24644699e07bd0a5204a6973450,Remove Method Annotation,RedPlugin,52,52,
ff192c9b2e24e24644699e07bd0a5204a6973450,Remove Method Annotation,RedPlugin,52,52,
ff192c9b2e24e24644699e07bd0a5204a6973450,Remove Method Annotation,RedPlugin,52,52,
ff192c9b2e24e24644699e07bd0a5204a6973450,Remove Method Annotation,RedPlugin,52,52,
ff192c9b2e24e24644699e07bd0a5204a6973450,Remove Method Annotation,RedPlugin,52,52,
ff192c9b2e24e24644699e07bd0a5204a6973450,Remove Method Annotation,RedPlugin,52,52,
ff192c9b2e24e24644699e07bd0a5204a6973450,Remove Method Annotation,RedPlugin,52,52,
ff192c9b2e24e24644699e07bd0a5204a6973450,Remove Method Annotation,RedPlugin,52,52,
ff192c9b2e24e24644699e07bd0a5204a6973450,Remove Method Annotation,RedPlugin,52,52,
ff192c9b2e24e24644699e07bd0a5204a6973450,Remove Method Annotation,RedPlugin,52,52,
ff192c9b2e24e24644699e07bd0a5204a6973450,Remove Method Annotation,RedPlugin,52,52,
ff192c9b2e24e24644699e07bd0a5204a6973450,Remove Method Annotation,RedPlugin,52,52,
3791560c1798c889647382f086946cd9c71f6d58,Rename Variable,ExecutionViewPropertyTester,90,90,
e09fd693ee884aec8695040b2552d6390e69eaf2,Rename Method,RobotLaunchConfigurationTest,344,344,
e09fd693ee884aec8695040b2552d6390e69eaf2,Rename Method,RobotLaunchConfigurationTest,344,344,
e09fd693ee884aec8695040b2552d6390e69eaf2,Rename Method,RobotLaunchConfigurationTest,344,344,
e09fd693ee884aec8695040b2552d6390e69eaf2,Rename Method,RobotLaunchConfigurationTest,344,344,
e09fd693ee884aec8695040b2552d6390e69eaf2,Rename Method,RobotLaunchConfigurationTest,344,344,
e09fd693ee884aec8695040b2552d6390e69eaf2,Rename Method,RobotLaunchConfigurationTest,344,344,
e09fd693ee884aec8695040b2552d6390e69eaf2,Rename Method,RobotLaunchConfigurationTest,344,344,
e09fd693ee884aec8695040b2552d6390e69eaf2,Rename Method,RobotLaunchConfigurationTest,344,344,
e09fd693ee884aec8695040b2552d6390e69eaf2,Rename Method,RobotLaunchConfigurationTest,344,344,
e09fd693ee884aec8695040b2552d6390e69eaf2,Rename Method,RobotLaunchConfigurationTest,344,344,
e09fd693ee884aec8695040b2552d6390e69eaf2,Rename Method,RobotLaunchConfigurationTest,344,344,
e09fd693ee884aec8695040b2552d6390e69eaf2,Rename Method,RobotLaunchConfigurationTest,344,344,
e09fd693ee884aec8695040b2552d6390e69eaf2,Rename Method,RobotLaunchConfigurationTest,344,344,
e09fd693ee884aec8695040b2552d6390e69eaf2,Rename Method,RobotLaunchConfigurationTest,344,344,
e09fd693ee884aec8695040b2552d6390e69eaf2,Rename Method,RobotLaunchConfigurationTest,344,344,
e09fd693ee884aec8695040b2552d6390e69eaf2,Rename Method,RobotLaunchConfigurationTest,344,344,
e09fd693ee884aec8695040b2552d6390e69eaf2,Rename Method,RobotLaunchConfigurationTest,344,344,
e09fd693ee884aec8695040b2552d6390e69eaf2,Rename Method,RobotLaunchConfigurationTest,344,344,
e09fd693ee884aec8695040b2552d6390e69eaf2,Rename Method,RobotLaunchConfigurationTest,344,344,
e09fd693ee884aec8695040b2552d6390e69eaf2,Rename Method,RobotLaunchConfigurationTest,344,344,
e09fd693ee884aec8695040b2552d6390e69eaf2,Rename Method,RobotLaunchConfigurationTest,344,344,
e09fd693ee884aec8695040b2552d6390e69eaf2,Rename Method,RobotLaunchConfigurationTest,344,344,
e09fd693ee884aec8695040b2552d6390e69eaf2,Rename Method,RobotLaunchConfigurationTest,344,344,
e09fd693ee884aec8695040b2552d6390e69eaf2,Rename Method,RobotLaunchConfigurationTest,344,344,
e09fd693ee884aec8695040b2552d6390e69eaf2,Rename Method,RobotLaunchConfigurationTest,344,344,
e09fd693ee884aec8695040b2552d6390e69eaf2,Rename Method,RobotLaunchConfigurationTest,344,344,
e09fd693ee884aec8695040b2552d6390e69eaf2,Rename Method,RobotLaunchConfigurationTest,344,344,
e09fd693ee884aec8695040b2552d6390e69eaf2,Rename Method,RobotLaunchConfigurationTest,344,344,
e09fd693ee884aec8695040b2552d6390e69eaf2,Rename Method,RobotLaunchConfigurationTest,344,344,
e09fd693ee884aec8695040b2552d6390e69eaf2,Rename Method,RobotLaunchConfigurationTest,344,344,
e09fd693ee884aec8695040b2552d6390e69eaf2,Rename Method,RobotLaunchConfigurationTest,344,344,
e09fd693ee884aec8695040b2552d6390e69eaf2,Rename Method,RobotLaunchConfigurationTest,344,344,
e09fd693ee884aec8695040b2552d6390e69eaf2,Rename Method,RobotLaunchConfigurationTest,344,344,
e09fd693ee884aec8695040b2552d6390e69eaf2,Rename Method,RobotLaunchConfigurationTest,344,344,
e09fd693ee884aec8695040b2552d6390e69eaf2,Rename Method,RobotLaunchConfigurationTest,344,344,
e09fd693ee884aec8695040b2552d6390e69eaf2,Rename Method,RobotLaunchConfigurationTest,344,344,
e09fd693ee884aec8695040b2552d6390e69eaf2,Rename Method,RobotLaunchConfigurationTest,344,344,
e09fd693ee884aec8695040b2552d6390e69eaf2,Rename Method,RobotLaunchConfigurationTest,344,344,
e09fd693ee884aec8695040b2552d6390e69eaf2,Rename Method,RobotLaunchConfigurationTest,344,344,
e09fd693ee884aec8695040b2552d6390e69eaf2,Rename Method,RobotLaunchConfigurationTest,344,344,
e09fd693ee884aec8695040b2552d6390e69eaf2,Rename Method,RobotLaunchConfigurationTest,344,344,
e09fd693ee884aec8695040b2552d6390e69eaf2,Rename Method,RobotLaunchConfigurationTest,344,344,
e09fd693ee884aec8695040b2552d6390e69eaf2,Rename Method,RobotLaunchConfigurationTest,344,344,
e09fd693ee884aec8695040b2552d6390e69eaf2,Rename Method,RobotLaunchConfigurationTest,344,344,
e09fd693ee884aec8695040b2552d6390e69eaf2,Rename Method,RobotLaunchConfigurationTest,344,344,
e09fd693ee884aec8695040b2552d6390e69eaf2,Rename Method,RobotLaunchConfigurationTest,344,344,
e09fd693ee884aec8695040b2552d6390e69eaf2,Rename Method,RobotLaunchConfigurationTest,344,344,
e09fd693ee884aec8695040b2552d6390e69eaf2,Rename Method,RobotLaunchConfigurationTest,344,344,
e09fd693ee884aec8695040b2552d6390e69eaf2,Rename Method,RobotLaunchConfigurationTest,344,344,
e09fd693ee884aec8695040b2552d6390e69eaf2,Rename Method,RobotLaunchConfigurationTest,344,344,
e09fd693ee884aec8695040b2552d6390e69eaf2,Rename Method,RobotLaunchConfigurationTest,344,344,
e09fd693ee884aec8695040b2552d6390e69eaf2,Rename Method,RobotLaunchConfigurationTest,344,344,
e09fd693ee884aec8695040b2552d6390e69eaf2,Rename Method,RobotLaunchConfigurationTest,344,344,
e09fd693ee884aec8695040b2552d6390e69eaf2,Rename Method,RobotLaunchConfigurationTest,344,344,
e09fd693ee884aec8695040b2552d6390e69eaf2,Rename Method,RobotLaunchConfigurationTest,344,344,
e09fd693ee884aec8695040b2552d6390e69eaf2,Rename Method,RobotLaunchConfigurationTest,344,344,
e09fd693ee884aec8695040b2552d6390e69eaf2,Rename Method,RobotLaunchConfigurationTest,344,344,
e09fd693ee884aec8695040b2552d6390e69eaf2,Rename Method,RobotLaunchConfigurationTest,344,344,
e09fd693ee884aec8695040b2552d6390e69eaf2,Rename Method,RobotLaunchConfigurationTest,344,344,
e09fd693ee884aec8695040b2552d6390e69eaf2,Rename Method,RobotLaunchConfigurationTest,344,344,
e09fd693ee884aec8695040b2552d6390e69eaf2,Rename Method,RobotLaunchConfigurationTest,344,344,
e09fd693ee884aec8695040b2552d6390e69eaf2,Rename Method,RobotLaunchConfigurationTest,344,344,
e09fd693ee884aec8695040b2552d6390e69eaf2,Rename Method,RobotLaunchConfigurationTest,344,344,
e09fd693ee884aec8695040b2552d6390e69eaf2,Rename Method,RobotLaunchConfigurationTest,344,344,
e09fd693ee884aec8695040b2552d6390e69eaf2,Rename Method,RobotLaunchConfigurationTest,344,344,
e09fd693ee884aec8695040b2552d6390e69eaf2,Rename Method,RobotLaunchConfigurationTest,344,344,
e09fd693ee884aec8695040b2552d6390e69eaf2,Rename Method,RobotLaunchConfigurationTest,344,344,
e09fd693ee884aec8695040b2552d6390e69eaf2,Rename Method,RobotLaunchConfigurationTest,344,344,
e09fd693ee884aec8695040b2552d6390e69eaf2,Rename Method,RobotLaunchConfigurationTest,344,344,
e09fd693ee884aec8695040b2552d6390e69eaf2,Rename Method,RobotLaunchConfigurationTest,344,344,
e09fd693ee884aec8695040b2552d6390e69eaf2,Rename Method,RobotLaunchConfigurationTest,344,344,
e09fd693ee884aec8695040b2552d6390e69eaf2,Rename Method,RobotLaunchConfigurationTest,344,344,
e09fd693ee884aec8695040b2552d6390e69eaf2,Rename Method,RobotLaunchConfigurationTest,344,344,
e09fd693ee884aec8695040b2552d6390e69eaf2,Rename Method,RobotLaunchConfigurationTest,344,344,
e09fd693ee884aec8695040b2552d6390e69eaf2,Rename Method,RobotLaunchConfigurationTest,344,344,
e09fd693ee884aec8695040b2552d6390e69eaf2,Rename Method,RobotLaunchConfigurationTest,344,344,
e09fd693ee884aec8695040b2552d6390e69eaf2,Rename Method,RobotLaunchConfigurationTest,344,344,
e09fd693ee884aec8695040b2552d6390e69eaf2,Rename Method,RobotLaunchConfigurationTest,344,344,
d4c302c9c2ae5d0be3dae9ebb2385c04aa09a031,Change Method Access Modifier,SettingsTemplateRuleTest,168,160,
d4c302c9c2ae5d0be3dae9ebb2385c04aa09a031,Change Method Access Modifier,SettingsTemplateRuleTest,168,160,
d4c302c9c2ae5d0be3dae9ebb2385c04aa09a031,Change Method Access Modifier,SettingsTemplateRuleTest,168,160,
4964c7e79a1f79a6fddbf675adcf6a066c0496de,Rename Method,ExpressionAstNode,175,171,
76eea3055e7482d840b19ecf82010a1fc7bf1f57,Change Method Access Modifier,PythonInterpretersCommandExecutors,41,41,
76eea3055e7482d840b19ecf82010a1fc7bf1f57,Change Method Access Modifier,PythonInterpretersCommandExecutors,41,41,
76eea3055e7482d840b19ecf82010a1fc7bf1f57,Change Method Access Modifier,PythonInterpretersCommandExecutors,41,41,
76eea3055e7482d840b19ecf82010a1fc7bf1f57,Change Method Access Modifier,PythonInterpretersCommandExecutors,41,41,
1ca877af8ab8ab9e4aa7574da60a5f9efe84b183,Rename Method,RobotElementsComparatorWithPositionChangedPresaveTest,151,151,
1ca877af8ab8ab9e4aa7574da60a5f9efe84b183,Rename Method,RobotElementsComparatorWithPositionChangedPresaveTest,151,151,
1ca877af8ab8ab9e4aa7574da60a5f9efe84b183,Rename Method,RobotElementsComparatorWithPositionChangedPresaveTest,151,151,
1ca877af8ab8ab9e4aa7574da60a5f9efe84b183,Rename Method,RobotElementsComparatorWithPositionChangedPresaveTest,151,151,
1ca877af8ab8ab9e4aa7574da60a5f9efe84b183,Rename Method,RobotElementsComparatorWithPositionChangedPresaveTest,151,151,
1ca877af8ab8ab9e4aa7574da60a5f9efe84b183,Rename Method,RobotElementsComparatorWithPositionChangedPresaveTest,151,151,
e65e012111cbd88e070ceeea2b0f3b25e969611d,Change Method Access Modifier,VarAstNodeAdapter,122,133,
e65e012111cbd88e070ceeea2b0f3b25e969611d,Change Method Access Modifier,VarAstNodeAdapter,122,133,
5253e236091c3164ce37a6e9b4e7eeed5bbfd537,Modify Class Annotation,SuiteSourceEditorConfigurationTest,44,47,
c242879152bba6dd1ab592a89e0e83ce4a3e9711,Rename Method,VariablesProblemTest,25,25,
c242879152bba6dd1ab592a89e0e83ce4a3e9711,Rename Method,VariablesProblemTest,25,25,
c242879152bba6dd1ab592a89e0e83ce4a3e9711,Rename Method,VariablesProblemTest,25,25,
c242879152bba6dd1ab592a89e0e83ce4a3e9711,Rename Method,VariablesProblemTest,25,25,
c242879152bba6dd1ab592a89e0e83ce4a3e9711,Rename Method,VariablesProblemTest,25,25,
c242879152bba6dd1ab592a89e0e83ce4a3e9711,Rename Method,VariablesProblemTest,25,25,
c242879152bba6dd1ab592a89e0e83ce4a3e9711,Rename Method,VariablesProblemTest,25,25,
c242879152bba6dd1ab592a89e0e83ce4a3e9711,Rename Method,VariablesProblemTest,25,25,
c242879152bba6dd1ab592a89e0e83ce4a3e9711,Rename Method,VariablesProblemTest,25,25,
c242879152bba6dd1ab592a89e0e83ce4a3e9711,Rename Method,VariablesProblemTest,25,25,
c242879152bba6dd1ab592a89e0e83ce4a3e9711,Rename Method,VariablesProblemTest,25,25,
c242879152bba6dd1ab592a89e0e83ce4a3e9711,Rename Method,VariablesProblemTest,25,25,
c242879152bba6dd1ab592a89e0e83ce4a3e9711,Rename Method,VariablesProblemTest,25,25,
c242879152bba6dd1ab592a89e0e83ce4a3e9711,Rename Method,VariablesProblemTest,25,25,
c242879152bba6dd1ab592a89e0e83ce4a3e9711,Rename Method,VariablesProblemTest,25,25,
c242879152bba6dd1ab592a89e0e83ce4a3e9711,Rename Method,VariablesProblemTest,25,25,
c242879152bba6dd1ab592a89e0e83ce4a3e9711,Rename Method,VariablesProblemTest,25,25,
cd22e31c7f1c5264e3320629ec11c290ae318a86,Extract Variable,RobotProjectConfigFileValidator,152,138,
a5832e06907d90678646d77bfa84daac7aa3f4f3,Add Method Modifier,ArgumentsFile,97,102,
a5832e06907d90678646d77bfa84daac7aa3f4f3,Add Method Modifier,ArgumentsFile,97,102,
a5832e06907d90678646d77bfa84daac7aa3f4f3,Add Method Modifier,ArgumentsFile,97,102,
a5832e06907d90678646d77bfa84daac7aa3f4f3,Add Method Modifier,ArgumentsFile,97,102,
b6054c58bccfbdf8b1ddd805c3ceb872f5da6fe1,Rename Method,GeneralSettingsLibrariesImportValidatorTest,960,971,
b6054c58bccfbdf8b1ddd805c3ceb872f5da6fe1,Rename Method,GeneralSettingsLibrariesImportValidatorTest,960,971,
b6054c58bccfbdf8b1ddd805c3ceb872f5da6fe1,Rename Method,GeneralSettingsLibrariesImportValidatorTest,960,971,
b6054c58bccfbdf8b1ddd805c3ceb872f5da6fe1,Rename Method,GeneralSettingsLibrariesImportValidatorTest,960,971,
b6054c58bccfbdf8b1ddd805c3ceb872f5da6fe1,Rename Method,GeneralSettingsLibrariesImportValidatorTest,960,971,
b6054c58bccfbdf8b1ddd805c3ceb872f5da6fe1,Rename Method,GeneralSettingsLibrariesImportValidatorTest,960,971,
b6054c58bccfbdf8b1ddd805c3ceb872f5da6fe1,Rename Method,GeneralSettingsLibrariesImportValidatorTest,960,971,
b6054c58bccfbdf8b1ddd805c3ceb872f5da6fe1,Rename Method,GeneralSettingsLibrariesImportValidatorTest,960,971,
b6054c58bccfbdf8b1ddd805c3ceb872f5da6fe1,Rename Method,GeneralSettingsLibrariesImportValidatorTest,960,971,
b6054c58bccfbdf8b1ddd805c3ceb872f5da6fe1,Rename Method,GeneralSettingsLibrariesImportValidatorTest,960,971,
b6054c58bccfbdf8b1ddd805c3ceb872f5da6fe1,Rename Method,GeneralSettingsLibrariesImportValidatorTest,960,971,
b6054c58bccfbdf8b1ddd805c3ceb872f5da6fe1,Rename Method,GeneralSettingsLibrariesImportValidatorTest,960,971,
b6054c58bccfbdf8b1ddd805c3ceb872f5da6fe1,Rename Method,GeneralSettingsLibrariesImportValidatorTest,960,971,
b6054c58bccfbdf8b1ddd805c3ceb872f5da6fe1,Rename Method,GeneralSettingsLibrariesImportValidatorTest,960,971,
b6054c58bccfbdf8b1ddd805c3ceb872f5da6fe1,Rename Method,GeneralSettingsLibrariesImportValidatorTest,960,971,
775b210234be4dcce3e586bc1fdaea3b3243aee8,Rename Method,RobotSuiteAutoEditStrategyTest,355,355,
775b210234be4dcce3e586bc1fdaea3b3243aee8,Rename Method,RobotSuiteAutoEditStrategyTest,355,355,
e700f9b35669e46bdbbf3dfe7df7e3b7321dbd93,Inline Variable,GeneralSettingsLibrariesImportValidatorTest,1411,1421,
e700f9b35669e46bdbbf3dfe7df7e3b7321dbd93,Inline Variable,GeneralSettingsLibrariesImportValidatorTest,1411,1421,
e700f9b35669e46bdbbf3dfe7df7e3b7321dbd93,Inline Variable,GeneralSettingsLibrariesImportValidatorTest,1411,1421,
e700f9b35669e46bdbbf3dfe7df7e3b7321dbd93,Inline Variable,GeneralSettingsLibrariesImportValidatorTest,1411,1421,
e700f9b35669e46bdbbf3dfe7df7e3b7321dbd93,Inline Variable,GeneralSettingsLibrariesImportValidatorTest,1411,1421,
e700f9b35669e46bdbbf3dfe7df7e3b7321dbd93,Inline Variable,GeneralSettingsLibrariesImportValidatorTest,1411,1421,
e700f9b35669e46bdbbf3dfe7df7e3b7321dbd93,Inline Variable,GeneralSettingsLibrariesImportValidatorTest,1411,1421,
e700f9b35669e46bdbbf3dfe7df7e3b7321dbd93,Inline Variable,GeneralSettingsLibrariesImportValidatorTest,1411,1421,
e700f9b35669e46bdbbf3dfe7df7e3b7321dbd93,Inline Variable,GeneralSettingsLibrariesImportValidatorTest,1411,1421,
e700f9b35669e46bdbbf3dfe7df7e3b7321dbd93,Inline Variable,GeneralSettingsLibrariesImportValidatorTest,1411,1421,
e700f9b35669e46bdbbf3dfe7df7e3b7321dbd93,Inline Variable,GeneralSettingsLibrariesImportValidatorTest,1411,1421,
2f723e151173150e8603ffff772370157d3fbffe,Rename Method,RobotSuiteAutoEditStrategyTest,263,323,
70d20e2299e8a6d25e4d146097d8b77104bbcfbf,Move Class,VariablesAnalyzerImplTest,35,43,
70d20e2299e8a6d25e4d146097d8b77104bbcfbf,Move Class,VariablesAnalyzerImplTest,35,43,
70d20e2299e8a6d25e4d146097d8b77104bbcfbf,Move Class,VariablesAnalyzerImplTest,35,43,
70d20e2299e8a6d25e4d146097d8b77104bbcfbf,Move Class,VariablesAnalyzerImplTest,35,43,
70d20e2299e8a6d25e4d146097d8b77104bbcfbf,Move Class,VariablesAnalyzerImplTest,35,43,
70d20e2299e8a6d25e4d146097d8b77104bbcfbf,Move Class,VariablesAnalyzerImplTest,35,43,
70d20e2299e8a6d25e4d146097d8b77104bbcfbf,Move Class,VariablesAnalyzerImplTest,35,43,
70d20e2299e8a6d25e4d146097d8b77104bbcfbf,Move Class,VariablesAnalyzerImplTest,35,43,
70d20e2299e8a6d25e4d146097d8b77104bbcfbf,Move Class,VariablesAnalyzerImplTest,35,43,
70d20e2299e8a6d25e4d146097d8b77104bbcfbf,Move Class,VariablesAnalyzerImplTest,35,43,
70d20e2299e8a6d25e4d146097d8b77104bbcfbf,Move Class,VariablesAnalyzerImplTest,35,43,
70d20e2299e8a6d25e4d146097d8b77104bbcfbf,Move Class,VariablesAnalyzerImplTest,35,43,
70d20e2299e8a6d25e4d146097d8b77104bbcfbf,Move Class,VariablesAnalyzerImplTest,35,43,
70d20e2299e8a6d25e4d146097d8b77104bbcfbf,Move Class,VariablesAnalyzerImplTest,35,43,
70d20e2299e8a6d25e4d146097d8b77104bbcfbf,Move Class,VariablesAnalyzerImplTest,35,43,
70d20e2299e8a6d25e4d146097d8b77104bbcfbf,Move Class,VariablesAnalyzerImplTest,35,43,
48eae089a9710b9475552e8819bb4065f04d1ba7,Add Method Annotation,PythonLibraryLibdocGeneratorTest,63,65,
48eae089a9710b9475552e8819bb4065f04d1ba7,Add Method Annotation,PythonLibraryLibdocGeneratorTest,63,65,
48eae089a9710b9475552e8819bb4065f04d1ba7,Add Method Annotation,PythonLibraryLibdocGeneratorTest,63,65,
48eae089a9710b9475552e8819bb4065f04d1ba7,Add Method Annotation,PythonLibraryLibdocGeneratorTest,63,65,
48eae089a9710b9475552e8819bb4065f04d1ba7,Add Method Annotation,PythonLibraryLibdocGeneratorTest,63,65,
48eae089a9710b9475552e8819bb4065f04d1ba7,Add Method Annotation,PythonLibraryLibdocGeneratorTest,63,65,
48eae089a9710b9475552e8819bb4065f04d1ba7,Add Method Annotation,PythonLibraryLibdocGeneratorTest,63,65,
48eae089a9710b9475552e8819bb4065f04d1ba7,Add Method Annotation,PythonLibraryLibdocGeneratorTest,63,65,
48eae089a9710b9475552e8819bb4065f04d1ba7,Add Method Annotation,PythonLibraryLibdocGeneratorTest,63,65,
48eae089a9710b9475552e8819bb4065f04d1ba7,Add Method Annotation,PythonLibraryLibdocGeneratorTest,63,65,
48eae089a9710b9475552e8819bb4065f04d1ba7,Add Method Annotation,PythonLibraryLibdocGeneratorTest,63,65,
48eae089a9710b9475552e8819bb4065f04d1ba7,Add Method Annotation,PythonLibraryLibdocGeneratorTest,63,65,
dfff4db63e6e58358373b87b5fcc41e08611151f,Change Variable Type,MoveSettingDownCommand,40,39,
dfff4db63e6e58358373b87b5fcc41e08611151f,Change Variable Type,MoveSettingDownCommand,40,39,
dfff4db63e6e58358373b87b5fcc41e08611151f,Change Variable Type,MoveSettingDownCommand,40,39,
dfff4db63e6e58358373b87b5fcc41e08611151f,Change Variable Type,MoveSettingDownCommand,40,39,
0376517c2e9610d5cc0139266d7971e715be3670,Rename Method,KeywordCallsInShellAssistProcessorTest,138,143,
0376517c2e9610d5cc0139266d7971e715be3670,Rename Method,KeywordCallsInShellAssistProcessorTest,138,143,
0376517c2e9610d5cc0139266d7971e715be3670,Rename Method,KeywordCallsInShellAssistProcessorTest,138,143,
0376517c2e9610d5cc0139266d7971e715be3670,Rename Method,KeywordCallsInShellAssistProcessorTest,138,143,
0376517c2e9610d5cc0139266d7971e715be3670,Rename Method,KeywordCallsInShellAssistProcessorTest,138,143,
0376517c2e9610d5cc0139266d7971e715be3670,Rename Method,KeywordCallsInShellAssistProcessorTest,138,143,
0376517c2e9610d5cc0139266d7971e715be3670,Rename Method,KeywordCallsInShellAssistProcessorTest,138,143,
0376517c2e9610d5cc0139266d7971e715be3670,Rename Method,KeywordCallsInShellAssistProcessorTest,138,143,
0376517c2e9610d5cc0139266d7971e715be3670,Rename Method,KeywordCallsInShellAssistProcessorTest,138,143,
0376517c2e9610d5cc0139266d7971e715be3670,Rename Method,KeywordCallsInShellAssistProcessorTest,138,143,
0376517c2e9610d5cc0139266d7971e715be3670,Rename Method,KeywordCallsInShellAssistProcessorTest,138,143,
0376517c2e9610d5cc0139266d7971e715be3670,Rename Method,KeywordCallsInShellAssistProcessorTest,138,143,
0376517c2e9610d5cc0139266d7971e715be3670,Rename Method,KeywordCallsInShellAssistProcessorTest,138,143,
0376517c2e9610d5cc0139266d7971e715be3670,Rename Method,KeywordCallsInShellAssistProcessorTest,138,143,
0376517c2e9610d5cc0139266d7971e715be3670,Rename Method,KeywordCallsInShellAssistProcessorTest,138,143,
0376517c2e9610d5cc0139266d7971e715be3670,Rename Method,KeywordCallsInShellAssistProcessorTest,138,143,
0376517c2e9610d5cc0139266d7971e715be3670,Rename Method,KeywordCallsInShellAssistProcessorTest,138,143,
0376517c2e9610d5cc0139266d7971e715be3670,Rename Method,KeywordCallsInShellAssistProcessorTest,138,143,
0376517c2e9610d5cc0139266d7971e715be3670,Rename Method,KeywordCallsInShellAssistProcessorTest,138,143,
0376517c2e9610d5cc0139266d7971e715be3670,Rename Method,KeywordCallsInShellAssistProcessorTest,138,143,
9995109f0c1236c4d66f24671bbcc1a9e71c4f4f,Rename Method,CompoundHyperlinkTest,24,23,
578487eff979932a54285b9344ee6402c2b62b78,Rename Method,GeneralSettingsLibrariesImportValidatorTest,827,827,
578487eff979932a54285b9344ee6402c2b62b78,Rename Method,GeneralSettingsLibrariesImportValidatorTest,827,827,
578487eff979932a54285b9344ee6402c2b62b78,Rename Method,GeneralSettingsLibrariesImportValidatorTest,827,827,
578487eff979932a54285b9344ee6402c2b62b78,Rename Method,GeneralSettingsLibrariesImportValidatorTest,827,827,
578487eff979932a54285b9344ee6402c2b62b78,Rename Method,GeneralSettingsLibrariesImportValidatorTest,827,827,
578487eff979932a54285b9344ee6402c2b62b78,Rename Method,GeneralSettingsLibrariesImportValidatorTest,827,827,
578487eff979932a54285b9344ee6402c2b62b78,Rename Method,GeneralSettingsLibrariesImportValidatorTest,827,827,
578487eff979932a54285b9344ee6402c2b62b78,Rename Method,GeneralSettingsLibrariesImportValidatorTest,827,827,
578487eff979932a54285b9344ee6402c2b62b78,Rename Method,GeneralSettingsLibrariesImportValidatorTest,827,827,
578487eff979932a54285b9344ee6402c2b62b78,Rename Method,GeneralSettingsLibrariesImportValidatorTest,827,827,
578487eff979932a54285b9344ee6402c2b62b78,Rename Method,GeneralSettingsLibrariesImportValidatorTest,827,827,
578487eff979932a54285b9344ee6402c2b62b78,Rename Method,GeneralSettingsLibrariesImportValidatorTest,827,827,
578487eff979932a54285b9344ee6402c2b62b78,Rename Method,GeneralSettingsLibrariesImportValidatorTest,827,827,
5588cd813d147fa356f4f1ad1d84b644a93d92d7,Extract Method,TextualRobotFileParser,170,338,
5588cd813d147fa356f4f1ad1d84b644a93d92d7,Extract Method,TextualRobotFileParser,170,338,
4ae27ee48b71291a788f9e20049a22da517d0570,Rename Method,GeneralSettingsLibrariesImportValidatorTest,533,533,
4ae27ee48b71291a788f9e20049a22da517d0570,Rename Method,GeneralSettingsLibrariesImportValidatorTest,533,533,
4ae27ee48b71291a788f9e20049a22da517d0570,Rename Method,GeneralSettingsLibrariesImportValidatorTest,533,533,
4ae27ee48b71291a788f9e20049a22da517d0570,Rename Method,GeneralSettingsLibrariesImportValidatorTest,533,533,
4ae27ee48b71291a788f9e20049a22da517d0570,Rename Method,GeneralSettingsLibrariesImportValidatorTest,533,533,
4ae27ee48b71291a788f9e20049a22da517d0570,Rename Method,GeneralSettingsLibrariesImportValidatorTest,533,533,
4ae27ee48b71291a788f9e20049a22da517d0570,Rename Method,GeneralSettingsLibrariesImportValidatorTest,533,533,
4ae27ee48b71291a788f9e20049a22da517d0570,Rename Method,GeneralSettingsLibrariesImportValidatorTest,533,533,
4ae27ee48b71291a788f9e20049a22da517d0570,Rename Method,GeneralSettingsLibrariesImportValidatorTest,533,533,
4ae27ee48b71291a788f9e20049a22da517d0570,Rename Method,GeneralSettingsLibrariesImportValidatorTest,533,533,
4ae27ee48b71291a788f9e20049a22da517d0570,Rename Method,GeneralSettingsLibrariesImportValidatorTest,533,533,
4ae27ee48b71291a788f9e20049a22da517d0570,Rename Method,GeneralSettingsLibrariesImportValidatorTest,533,533,
4ae27ee48b71291a788f9e20049a22da517d0570,Rename Method,GeneralSettingsLibrariesImportValidatorTest,533,533,
4ae27ee48b71291a788f9e20049a22da517d0570,Rename Method,GeneralSettingsLibrariesImportValidatorTest,533,533,
4ae27ee48b71291a788f9e20049a22da517d0570,Rename Method,GeneralSettingsLibrariesImportValidatorTest,533,533,
4ae27ee48b71291a788f9e20049a22da517d0570,Rename Method,GeneralSettingsLibrariesImportValidatorTest,533,533,
4ae27ee48b71291a788f9e20049a22da517d0570,Rename Method,GeneralSettingsLibrariesImportValidatorTest,533,533,
4ae27ee48b71291a788f9e20049a22da517d0570,Rename Method,GeneralSettingsLibrariesImportValidatorTest,533,533,
4ae27ee48b71291a788f9e20049a22da517d0570,Rename Method,GeneralSettingsLibrariesImportValidatorTest,533,533,
4ae27ee48b71291a788f9e20049a22da517d0570,Rename Method,GeneralSettingsLibrariesImportValidatorTest,533,533,
4ae27ee48b71291a788f9e20049a22da517d0570,Rename Method,GeneralSettingsLibrariesImportValidatorTest,533,533,
4ae27ee48b71291a788f9e20049a22da517d0570,Rename Method,GeneralSettingsLibrariesImportValidatorTest,533,533,
f5fd53ba3eac397df731a9bf9e3220d0e17fd6f8,Encapsulate Attribute,ExpressionAstNode,29,29,
f5fd53ba3eac397df731a9bf9e3220d0e17fd6f8,Encapsulate Attribute,ExpressionAstNode,29,29,
7a0cd74f01d42ac5dbf34230926a0495874fd9c1,Change Variable Type,KeywordSettingsValidator,317,327,
7a0cd74f01d42ac5dbf34230926a0495874fd9c1,Change Variable Type,KeywordSettingsValidator,317,327,
7a0cd74f01d42ac5dbf34230926a0495874fd9c1,Change Variable Type,KeywordSettingsValidator,317,327,
7a0cd74f01d42ac5dbf34230926a0495874fd9c1,Change Variable Type,KeywordSettingsValidator,317,327,
7a0cd74f01d42ac5dbf34230926a0495874fd9c1,Change Variable Type,KeywordSettingsValidator,317,327,
7a0cd74f01d42ac5dbf34230926a0495874fd9c1,Change Variable Type,KeywordSettingsValidator,317,327,
7a0cd74f01d42ac5dbf34230926a0495874fd9c1,Change Variable Type,KeywordSettingsValidator,317,327,
4dff51bd16e80f2c6518fee36a15be415973e9ce,Rename Method,RedPlugin,104,102,
4dff51bd16e80f2c6518fee36a15be415973e9ce,Rename Method,RedPlugin,104,102,
4dff51bd16e80f2c6518fee36a15be415973e9ce,Rename Method,RedPlugin,104,102,
4dff51bd16e80f2c6518fee36a15be415973e9ce,Rename Method,RedPlugin,104,102,
4dff51bd16e80f2c6518fee36a15be415973e9ce,Rename Method,RedPlugin,104,102,
4dff51bd16e80f2c6518fee36a15be415973e9ce,Rename Method,RedPlugin,104,102,
4dff51bd16e80f2c6518fee36a15be415973e9ce,Rename Method,RedPlugin,104,102,
4dff51bd16e80f2c6518fee36a15be415973e9ce,Rename Method,RedPlugin,104,102,
4dff51bd16e80f2c6518fee36a15be415973e9ce,Rename Method,RedPlugin,104,102,
4dff51bd16e80f2c6518fee36a15be415973e9ce,Rename Method,RedPlugin,104,102,
4dff51bd16e80f2c6518fee36a15be415973e9ce,Rename Method,RedPlugin,104,102,
4dff51bd16e80f2c6518fee36a15be415973e9ce,Rename Method,RedPlugin,104,102,
4dff51bd16e80f2c6518fee36a15be415973e9ce,Rename Method,RedPlugin,104,102,
4dff51bd16e80f2c6518fee36a15be415973e9ce,Rename Method,RedPlugin,104,102,
4dff51bd16e80f2c6518fee36a15be415973e9ce,Rename Method,RedPlugin,104,102,
4dff51bd16e80f2c6518fee36a15be415973e9ce,Rename Method,RedPlugin,104,102,
4dff51bd16e80f2c6518fee36a15be415973e9ce,Rename Method,RedPlugin,104,102,
4dff51bd16e80f2c6518fee36a15be415973e9ce,Rename Method,RedPlugin,104,102,
4dff51bd16e80f2c6518fee36a15be415973e9ce,Rename Method,RedPlugin,104,102,
4dff51bd16e80f2c6518fee36a15be415973e9ce,Rename Method,RedPlugin,104,102,
4dff51bd16e80f2c6518fee36a15be415973e9ce,Rename Method,RedPlugin,104,102,
4dff51bd16e80f2c6518fee36a15be415973e9ce,Rename Method,RedPlugin,104,102,
f8663c1a9d5a3c896251a5124be042f23a4bce1b,Change Variable Type,RobotProjectNatureTest,49,49,
f8663c1a9d5a3c896251a5124be042f23a4bce1b,Change Variable Type,RobotProjectNatureTest,49,49,
f8663c1a9d5a3c896251a5124be042f23a4bce1b,Change Variable Type,RobotProjectNatureTest,49,49,
f8663c1a9d5a3c896251a5124be042f23a4bce1b,Change Variable Type,RobotProjectNatureTest,49,49,
f8663c1a9d5a3c896251a5124be042f23a4bce1b,Change Variable Type,RobotProjectNatureTest,49,49,
f8663c1a9d5a3c896251a5124be042f23a4bce1b,Change Variable Type,RobotProjectNatureTest,49,49,
f8663c1a9d5a3c896251a5124be042f23a4bce1b,Change Variable Type,RobotProjectNatureTest,49,49,
f8663c1a9d5a3c896251a5124be042f23a4bce1b,Change Variable Type,RobotProjectNatureTest,49,49,
f2af3b963a04b76a0cef3ed62e7562c2aeb976cd,Extract Method,ActionNamesStyleConfigurationTest,59,325,
f2af3b963a04b76a0cef3ed62e7562c2aeb976cd,Extract Method,ActionNamesStyleConfigurationTest,59,325,
f2af3b963a04b76a0cef3ed62e7562c2aeb976cd,Extract Method,ActionNamesStyleConfigurationTest,59,325,
f2af3b963a04b76a0cef3ed62e7562c2aeb976cd,Extract Method,ActionNamesStyleConfigurationTest,59,325,
f2af3b963a04b76a0cef3ed62e7562c2aeb976cd,Extract Method,ActionNamesStyleConfigurationTest,59,325,
f2af3b963a04b76a0cef3ed62e7562c2aeb976cd,Extract Method,ActionNamesStyleConfigurationTest,59,325,
f2af3b963a04b76a0cef3ed62e7562c2aeb976cd,Extract Method,ActionNamesStyleConfigurationTest,59,325,
f2af3b963a04b76a0cef3ed62e7562c2aeb976cd,Extract Method,ActionNamesStyleConfigurationTest,59,325,
f2af3b963a04b76a0cef3ed62e7562c2aeb976cd,Extract Method,ActionNamesStyleConfigurationTest,59,325,
f2af3b963a04b76a0cef3ed62e7562c2aeb976cd,Extract Method,ActionNamesStyleConfigurationTest,59,325,
f2af3b963a04b76a0cef3ed62e7562c2aeb976cd,Extract Method,ActionNamesStyleConfigurationTest,59,325,
f2af3b963a04b76a0cef3ed62e7562c2aeb976cd,Extract Method,ActionNamesStyleConfigurationTest,59,325,
f2af3b963a04b76a0cef3ed62e7562c2aeb976cd,Extract Method,ActionNamesStyleConfigurationTest,59,325,
f2af3b963a04b76a0cef3ed62e7562c2aeb976cd,Extract Method,ActionNamesStyleConfigurationTest,59,325,
f2af3b963a04b76a0cef3ed62e7562c2aeb976cd,Extract Method,ActionNamesStyleConfigurationTest,59,325,
f2af3b963a04b76a0cef3ed62e7562c2aeb976cd,Extract Method,ActionNamesStyleConfigurationTest,59,325,
f2af3b963a04b76a0cef3ed62e7562c2aeb976cd,Extract Method,ActionNamesStyleConfigurationTest,59,325,
f2af3b963a04b76a0cef3ed62e7562c2aeb976cd,Extract Method,ActionNamesStyleConfigurationTest,59,325,
f2af3b963a04b76a0cef3ed62e7562c2aeb976cd,Extract Method,ActionNamesStyleConfigurationTest,59,325,
f2af3b963a04b76a0cef3ed62e7562c2aeb976cd,Extract Method,ActionNamesStyleConfigurationTest,59,325,
f2af3b963a04b76a0cef3ed62e7562c2aeb976cd,Extract Method,ActionNamesStyleConfigurationTest,59,325,
f2af3b963a04b76a0cef3ed62e7562c2aeb976cd,Extract Method,ActionNamesStyleConfigurationTest,59,325,
f2af3b963a04b76a0cef3ed62e7562c2aeb976cd,Extract Method,ActionNamesStyleConfigurationTest,59,325,
f2af3b963a04b76a0cef3ed62e7562c2aeb976cd,Extract Method,ActionNamesStyleConfigurationTest,59,325,
f2af3b963a04b76a0cef3ed62e7562c2aeb976cd,Extract Method,ActionNamesStyleConfigurationTest,59,325,
f2af3b963a04b76a0cef3ed62e7562c2aeb976cd,Extract Method,ActionNamesStyleConfigurationTest,59,325,
f2af3b963a04b76a0cef3ed62e7562c2aeb976cd,Extract Method,ActionNamesStyleConfigurationTest,59,325,
f2af3b963a04b76a0cef3ed62e7562c2aeb976cd,Extract Method,ActionNamesStyleConfigurationTest,59,325,
f2af3b963a04b76a0cef3ed62e7562c2aeb976cd,Extract Method,ActionNamesStyleConfigurationTest,59,325,
f2af3b963a04b76a0cef3ed62e7562c2aeb976cd,Extract Method,ActionNamesStyleConfigurationTest,59,325,
f2af3b963a04b76a0cef3ed62e7562c2aeb976cd,Extract Method,ActionNamesStyleConfigurationTest,59,325,
f2af3b963a04b76a0cef3ed62e7562c2aeb976cd,Extract Method,ActionNamesStyleConfigurationTest,59,325,
f2af3b963a04b76a0cef3ed62e7562c2aeb976cd,Extract Method,ActionNamesStyleConfigurationTest,59,325,
f2af3b963a04b76a0cef3ed62e7562c2aeb976cd,Extract Method,ActionNamesStyleConfigurationTest,59,325,
f2af3b963a04b76a0cef3ed62e7562c2aeb976cd,Extract Method,ActionNamesStyleConfigurationTest,59,325,
f2af3b963a04b76a0cef3ed62e7562c2aeb976cd,Extract Method,ActionNamesStyleConfigurationTest,59,325,
f2af3b963a04b76a0cef3ed62e7562c2aeb976cd,Extract Method,ActionNamesStyleConfigurationTest,59,325,
f2af3b963a04b76a0cef3ed62e7562c2aeb976cd,Extract Method,ActionNamesStyleConfigurationTest,59,325,
f2af3b963a04b76a0cef3ed62e7562c2aeb976cd,Extract Method,ActionNamesStyleConfigurationTest,59,325,
f2af3b963a04b76a0cef3ed62e7562c2aeb976cd,Extract Method,ActionNamesStyleConfigurationTest,59,325,
f2af3b963a04b76a0cef3ed62e7562c2aeb976cd,Extract Method,ActionNamesStyleConfigurationTest,59,325,
f2af3b963a04b76a0cef3ed62e7562c2aeb976cd,Extract Method,ActionNamesStyleConfigurationTest,59,325,
f2af3b963a04b76a0cef3ed62e7562c2aeb976cd,Extract Method,ActionNamesStyleConfigurationTest,59,325,
f2af3b963a04b76a0cef3ed62e7562c2aeb976cd,Extract Method,ActionNamesStyleConfigurationTest,59,325,
f2af3b963a04b76a0cef3ed62e7562c2aeb976cd,Extract Method,ActionNamesStyleConfigurationTest,59,325,
f2af3b963a04b76a0cef3ed62e7562c2aeb976cd,Extract Method,ActionNamesStyleConfigurationTest,59,325,
f2af3b963a04b76a0cef3ed62e7562c2aeb976cd,Extract Method,ActionNamesStyleConfigurationTest,59,325,
f2af3b963a04b76a0cef3ed62e7562c2aeb976cd,Extract Method,ActionNamesStyleConfigurationTest,59,325,
f2af3b963a04b76a0cef3ed62e7562c2aeb976cd,Extract Method,ActionNamesStyleConfigurationTest,59,325,
f2af3b963a04b76a0cef3ed62e7562c2aeb976cd,Extract Method,ActionNamesStyleConfigurationTest,59,325,
f2af3b963a04b76a0cef3ed62e7562c2aeb976cd,Extract Method,ActionNamesStyleConfigurationTest,59,325,
f2af3b963a04b76a0cef3ed62e7562c2aeb976cd,Extract Method,ActionNamesStyleConfigurationTest,59,325,
f2af3b963a04b76a0cef3ed62e7562c2aeb976cd,Extract Method,ActionNamesStyleConfigurationTest,59,325,
f2af3b963a04b76a0cef3ed62e7562c2aeb976cd,Extract Method,ActionNamesStyleConfigurationTest,59,325,
c0aa191ca8ee4eb9a232952c9b0ee663f0ab980e,Move Class,TextPosition,8,8,
c0aa191ca8ee4eb9a232952c9b0ee663f0ab980e,Move Class,TextPosition,8,8,
c0aa191ca8ee4eb9a232952c9b0ee663f0ab980e,Move Class,TextPosition,8,8,
c0aa191ca8ee4eb9a232952c9b0ee663f0ab980e,Move Class,TextPosition,8,8,
c0aa191ca8ee4eb9a232952c9b0ee663f0ab980e,Move Class,TextPosition,8,8,
c0aa191ca8ee4eb9a232952c9b0ee663f0ab980e,Move Class,TextPosition,8,8,
c0aa191ca8ee4eb9a232952c9b0ee663f0ab980e,Move Class,TextPosition,8,8,
c0aa191ca8ee4eb9a232952c9b0ee663f0ab980e,Move Class,TextPosition,8,8,
c0aa191ca8ee4eb9a232952c9b0ee663f0ab980e,Move Class,TextPosition,8,8,
c0aa191ca8ee4eb9a232952c9b0ee663f0ab980e,Move Class,TextPosition,8,8,
c0aa191ca8ee4eb9a232952c9b0ee663f0ab980e,Move Class,TextPosition,8,8,
c0aa191ca8ee4eb9a232952c9b0ee663f0ab980e,Move Class,TextPosition,8,8,
c0aa191ca8ee4eb9a232952c9b0ee663f0ab980e,Move Class,TextPosition,8,8,
c0aa191ca8ee4eb9a232952c9b0ee663f0ab980e,Move Class,TextPosition,8,8,
c0aa191ca8ee4eb9a232952c9b0ee663f0ab980e,Move Class,TextPosition,8,8,
c0aa191ca8ee4eb9a232952c9b0ee663f0ab980e,Move Class,TextPosition,8,8,
c0aa191ca8ee4eb9a232952c9b0ee663f0ab980e,Move Class,TextPosition,8,8,
c0aa191ca8ee4eb9a232952c9b0ee663f0ab980e,Move Class,TextPosition,8,8,
c0aa191ca8ee4eb9a232952c9b0ee663f0ab980e,Move Class,TextPosition,8,8,
c0aa191ca8ee4eb9a232952c9b0ee663f0ab980e,Move Class,TextPosition,8,8,
c0aa191ca8ee4eb9a232952c9b0ee663f0ab980e,Move Class,TextPosition,8,8,
c0aa191ca8ee4eb9a232952c9b0ee663f0ab980e,Move Class,TextPosition,8,8,
c0aa191ca8ee4eb9a232952c9b0ee663f0ab980e,Move Class,TextPosition,8,8,
c0aa191ca8ee4eb9a232952c9b0ee663f0ab980e,Move Class,TextPosition,8,8,
c0aa191ca8ee4eb9a232952c9b0ee663f0ab980e,Move Class,TextPosition,8,8,
c0aa191ca8ee4eb9a232952c9b0ee663f0ab980e,Move Class,TextPosition,8,8,
c0aa191ca8ee4eb9a232952c9b0ee663f0ab980e,Move Class,TextPosition,8,8,
c0aa191ca8ee4eb9a232952c9b0ee663f0ab980e,Move Class,TextPosition,8,8,
c0aa191ca8ee4eb9a232952c9b0ee663f0ab980e,Move Class,TextPosition,8,8,
c0aa191ca8ee4eb9a232952c9b0ee663f0ab980e,Move Class,TextPosition,8,8,
c0aa191ca8ee4eb9a232952c9b0ee663f0ab980e,Move Class,TextPosition,8,8,
c0aa191ca8ee4eb9a232952c9b0ee663f0ab980e,Move Class,TextPosition,8,8,
c0aa191ca8ee4eb9a232952c9b0ee663f0ab980e,Move Class,TextPosition,8,8,
c0aa191ca8ee4eb9a232952c9b0ee663f0ab980e,Move Class,TextPosition,8,8,
c0aa191ca8ee4eb9a232952c9b0ee663f0ab980e,Move Class,TextPosition,8,8,
c0aa191ca8ee4eb9a232952c9b0ee663f0ab980e,Move Class,TextPosition,8,8,
c0aa191ca8ee4eb9a232952c9b0ee663f0ab980e,Move Class,TextPosition,8,8,
c0aa191ca8ee4eb9a232952c9b0ee663f0ab980e,Move Class,TextPosition,8,8,
c0aa191ca8ee4eb9a232952c9b0ee663f0ab980e,Move Class,TextPosition,8,8,
c0aa191ca8ee4eb9a232952c9b0ee663f0ab980e,Move Class,TextPosition,8,8,
c0aa191ca8ee4eb9a232952c9b0ee663f0ab980e,Move Class,TextPosition,8,8,
c0aa191ca8ee4eb9a232952c9b0ee663f0ab980e,Move Class,TextPosition,8,8,
c0aa191ca8ee4eb9a232952c9b0ee663f0ab980e,Move Class,TextPosition,8,8,
c0aa191ca8ee4eb9a232952c9b0ee663f0ab980e,Move Class,TextPosition,8,8,
c0aa191ca8ee4eb9a232952c9b0ee663f0ab980e,Move Class,TextPosition,8,8,
c0aa191ca8ee4eb9a232952c9b0ee663f0ab980e,Move Class,TextPosition,8,8,
c0aa191ca8ee4eb9a232952c9b0ee663f0ab980e,Move Class,TextPosition,8,8,
c0aa191ca8ee4eb9a232952c9b0ee663f0ab980e,Move Class,TextPosition,8,8,
c0aa191ca8ee4eb9a232952c9b0ee663f0ab980e,Move Class,TextPosition,8,8,
c0aa191ca8ee4eb9a232952c9b0ee663f0ab980e,Move Class,TextPosition,8,8,
c0aa191ca8ee4eb9a232952c9b0ee663f0ab980e,Move Class,TextPosition,8,8,
c0aa191ca8ee4eb9a232952c9b0ee663f0ab980e,Move Class,TextPosition,8,8,
c0aa191ca8ee4eb9a232952c9b0ee663f0ab980e,Move Class,TextPosition,8,8,
c0aa191ca8ee4eb9a232952c9b0ee663f0ab980e,Move Class,TextPosition,8,8,
c0aa191ca8ee4eb9a232952c9b0ee663f0ab980e,Move Class,TextPosition,8,8,
c0aa191ca8ee4eb9a232952c9b0ee663f0ab980e,Move Class,TextPosition,8,8,
c0aa191ca8ee4eb9a232952c9b0ee663f0ab980e,Move Class,TextPosition,8,8,
c0aa191ca8ee4eb9a232952c9b0ee663f0ab980e,Move Class,TextPosition,8,8,
c0aa191ca8ee4eb9a232952c9b0ee663f0ab980e,Move Class,TextPosition,8,8,
c0aa191ca8ee4eb9a232952c9b0ee663f0ab980e,Move Class,TextPosition,8,8,
c0aa191ca8ee4eb9a232952c9b0ee663f0ab980e,Move Class,TextPosition,8,8,
c0aa191ca8ee4eb9a232952c9b0ee663f0ab980e,Move Class,TextPosition,8,8,
c0aa191ca8ee4eb9a232952c9b0ee663f0ab980e,Move Class,TextPosition,8,8,
c0aa191ca8ee4eb9a232952c9b0ee663f0ab980e,Move Class,TextPosition,8,8,
c0aa191ca8ee4eb9a232952c9b0ee663f0ab980e,Move Class,TextPosition,8,8,
c0aa191ca8ee4eb9a232952c9b0ee663f0ab980e,Move Class,TextPosition,8,8,
c0aa191ca8ee4eb9a232952c9b0ee663f0ab980e,Move Class,TextPosition,8,8,
c0aa191ca8ee4eb9a232952c9b0ee663f0ab980e,Move Class,TextPosition,8,8,
c0aa191ca8ee4eb9a232952c9b0ee663f0ab980e,Move Class,TextPosition,8,8,
c0aa191ca8ee4eb9a232952c9b0ee663f0ab980e,Move Class,TextPosition,8,8,
c0aa191ca8ee4eb9a232952c9b0ee663f0ab980e,Move Class,TextPosition,8,8,
c0aa191ca8ee4eb9a232952c9b0ee663f0ab980e,Move Class,TextPosition,8,8,
c0aa191ca8ee4eb9a232952c9b0ee663f0ab980e,Move Class,TextPosition,8,8,
c0aa191ca8ee4eb9a232952c9b0ee663f0ab980e,Move Class,TextPosition,8,8,
c0aa191ca8ee4eb9a232952c9b0ee663f0ab980e,Move Class,TextPosition,8,8,
c0aa191ca8ee4eb9a232952c9b0ee663f0ab980e,Move Class,TextPosition,8,8,
c0aa191ca8ee4eb9a232952c9b0ee663f0ab980e,Move Class,TextPosition,8,8,
c0aa191ca8ee4eb9a232952c9b0ee663f0ab980e,Move Class,TextPosition,8,8,
c0aa191ca8ee4eb9a232952c9b0ee663f0ab980e,Move Class,TextPosition,8,8,
c0aa191ca8ee4eb9a232952c9b0ee663f0ab980e,Move Class,TextPosition,8,8,
c0aa191ca8ee4eb9a232952c9b0ee663f0ab980e,Move Class,TextPosition,8,8,
c0aa191ca8ee4eb9a232952c9b0ee663f0ab980e,Move Class,TextPosition,8,8,
c0aa191ca8ee4eb9a232952c9b0ee663f0ab980e,Move Class,TextPosition,8,8,
c0aa191ca8ee4eb9a232952c9b0ee663f0ab980e,Move Class,TextPosition,8,8,
c0aa191ca8ee4eb9a232952c9b0ee663f0ab980e,Move Class,TextPosition,8,8,
c0aa191ca8ee4eb9a232952c9b0ee663f0ab980e,Move Class,TextPosition,8,8,
c0aa191ca8ee4eb9a232952c9b0ee663f0ab980e,Move Class,TextPosition,8,8,
c0aa191ca8ee4eb9a232952c9b0ee663f0ab980e,Move Class,TextPosition,8,8,
c0aa191ca8ee4eb9a232952c9b0ee663f0ab980e,Move Class,TextPosition,8,8,
c0aa191ca8ee4eb9a232952c9b0ee663f0ab980e,Move Class,TextPosition,8,8,
c0aa191ca8ee4eb9a232952c9b0ee663f0ab980e,Move Class,TextPosition,8,8,
c0aa191ca8ee4eb9a232952c9b0ee663f0ab980e,Move Class,TextPosition,8,8,
c0aa191ca8ee4eb9a232952c9b0ee663f0ab980e,Move Class,TextPosition,8,8,
c0aa191ca8ee4eb9a232952c9b0ee663f0ab980e,Move Class,TextPosition,8,8,
c0aa191ca8ee4eb9a232952c9b0ee663f0ab980e,Move Class,TextPosition,8,8,
c0aa191ca8ee4eb9a232952c9b0ee663f0ab980e,Move Class,TextPosition,8,8,
c0aa191ca8ee4eb9a232952c9b0ee663f0ab980e,Move Class,TextPosition,8,8,
c0aa191ca8ee4eb9a232952c9b0ee663f0ab980e,Move Class,TextPosition,8,8,
c0aa191ca8ee4eb9a232952c9b0ee663f0ab980e,Move Class,TextPosition,8,8,
c0aa191ca8ee4eb9a232952c9b0ee663f0ab980e,Move Class,TextPosition,8,8,
c0aa191ca8ee4eb9a232952c9b0ee663f0ab980e,Move Class,TextPosition,8,8,
c0aa191ca8ee4eb9a232952c9b0ee663f0ab980e,Move Class,TextPosition,8,8,
c0aa191ca8ee4eb9a232952c9b0ee663f0ab980e,Move Class,TextPosition,8,8,
c0aa191ca8ee4eb9a232952c9b0ee663f0ab980e,Move Class,TextPosition,8,8,
c0aa191ca8ee4eb9a232952c9b0ee663f0ab980e,Move Class,TextPosition,8,8,
c0aa191ca8ee4eb9a232952c9b0ee663f0ab980e,Move Class,TextPosition,8,8,
c0aa191ca8ee4eb9a232952c9b0ee663f0ab980e,Move Class,TextPosition,8,8,
c0aa191ca8ee4eb9a232952c9b0ee663f0ab980e,Move Class,TextPosition,8,8,
c0aa191ca8ee4eb9a232952c9b0ee663f0ab980e,Move Class,TextPosition,8,8,
c0aa191ca8ee4eb9a232952c9b0ee663f0ab980e,Move Class,TextPosition,8,8,
c0aa191ca8ee4eb9a232952c9b0ee663f0ab980e,Move Class,TextPosition,8,8,
c0aa191ca8ee4eb9a232952c9b0ee663f0ab980e,Move Class,TextPosition,8,8,
c0aa191ca8ee4eb9a232952c9b0ee663f0ab980e,Move Class,TextPosition,8,8,
c0aa191ca8ee4eb9a232952c9b0ee663f0ab980e,Move Class,TextPosition,8,8,
c0aa191ca8ee4eb9a232952c9b0ee663f0ab980e,Move Class,TextPosition,8,8,
c0aa191ca8ee4eb9a232952c9b0ee663f0ab980e,Move Class,TextPosition,8,8,
c0aa191ca8ee4eb9a232952c9b0ee663f0ab980e,Move Class,TextPosition,8,8,
c0aa191ca8ee4eb9a232952c9b0ee663f0ab980e,Move Class,TextPosition,8,8,
c0aa191ca8ee4eb9a232952c9b0ee663f0ab980e,Move Class,TextPosition,8,8,
c0aa191ca8ee4eb9a232952c9b0ee663f0ab980e,Move Class,TextPosition,8,8,
c0aa191ca8ee4eb9a232952c9b0ee663f0ab980e,Move Class,TextPosition,8,8,
c0aa191ca8ee4eb9a232952c9b0ee663f0ab980e,Move Class,TextPosition,8,8,
c0aa191ca8ee4eb9a232952c9b0ee663f0ab980e,Move Class,TextPosition,8,8,
c0aa191ca8ee4eb9a232952c9b0ee663f0ab980e,Move Class,TextPosition,8,8,
c0aa191ca8ee4eb9a232952c9b0ee663f0ab980e,Move Class,TextPosition,8,8,
c0aa191ca8ee4eb9a232952c9b0ee663f0ab980e,Move Class,TextPosition,8,8,
c0aa191ca8ee4eb9a232952c9b0ee663f0ab980e,Move Class,TextPosition,8,8,
c0aa191ca8ee4eb9a232952c9b0ee663f0ab980e,Move Class,TextPosition,8,8,
c0aa191ca8ee4eb9a232952c9b0ee663f0ab980e,Move Class,TextPosition,8,8,
c0aa191ca8ee4eb9a232952c9b0ee663f0ab980e,Move Class,TextPosition,8,8,
c0aa191ca8ee4eb9a232952c9b0ee663f0ab980e,Move Class,TextPosition,8,8,
c0aa191ca8ee4eb9a232952c9b0ee663f0ab980e,Move Class,TextPosition,8,8,
c0aa191ca8ee4eb9a232952c9b0ee663f0ab980e,Move Class,TextPosition,8,8,
c0aa191ca8ee4eb9a232952c9b0ee663f0ab980e,Move Class,TextPosition,8,8,
c0aa191ca8ee4eb9a232952c9b0ee663f0ab980e,Move Class,TextPosition,8,8,
c0aa191ca8ee4eb9a232952c9b0ee663f0ab980e,Move Class,TextPosition,8,8,
c0aa191ca8ee4eb9a232952c9b0ee663f0ab980e,Move Class,TextPosition,8,8,
c0aa191ca8ee4eb9a232952c9b0ee663f0ab980e,Move Class,TextPosition,8,8,
c0aa191ca8ee4eb9a232952c9b0ee663f0ab980e,Move Class,TextPosition,8,8,
c0aa191ca8ee4eb9a232952c9b0ee663f0ab980e,Move Class,TextPosition,8,8,
c0aa191ca8ee4eb9a232952c9b0ee663f0ab980e,Move Class,TextPosition,8,8,
c0aa191ca8ee4eb9a232952c9b0ee663f0ab980e,Move Class,TextPosition,8,8,
c0aa191ca8ee4eb9a232952c9b0ee663f0ab980e,Move Class,TextPosition,8,8,
c0aa191ca8ee4eb9a232952c9b0ee663f0ab980e,Move Class,TextPosition,8,8,
c0aa191ca8ee4eb9a232952c9b0ee663f0ab980e,Move Class,TextPosition,8,8,
c0aa191ca8ee4eb9a232952c9b0ee663f0ab980e,Move Class,TextPosition,8,8,
c0aa191ca8ee4eb9a232952c9b0ee663f0ab980e,Move Class,TextPosition,8,8,
c0aa191ca8ee4eb9a232952c9b0ee663f0ab980e,Move Class,TextPosition,8,8,
c0aa191ca8ee4eb9a232952c9b0ee663f0ab980e,Move Class,TextPosition,8,8,
c0aa191ca8ee4eb9a232952c9b0ee663f0ab980e,Move Class,TextPosition,8,8,
c0aa191ca8ee4eb9a232952c9b0ee663f0ab980e,Move Class,TextPosition,8,8,
c0aa191ca8ee4eb9a232952c9b0ee663f0ab980e,Move Class,TextPosition,8,8,
c0aa191ca8ee4eb9a232952c9b0ee663f0ab980e,Move Class,TextPosition,8,8,
c0aa191ca8ee4eb9a232952c9b0ee663f0ab980e,Move Class,TextPosition,8,8,
c0aa191ca8ee4eb9a232952c9b0ee663f0ab980e,Move Class,TextPosition,8,8,
c0aa191ca8ee4eb9a232952c9b0ee663f0ab980e,Move Class,TextPosition,8,8,
c0aa191ca8ee4eb9a232952c9b0ee663f0ab980e,Move Class,TextPosition,8,8,
c0aa191ca8ee4eb9a232952c9b0ee663f0ab980e,Move Class,TextPosition,8,8,
c0aa191ca8ee4eb9a232952c9b0ee663f0ab980e,Move Class,TextPosition,8,8,
c0aa191ca8ee4eb9a232952c9b0ee663f0ab980e,Move Class,TextPosition,8,8,
c0aa191ca8ee4eb9a232952c9b0ee663f0ab980e,Move Class,TextPosition,8,8,
c0aa191ca8ee4eb9a232952c9b0ee663f0ab980e,Move Class,TextPosition,8,8,
c0aa191ca8ee4eb9a232952c9b0ee663f0ab980e,Move Class,TextPosition,8,8,
c0aa191ca8ee4eb9a232952c9b0ee663f0ab980e,Move Class,TextPosition,8,8,
c0aa191ca8ee4eb9a232952c9b0ee663f0ab980e,Move Class,TextPosition,8,8,
c0aa191ca8ee4eb9a232952c9b0ee663f0ab980e,Move Class,TextPosition,8,8,
c0aa191ca8ee4eb9a232952c9b0ee663f0ab980e,Move Class,TextPosition,8,8,
c0aa191ca8ee4eb9a232952c9b0ee663f0ab980e,Move Class,TextPosition,8,8,
c0aa191ca8ee4eb9a232952c9b0ee663f0ab980e,Move Class,TextPosition,8,8,
c0aa191ca8ee4eb9a232952c9b0ee663f0ab980e,Move Class,TextPosition,8,8,
c0aa191ca8ee4eb9a232952c9b0ee663f0ab980e,Move Class,TextPosition,8,8,
c0aa191ca8ee4eb9a232952c9b0ee663f0ab980e,Move Class,TextPosition,8,8,
c0aa191ca8ee4eb9a232952c9b0ee663f0ab980e,Move Class,TextPosition,8,8,
c0aa191ca8ee4eb9a232952c9b0ee663f0ab980e,Move Class,TextPosition,8,8,
c0aa191ca8ee4eb9a232952c9b0ee663f0ab980e,Move Class,TextPosition,8,8,
c0aa191ca8ee4eb9a232952c9b0ee663f0ab980e,Move Class,TextPosition,8,8,
c0aa191ca8ee4eb9a232952c9b0ee663f0ab980e,Move Class,TextPosition,8,8,
c0aa191ca8ee4eb9a232952c9b0ee663f0ab980e,Move Class,TextPosition,8,8,
c0aa191ca8ee4eb9a232952c9b0ee663f0ab980e,Move Class,TextPosition,8,8,
c0aa191ca8ee4eb9a232952c9b0ee663f0ab980e,Move Class,TextPosition,8,8,
c0aa191ca8ee4eb9a232952c9b0ee663f0ab980e,Move Class,TextPosition,8,8,
c0aa191ca8ee4eb9a232952c9b0ee663f0ab980e,Move Class,TextPosition,8,8,
c0aa191ca8ee4eb9a232952c9b0ee663f0ab980e,Move Class,TextPosition,8,8,
c0aa191ca8ee4eb9a232952c9b0ee663f0ab980e,Move Class,TextPosition,8,8,
c0aa191ca8ee4eb9a232952c9b0ee663f0ab980e,Move Class,TextPosition,8,8,
c0aa191ca8ee4eb9a232952c9b0ee663f0ab980e,Move Class,TextPosition,8,8,
c0aa191ca8ee4eb9a232952c9b0ee663f0ab980e,Move Class,TextPosition,8,8,
c0aa191ca8ee4eb9a232952c9b0ee663f0ab980e,Move Class,TextPosition,8,8,
c0aa191ca8ee4eb9a232952c9b0ee663f0ab980e,Move Class,TextPosition,8,8,
c0aa191ca8ee4eb9a232952c9b0ee663f0ab980e,Move Class,TextPosition,8,8,
c0aa191ca8ee4eb9a232952c9b0ee663f0ab980e,Move Class,TextPosition,8,8,
c0aa191ca8ee4eb9a232952c9b0ee663f0ab980e,Move Class,TextPosition,8,8,
c0aa191ca8ee4eb9a232952c9b0ee663f0ab980e,Move Class,TextPosition,8,8,
c0aa191ca8ee4eb9a232952c9b0ee663f0ab980e,Move Class,TextPosition,8,8,
c0aa191ca8ee4eb9a232952c9b0ee663f0ab980e,Move Class,TextPosition,8,8,
c0aa191ca8ee4eb9a232952c9b0ee663f0ab980e,Move Class,TextPosition,8,8,
c0aa191ca8ee4eb9a232952c9b0ee663f0ab980e,Move Class,TextPosition,8,8,
c0aa191ca8ee4eb9a232952c9b0ee663f0ab980e,Move Class,TextPosition,8,8,
c0aa191ca8ee4eb9a232952c9b0ee663f0ab980e,Move Class,TextPosition,8,8,
c0aa191ca8ee4eb9a232952c9b0ee663f0ab980e,Move Class,TextPosition,8,8,
c0aa191ca8ee4eb9a232952c9b0ee663f0ab980e,Move Class,TextPosition,8,8,
c0aa191ca8ee4eb9a232952c9b0ee663f0ab980e,Move Class,TextPosition,8,8,
c0aa191ca8ee4eb9a232952c9b0ee663f0ab980e,Move Class,TextPosition,8,8,
c0aa191ca8ee4eb9a232952c9b0ee663f0ab980e,Move Class,TextPosition,8,8,
c0aa191ca8ee4eb9a232952c9b0ee663f0ab980e,Move Class,TextPosition,8,8,
c0aa191ca8ee4eb9a232952c9b0ee663f0ab980e,Move Class,TextPosition,8,8,
c0aa191ca8ee4eb9a232952c9b0ee663f0ab980e,Move Class,TextPosition,8,8,
c0aa191ca8ee4eb9a232952c9b0ee663f0ab980e,Move Class,TextPosition,8,8,
c0aa191ca8ee4eb9a232952c9b0ee663f0ab980e,Move Class,TextPosition,8,8,
c0aa191ca8ee4eb9a232952c9b0ee663f0ab980e,Move Class,TextPosition,8,8,
c0aa191ca8ee4eb9a232952c9b0ee663f0ab980e,Move Class,TextPosition,8,8,
c0aa191ca8ee4eb9a232952c9b0ee663f0ab980e,Move Class,TextPosition,8,8,
c0aa191ca8ee4eb9a232952c9b0ee663f0ab980e,Move Class,TextPosition,8,8,
c0aa191ca8ee4eb9a232952c9b0ee663f0ab980e,Move Class,TextPosition,8,8,
c0aa191ca8ee4eb9a232952c9b0ee663f0ab980e,Move Class,TextPosition,8,8,
c0aa191ca8ee4eb9a232952c9b0ee663f0ab980e,Move Class,TextPosition,8,8,
c0aa191ca8ee4eb9a232952c9b0ee663f0ab980e,Move Class,TextPosition,8,8,
c0aa191ca8ee4eb9a232952c9b0ee663f0ab980e,Move Class,TextPosition,8,8,
c0aa191ca8ee4eb9a232952c9b0ee663f0ab980e,Move Class,TextPosition,8,8,
c0aa191ca8ee4eb9a232952c9b0ee663f0ab980e,Move Class,TextPosition,8,8,
c0aa191ca8ee4eb9a232952c9b0ee663f0ab980e,Move Class,TextPosition,8,8,
c0aa191ca8ee4eb9a232952c9b0ee663f0ab980e,Move Class,TextPosition,8,8,
c0aa191ca8ee4eb9a232952c9b0ee663f0ab980e,Move Class,TextPosition,8,8,
c0aa191ca8ee4eb9a232952c9b0ee663f0ab980e,Move Class,TextPosition,8,8,
c0aa191ca8ee4eb9a232952c9b0ee663f0ab980e,Move Class,TextPosition,8,8,
c0aa191ca8ee4eb9a232952c9b0ee663f0ab980e,Move Class,TextPosition,8,8,
c0aa191ca8ee4eb9a232952c9b0ee663f0ab980e,Move Class,TextPosition,8,8,
c0aa191ca8ee4eb9a232952c9b0ee663f0ab980e,Move Class,TextPosition,8,8,
c0aa191ca8ee4eb9a232952c9b0ee663f0ab980e,Move Class,TextPosition,8,8,
c0aa191ca8ee4eb9a232952c9b0ee663f0ab980e,Move Class,TextPosition,8,8,
c0aa191ca8ee4eb9a232952c9b0ee663f0ab980e,Move Class,TextPosition,8,8,
c0aa191ca8ee4eb9a232952c9b0ee663f0ab980e,Move Class,TextPosition,8,8,
c0aa191ca8ee4eb9a232952c9b0ee663f0ab980e,Move Class,TextPosition,8,8,
c0aa191ca8ee4eb9a232952c9b0ee663f0ab980e,Move Class,TextPosition,8,8,
c0aa191ca8ee4eb9a232952c9b0ee663f0ab980e,Move Class,TextPosition,8,8,
c0aa191ca8ee4eb9a232952c9b0ee663f0ab980e,Move Class,TextPosition,8,8,
c0aa191ca8ee4eb9a232952c9b0ee663f0ab980e,Move Class,TextPosition,8,8,
c0aa191ca8ee4eb9a232952c9b0ee663f0ab980e,Move Class,TextPosition,8,8,
c0aa191ca8ee4eb9a232952c9b0ee663f0ab980e,Move Class,TextPosition,8,8,
c0aa191ca8ee4eb9a232952c9b0ee663f0ab980e,Move Class,TextPosition,8,8,
c0aa191ca8ee4eb9a232952c9b0ee663f0ab980e,Move Class,TextPosition,8,8,
c0aa191ca8ee4eb9a232952c9b0ee663f0ab980e,Move Class,TextPosition,8,8,
c0aa191ca8ee4eb9a232952c9b0ee663f0ab980e,Move Class,TextPosition,8,8,
c0aa191ca8ee4eb9a232952c9b0ee663f0ab980e,Move Class,TextPosition,8,8,
c0aa191ca8ee4eb9a232952c9b0ee663f0ab980e,Move Class,TextPosition,8,8,
c0aa191ca8ee4eb9a232952c9b0ee663f0ab980e,Move Class,TextPosition,8,8,
c0aa191ca8ee4eb9a232952c9b0ee663f0ab980e,Move Class,TextPosition,8,8,
c0aa191ca8ee4eb9a232952c9b0ee663f0ab980e,Move Class,TextPosition,8,8,
c0aa191ca8ee4eb9a232952c9b0ee663f0ab980e,Move Class,TextPosition,8,8,
c0aa191ca8ee4eb9a232952c9b0ee663f0ab980e,Move Class,TextPosition,8,8,
c0aa191ca8ee4eb9a232952c9b0ee663f0ab980e,Move Class,TextPosition,8,8,
c0aa191ca8ee4eb9a232952c9b0ee663f0ab980e,Move Class,TextPosition,8,8,
c0aa191ca8ee4eb9a232952c9b0ee663f0ab980e,Move Class,TextPosition,8,8,
13f44d1f587a6eb0f67bc9a39382c39614f0e497,Extract Method,RobotSuiteAutoEditStrategyTest,616,703,
13f44d1f587a6eb0f67bc9a39382c39614f0e497,Extract Method,RobotSuiteAutoEditStrategyTest,616,703,
13f44d1f587a6eb0f67bc9a39382c39614f0e497,Extract Method,RobotSuiteAutoEditStrategyTest,616,703,
13f44d1f587a6eb0f67bc9a39382c39614f0e497,Extract Method,RobotSuiteAutoEditStrategyTest,616,703,
e71e1f5b267a33f519c96b71dc0a0167708b1188,Inline Variable,ToggleBreakpointHandler,82,82,
0b266b775fb4589e82b7ebfeb6ef0c94bcd628a4,Rename Method,RobotSuiteAutoEditStrategyTest,694,694,
b79bffb6710cf83c9f66b112ae4719f46dc17c52,Add Thrown Exception Type,RobotSuiteAutoEditStrategyTest,615,617,
b79bffb6710cf83c9f66b112ae4719f46dc17c52,Add Thrown Exception Type,RobotSuiteAutoEditStrategyTest,615,617,
b79bffb6710cf83c9f66b112ae4719f46dc17c52,Add Thrown Exception Type,RobotSuiteAutoEditStrategyTest,615,617,
b79bffb6710cf83c9f66b112ae4719f46dc17c52,Add Thrown Exception Type,RobotSuiteAutoEditStrategyTest,615,617,
ed2d9f0edab19f698e4cf4a30748e9a1789bd180,Rename Method,ConvertDeprecatedForLoopFixerTest,50,50,
ed2d9f0edab19f698e4cf4a30748e9a1789bd180,Rename Method,ConvertDeprecatedForLoopFixerTest,50,50,
14d4de93c6cc889ebeaa305771b968e83e0e2888,Rename Variable,RobotSuiteAutoEditStrategyTest,618,657,
14d4de93c6cc889ebeaa305771b968e83e0e2888,Rename Variable,RobotSuiteAutoEditStrategyTest,618,657,
14d4de93c6cc889ebeaa305771b968e83e0e2888,Rename Variable,RobotSuiteAutoEditStrategyTest,618,657,
14d4de93c6cc889ebeaa305771b968e83e0e2888,Rename Variable,RobotSuiteAutoEditStrategyTest,618,657,
14d4de93c6cc889ebeaa305771b968e83e0e2888,Rename Variable,RobotSuiteAutoEditStrategyTest,618,657,
14d4de93c6cc889ebeaa305771b968e83e0e2888,Rename Variable,RobotSuiteAutoEditStrategyTest,618,657,
14d4de93c6cc889ebeaa305771b968e83e0e2888,Rename Variable,RobotSuiteAutoEditStrategyTest,618,657,
14d4de93c6cc889ebeaa305771b968e83e0e2888,Rename Variable,RobotSuiteAutoEditStrategyTest,618,657,
14d4de93c6cc889ebeaa305771b968e83e0e2888,Rename Variable,RobotSuiteAutoEditStrategyTest,618,657,
14d4de93c6cc889ebeaa305771b968e83e0e2888,Rename Variable,RobotSuiteAutoEditStrategyTest,618,657,
14d4de93c6cc889ebeaa305771b968e83e0e2888,Rename Variable,RobotSuiteAutoEditStrategyTest,618,657,
14d4de93c6cc889ebeaa305771b968e83e0e2888,Rename Variable,RobotSuiteAutoEditStrategyTest,618,657,
3c74d0a16a9802da6317a28caed3a0328fa0fae7,Change Attribute Access Modifier,NavigatorLibrariesLabelProviderTest,26,26,
3c74d0a16a9802da6317a28caed3a0328fa0fae7,Change Attribute Access Modifier,NavigatorLibrariesLabelProviderTest,26,26,
3c74d0a16a9802da6317a28caed3a0328fa0fae7,Change Attribute Access Modifier,NavigatorLibrariesLabelProviderTest,26,26,
3c74d0a16a9802da6317a28caed3a0328fa0fae7,Change Attribute Access Modifier,NavigatorLibrariesLabelProviderTest,26,26,
3c74d0a16a9802da6317a28caed3a0328fa0fae7,Change Attribute Access Modifier,NavigatorLibrariesLabelProviderTest,26,26,
3c74d0a16a9802da6317a28caed3a0328fa0fae7,Change Attribute Access Modifier,NavigatorLibrariesLabelProviderTest,26,26,
3c74d0a16a9802da6317a28caed3a0328fa0fae7,Change Attribute Access Modifier,NavigatorLibrariesLabelProviderTest,26,26,
3c74d0a16a9802da6317a28caed3a0328fa0fae7,Change Attribute Access Modifier,NavigatorLibrariesLabelProviderTest,26,26,
3c74d0a16a9802da6317a28caed3a0328fa0fae7,Change Attribute Access Modifier,NavigatorLibrariesLabelProviderTest,26,26,
3c74d0a16a9802da6317a28caed3a0328fa0fae7,Change Attribute Access Modifier,NavigatorLibrariesLabelProviderTest,26,26,
3c74d0a16a9802da6317a28caed3a0328fa0fae7,Change Attribute Access Modifier,NavigatorLibrariesLabelProviderTest,26,26,
3c74d0a16a9802da6317a28caed3a0328fa0fae7,Change Attribute Access Modifier,NavigatorLibrariesLabelProviderTest,26,26,
3c74d0a16a9802da6317a28caed3a0328fa0fae7,Change Attribute Access Modifier,NavigatorLibrariesLabelProviderTest,26,26,
3c74d0a16a9802da6317a28caed3a0328fa0fae7,Change Attribute Access Modifier,NavigatorLibrariesLabelProviderTest,26,26,
3c74d0a16a9802da6317a28caed3a0328fa0fae7,Change Attribute Access Modifier,NavigatorLibrariesLabelProviderTest,26,26,
3c74d0a16a9802da6317a28caed3a0328fa0fae7,Change Attribute Access Modifier,NavigatorLibrariesLabelProviderTest,26,26,
3c74d0a16a9802da6317a28caed3a0328fa0fae7,Change Attribute Access Modifier,NavigatorLibrariesLabelProviderTest,26,26,
3c74d0a16a9802da6317a28caed3a0328fa0fae7,Change Attribute Access Modifier,NavigatorLibrariesLabelProviderTest,26,26,
3c74d0a16a9802da6317a28caed3a0328fa0fae7,Change Attribute Access Modifier,NavigatorLibrariesLabelProviderTest,26,26,
3c74d0a16a9802da6317a28caed3a0328fa0fae7,Change Attribute Access Modifier,NavigatorLibrariesLabelProviderTest,26,26,
3c74d0a16a9802da6317a28caed3a0328fa0fae7,Change Attribute Access Modifier,NavigatorLibrariesLabelProviderTest,26,26,
3c74d0a16a9802da6317a28caed3a0328fa0fae7,Change Attribute Access Modifier,NavigatorLibrariesLabelProviderTest,26,26,
3c74d0a16a9802da6317a28caed3a0328fa0fae7,Change Attribute Access Modifier,NavigatorLibrariesLabelProviderTest,26,26,
3c74d0a16a9802da6317a28caed3a0328fa0fae7,Change Attribute Access Modifier,NavigatorLibrariesLabelProviderTest,26,26,
3c74d0a16a9802da6317a28caed3a0328fa0fae7,Change Attribute Access Modifier,NavigatorLibrariesLabelProviderTest,26,26,
3c74d0a16a9802da6317a28caed3a0328fa0fae7,Change Attribute Access Modifier,NavigatorLibrariesLabelProviderTest,26,26,
3c74d0a16a9802da6317a28caed3a0328fa0fae7,Change Attribute Access Modifier,NavigatorLibrariesLabelProviderTest,26,26,
3c74d0a16a9802da6317a28caed3a0328fa0fae7,Change Attribute Access Modifier,NavigatorLibrariesLabelProviderTest,26,26,
3c74d0a16a9802da6317a28caed3a0328fa0fae7,Change Attribute Access Modifier,NavigatorLibrariesLabelProviderTest,26,26,
3c74d0a16a9802da6317a28caed3a0328fa0fae7,Change Attribute Access Modifier,NavigatorLibrariesLabelProviderTest,26,26,
3c74d0a16a9802da6317a28caed3a0328fa0fae7,Change Attribute Access Modifier,NavigatorLibrariesLabelProviderTest,26,26,
3c74d0a16a9802da6317a28caed3a0328fa0fae7,Change Attribute Access Modifier,NavigatorLibrariesLabelProviderTest,26,26,
3c74d0a16a9802da6317a28caed3a0328fa0fae7,Change Attribute Access Modifier,NavigatorLibrariesLabelProviderTest,26,26,
3c74d0a16a9802da6317a28caed3a0328fa0fae7,Change Attribute Access Modifier,NavigatorLibrariesLabelProviderTest,26,26,
3c74d0a16a9802da6317a28caed3a0328fa0fae7,Change Attribute Access Modifier,NavigatorLibrariesLabelProviderTest,26,26,
3c74d0a16a9802da6317a28caed3a0328fa0fae7,Change Attribute Access Modifier,NavigatorLibrariesLabelProviderTest,26,26,
3c74d0a16a9802da6317a28caed3a0328fa0fae7,Change Attribute Access Modifier,NavigatorLibrariesLabelProviderTest,26,26,
3c74d0a16a9802da6317a28caed3a0328fa0fae7,Change Attribute Access Modifier,NavigatorLibrariesLabelProviderTest,26,26,
3c74d0a16a9802da6317a28caed3a0328fa0fae7,Change Attribute Access Modifier,NavigatorLibrariesLabelProviderTest,26,26,
3c74d0a16a9802da6317a28caed3a0328fa0fae7,Change Attribute Access Modifier,NavigatorLibrariesLabelProviderTest,26,26,
3c74d0a16a9802da6317a28caed3a0328fa0fae7,Change Attribute Access Modifier,NavigatorLibrariesLabelProviderTest,26,26,
3c74d0a16a9802da6317a28caed3a0328fa0fae7,Change Attribute Access Modifier,NavigatorLibrariesLabelProviderTest,26,26,
3c74d0a16a9802da6317a28caed3a0328fa0fae7,Change Attribute Access Modifier,NavigatorLibrariesLabelProviderTest,26,26,
2c47d769c3d2235b90844699248d86d3c3730387,Change Method Access Modifier,MappingResult,35,35,
2c47d769c3d2235b90844699248d86d3c3730387,Change Method Access Modifier,MappingResult,35,35,
2c47d769c3d2235b90844699248d86d3c3730387,Change Method Access Modifier,MappingResult,35,35,
2c47d769c3d2235b90844699248d86d3c3730387,Change Method Access Modifier,MappingResult,35,35,
2c47d769c3d2235b90844699248d86d3c3730387,Change Method Access Modifier,MappingResult,35,35,
2c47d769c3d2235b90844699248d86d3c3730387,Change Method Access Modifier,MappingResult,35,35,
2c47d769c3d2235b90844699248d86d3c3730387,Change Method Access Modifier,MappingResult,35,35,
2c47d769c3d2235b90844699248d86d3c3730387,Change Method Access Modifier,MappingResult,35,35,
fee60052bf7538341fb3edb77dda51ffc7ccd55c,Rename Parameter,RobotSuiteAutoEditStrategy,191,214,
fee60052bf7538341fb3edb77dda51ffc7ccd55c,Rename Parameter,RobotSuiteAutoEditStrategy,191,214,
fee60052bf7538341fb3edb77dda51ffc7ccd55c,Rename Parameter,RobotSuiteAutoEditStrategy,191,214,
fee60052bf7538341fb3edb77dda51ffc7ccd55c,Rename Parameter,RobotSuiteAutoEditStrategy,191,214,
fee60052bf7538341fb3edb77dda51ffc7ccd55c,Rename Parameter,RobotSuiteAutoEditStrategy,191,214,
af2df03bfa27e828ab4c243847ab4a45d24bdf08,Add Attribute Modifier,ExecutableForValidator,48,48,
af2df03bfa27e828ab4c243847ab4a45d24bdf08,Add Attribute Modifier,ExecutableForValidator,48,48,
af2df03bfa27e828ab4c243847ab4a45d24bdf08,Add Attribute Modifier,ExecutableForValidator,48,48,
af2df03bfa27e828ab4c243847ab4a45d24bdf08,Add Attribute Modifier,ExecutableForValidator,48,48,
af2df03bfa27e828ab4c243847ab4a45d24bdf08,Add Attribute Modifier,ExecutableForValidator,48,48,
af2df03bfa27e828ab4c243847ab4a45d24bdf08,Add Attribute Modifier,ExecutableForValidator,48,48,
af2df03bfa27e828ab4c243847ab4a45d24bdf08,Add Attribute Modifier,ExecutableForValidator,48,48,
af2df03bfa27e828ab4c243847ab4a45d24bdf08,Add Attribute Modifier,ExecutableForValidator,48,48,
af2df03bfa27e828ab4c243847ab4a45d24bdf08,Add Attribute Modifier,ExecutableForValidator,48,48,
af2df03bfa27e828ab4c243847ab4a45d24bdf08,Add Attribute Modifier,ExecutableForValidator,48,48,
af2df03bfa27e828ab4c243847ab4a45d24bdf08,Add Attribute Modifier,ExecutableForValidator,48,48,
af2df03bfa27e828ab4c243847ab4a45d24bdf08,Add Attribute Modifier,ExecutableForValidator,48,48,
af2df03bfa27e828ab4c243847ab4a45d24bdf08,Add Attribute Modifier,ExecutableForValidator,48,48,
af2df03bfa27e828ab4c243847ab4a45d24bdf08,Add Attribute Modifier,ExecutableForValidator,48,48,
af2df03bfa27e828ab4c243847ab4a45d24bdf08,Add Attribute Modifier,ExecutableForValidator,48,48,
af2df03bfa27e828ab4c243847ab4a45d24bdf08,Add Attribute Modifier,ExecutableForValidator,48,48,
af2df03bfa27e828ab4c243847ab4a45d24bdf08,Add Attribute Modifier,ExecutableForValidator,48,48,
af2df03bfa27e828ab4c243847ab4a45d24bdf08,Add Attribute Modifier,ExecutableForValidator,48,48,
af2df03bfa27e828ab4c243847ab4a45d24bdf08,Add Attribute Modifier,ExecutableForValidator,48,48,
af2df03bfa27e828ab4c243847ab4a45d24bdf08,Add Attribute Modifier,ExecutableForValidator,48,48,
af2df03bfa27e828ab4c243847ab4a45d24bdf08,Add Attribute Modifier,ExecutableForValidator,48,48,
af2df03bfa27e828ab4c243847ab4a45d24bdf08,Add Attribute Modifier,ExecutableForValidator,48,48,
af2df03bfa27e828ab4c243847ab4a45d24bdf08,Add Attribute Modifier,ExecutableForValidator,48,48,
af2df03bfa27e828ab4c243847ab4a45d24bdf08,Add Attribute Modifier,ExecutableForValidator,48,48,
04b5d0b83a8de07f9b6666147cfabd50506cf6b6,Inline Variable,MappingResult,139,117,
e908435cf4086c32a00de3938c1ffcbd5862c447,Add Parameter Modifier,ConvertDeprecatedForLoopFixer,137,138,
e908435cf4086c32a00de3938c1ffcbd5862c447,Add Parameter Modifier,ConvertDeprecatedForLoopFixer,137,138,
e908435cf4086c32a00de3938c1ffcbd5862c447,Add Parameter Modifier,ConvertDeprecatedForLoopFixer,137,138,
e908435cf4086c32a00de3938c1ffcbd5862c447,Add Parameter Modifier,ConvertDeprecatedForLoopFixer,137,138,
e908435cf4086c32a00de3938c1ffcbd5862c447,Add Parameter Modifier,ConvertDeprecatedForLoopFixer,137,138,
e908435cf4086c32a00de3938c1ffcbd5862c447,Add Parameter Modifier,ConvertDeprecatedForLoopFixer,137,138,
e908435cf4086c32a00de3938c1ffcbd5862c447,Add Parameter Modifier,ConvertDeprecatedForLoopFixer,137,138,
e908435cf4086c32a00de3938c1ffcbd5862c447,Add Parameter Modifier,ConvertDeprecatedForLoopFixer,137,138,
e908435cf4086c32a00de3938c1ffcbd5862c447,Add Parameter Modifier,ConvertDeprecatedForLoopFixer,137,138,
e0891ffab90dc5489b82feb493994c5a0408073e,Rename Method,ForLoopReservedWordProposalTest,46,46,
e0891ffab90dc5489b82feb493994c5a0408073e,Rename Method,ForLoopReservedWordProposalTest,46,46,
e0891ffab90dc5489b82feb493994c5a0408073e,Rename Method,ForLoopReservedWordProposalTest,46,46,
e0891ffab90dc5489b82feb493994c5a0408073e,Rename Method,ForLoopReservedWordProposalTest,46,46,
e0891ffab90dc5489b82feb493994c5a0408073e,Rename Method,ForLoopReservedWordProposalTest,46,46,
e0891ffab90dc5489b82feb493994c5a0408073e,Rename Method,ForLoopReservedWordProposalTest,46,46,
05fb1df36f8f8d2427f00ab2c68f3e8c708caf30,Modify Class Annotation,LocalProcessCommandLineBuilderTest,61,59,
05fb1df36f8f8d2427f00ab2c68f3e8c708caf30,Modify Class Annotation,LocalProcessCommandLineBuilderTest,61,59,
05fb1df36f8f8d2427f00ab2c68f3e8c708caf30,Modify Class Annotation,LocalProcessCommandLineBuilderTest,61,59,
05fb1df36f8f8d2427f00ab2c68f3e8c708caf30,Modify Class Annotation,LocalProcessCommandLineBuilderTest,61,59,
05fb1df36f8f8d2427f00ab2c68f3e8c708caf30,Modify Class Annotation,LocalProcessCommandLineBuilderTest,61,59,
05fb1df36f8f8d2427f00ab2c68f3e8c708caf30,Modify Class Annotation,LocalProcessCommandLineBuilderTest,61,59,
05fb1df36f8f8d2427f00ab2c68f3e8c708caf30,Modify Class Annotation,LocalProcessCommandLineBuilderTest,61,59,
7a6f9e9020c1ae89e3ed14b42a4da29183e575e6,Change Variable Type,ProjectExtension,260,260,
7a6f9e9020c1ae89e3ed14b42a4da29183e575e6,Change Variable Type,ProjectExtension,260,260,
1483a525f25c8564170ae721889b49c05741976e,Add Class Annotation,RedWorkspaceTest,24,25,
1483a525f25c8564170ae721889b49c05741976e,Add Class Annotation,RedWorkspaceTest,24,25,
1483a525f25c8564170ae721889b49c05741976e,Add Class Annotation,RedWorkspaceTest,24,25,
1483a525f25c8564170ae721889b49c05741976e,Add Class Annotation,RedWorkspaceTest,24,25,
1483a525f25c8564170ae721889b49c05741976e,Add Class Annotation,RedWorkspaceTest,24,25,
1483a525f25c8564170ae721889b49c05741976e,Add Class Annotation,RedWorkspaceTest,24,25,
1483a525f25c8564170ae721889b49c05741976e,Add Class Annotation,RedWorkspaceTest,24,25,
1483a525f25c8564170ae721889b49c05741976e,Add Class Annotation,RedWorkspaceTest,24,25,
1483a525f25c8564170ae721889b49c05741976e,Add Class Annotation,RedWorkspaceTest,24,25,
1483a525f25c8564170ae721889b49c05741976e,Add Class Annotation,RedWorkspaceTest,24,25,
1483a525f25c8564170ae721889b49c05741976e,Add Class Annotation,RedWorkspaceTest,24,25,
1483a525f25c8564170ae721889b49c05741976e,Add Class Annotation,RedWorkspaceTest,24,25,
1483a525f25c8564170ae721889b49c05741976e,Add Class Annotation,RedWorkspaceTest,24,25,
1483a525f25c8564170ae721889b49c05741976e,Add Class Annotation,RedWorkspaceTest,24,25,
1483a525f25c8564170ae721889b49c05741976e,Add Class Annotation,RedWorkspaceTest,24,25,
1483a525f25c8564170ae721889b49c05741976e,Add Class Annotation,RedWorkspaceTest,24,25,
1483a525f25c8564170ae721889b49c05741976e,Add Class Annotation,RedWorkspaceTest,24,25,
1483a525f25c8564170ae721889b49c05741976e,Add Class Annotation,RedWorkspaceTest,24,25,
1483a525f25c8564170ae721889b49c05741976e,Add Class Annotation,RedWorkspaceTest,24,25,
1483a525f25c8564170ae721889b49c05741976e,Add Class Annotation,RedWorkspaceTest,24,25,
1483a525f25c8564170ae721889b49c05741976e,Add Class Annotation,RedWorkspaceTest,24,25,
1483a525f25c8564170ae721889b49c05741976e,Add Class Annotation,RedWorkspaceTest,24,25,
1483a525f25c8564170ae721889b49c05741976e,Add Class Annotation,RedWorkspaceTest,24,25,
1483a525f25c8564170ae721889b49c05741976e,Add Class Annotation,RedWorkspaceTest,24,25,
1483a525f25c8564170ae721889b49c05741976e,Add Class Annotation,RedWorkspaceTest,24,25,
1483a525f25c8564170ae721889b49c05741976e,Add Class Annotation,RedWorkspaceTest,24,25,
1483a525f25c8564170ae721889b49c05741976e,Add Class Annotation,RedWorkspaceTest,24,25,
1483a525f25c8564170ae721889b49c05741976e,Add Class Annotation,RedWorkspaceTest,24,25,
1483a525f25c8564170ae721889b49c05741976e,Add Class Annotation,RedWorkspaceTest,24,25,
1483a525f25c8564170ae721889b49c05741976e,Add Class Annotation,RedWorkspaceTest,24,25,
1483a525f25c8564170ae721889b49c05741976e,Add Class Annotation,RedWorkspaceTest,24,25,
1483a525f25c8564170ae721889b49c05741976e,Add Class Annotation,RedWorkspaceTest,24,25,
1483a525f25c8564170ae721889b49c05741976e,Add Class Annotation,RedWorkspaceTest,24,25,
1483a525f25c8564170ae721889b49c05741976e,Add Class Annotation,RedWorkspaceTest,24,25,
1483a525f25c8564170ae721889b49c05741976e,Add Class Annotation,RedWorkspaceTest,24,25,
1483a525f25c8564170ae721889b49c05741976e,Add Class Annotation,RedWorkspaceTest,24,25,
1483a525f25c8564170ae721889b49c05741976e,Add Class Annotation,RedWorkspaceTest,24,25,
1483a525f25c8564170ae721889b49c05741976e,Add Class Annotation,RedWorkspaceTest,24,25,
1483a525f25c8564170ae721889b49c05741976e,Add Class Annotation,RedWorkspaceTest,24,25,
1483a525f25c8564170ae721889b49c05741976e,Add Class Annotation,RedWorkspaceTest,24,25,
1483a525f25c8564170ae721889b49c05741976e,Add Class Annotation,RedWorkspaceTest,24,25,
1483a525f25c8564170ae721889b49c05741976e,Add Class Annotation,RedWorkspaceTest,24,25,
1483a525f25c8564170ae721889b49c05741976e,Add Class Annotation,RedWorkspaceTest,24,25,
1483a525f25c8564170ae721889b49c05741976e,Add Class Annotation,RedWorkspaceTest,24,25,
1483a525f25c8564170ae721889b49c05741976e,Add Class Annotation,RedWorkspaceTest,24,25,
1483a525f25c8564170ae721889b49c05741976e,Add Class Annotation,RedWorkspaceTest,24,25,
1483a525f25c8564170ae721889b49c05741976e,Add Class Annotation,RedWorkspaceTest,24,25,
1483a525f25c8564170ae721889b49c05741976e,Add Class Annotation,RedWorkspaceTest,24,25,
1483a525f25c8564170ae721889b49c05741976e,Add Class Annotation,RedWorkspaceTest,24,25,
1483a525f25c8564170ae721889b49c05741976e,Add Class Annotation,RedWorkspaceTest,24,25,
1483a525f25c8564170ae721889b49c05741976e,Add Class Annotation,RedWorkspaceTest,24,25,
1483a525f25c8564170ae721889b49c05741976e,Add Class Annotation,RedWorkspaceTest,24,25,
1483a525f25c8564170ae721889b49c05741976e,Add Class Annotation,RedWorkspaceTest,24,25,
1483a525f25c8564170ae721889b49c05741976e,Add Class Annotation,RedWorkspaceTest,24,25,
1483a525f25c8564170ae721889b49c05741976e,Add Class Annotation,RedWorkspaceTest,24,25,
1483a525f25c8564170ae721889b49c05741976e,Add Class Annotation,RedWorkspaceTest,24,25,
1483a525f25c8564170ae721889b49c05741976e,Add Class Annotation,RedWorkspaceTest,24,25,
1483a525f25c8564170ae721889b49c05741976e,Add Class Annotation,RedWorkspaceTest,24,25,
1483a525f25c8564170ae721889b49c05741976e,Add Class Annotation,RedWorkspaceTest,24,25,
1483a525f25c8564170ae721889b49c05741976e,Add Class Annotation,RedWorkspaceTest,24,25,
1483a525f25c8564170ae721889b49c05741976e,Add Class Annotation,RedWorkspaceTest,24,25,
1483a525f25c8564170ae721889b49c05741976e,Add Class Annotation,RedWorkspaceTest,24,25,
1483a525f25c8564170ae721889b49c05741976e,Add Class Annotation,RedWorkspaceTest,24,25,
1483a525f25c8564170ae721889b49c05741976e,Add Class Annotation,RedWorkspaceTest,24,25,
1483a525f25c8564170ae721889b49c05741976e,Add Class Annotation,RedWorkspaceTest,24,25,
1483a525f25c8564170ae721889b49c05741976e,Add Class Annotation,RedWorkspaceTest,24,25,
1483a525f25c8564170ae721889b49c05741976e,Add Class Annotation,RedWorkspaceTest,24,25,
1483a525f25c8564170ae721889b49c05741976e,Add Class Annotation,RedWorkspaceTest,24,25,
1483a525f25c8564170ae721889b49c05741976e,Add Class Annotation,RedWorkspaceTest,24,25,
1483a525f25c8564170ae721889b49c05741976e,Add Class Annotation,RedWorkspaceTest,24,25,
1483a525f25c8564170ae721889b49c05741976e,Add Class Annotation,RedWorkspaceTest,24,25,
1483a525f25c8564170ae721889b49c05741976e,Add Class Annotation,RedWorkspaceTest,24,25,
1483a525f25c8564170ae721889b49c05741976e,Add Class Annotation,RedWorkspaceTest,24,25,
1483a525f25c8564170ae721889b49c05741976e,Add Class Annotation,RedWorkspaceTest,24,25,
1483a525f25c8564170ae721889b49c05741976e,Add Class Annotation,RedWorkspaceTest,24,25,
1483a525f25c8564170ae721889b49c05741976e,Add Class Annotation,RedWorkspaceTest,24,25,
1483a525f25c8564170ae721889b49c05741976e,Add Class Annotation,RedWorkspaceTest,24,25,
1483a525f25c8564170ae721889b49c05741976e,Add Class Annotation,RedWorkspaceTest,24,25,
1483a525f25c8564170ae721889b49c05741976e,Add Class Annotation,RedWorkspaceTest,24,25,
1483a525f25c8564170ae721889b49c05741976e,Add Class Annotation,RedWorkspaceTest,24,25,
1483a525f25c8564170ae721889b49c05741976e,Add Class Annotation,RedWorkspaceTest,24,25,
1483a525f25c8564170ae721889b49c05741976e,Add Class Annotation,RedWorkspaceTest,24,25,
1483a525f25c8564170ae721889b49c05741976e,Add Class Annotation,RedWorkspaceTest,24,25,
1483a525f25c8564170ae721889b49c05741976e,Add Class Annotation,RedWorkspaceTest,24,25,
1483a525f25c8564170ae721889b49c05741976e,Add Class Annotation,RedWorkspaceTest,24,25,
1483a525f25c8564170ae721889b49c05741976e,Add Class Annotation,RedWorkspaceTest,24,25,
1483a525f25c8564170ae721889b49c05741976e,Add Class Annotation,RedWorkspaceTest,24,25,
1483a525f25c8564170ae721889b49c05741976e,Add Class Annotation,RedWorkspaceTest,24,25,
1483a525f25c8564170ae721889b49c05741976e,Add Class Annotation,RedWorkspaceTest,24,25,
1483a525f25c8564170ae721889b49c05741976e,Add Class Annotation,RedWorkspaceTest,24,25,
1483a525f25c8564170ae721889b49c05741976e,Add Class Annotation,RedWorkspaceTest,24,25,
1483a525f25c8564170ae721889b49c05741976e,Add Class Annotation,RedWorkspaceTest,24,25,
1483a525f25c8564170ae721889b49c05741976e,Add Class Annotation,RedWorkspaceTest,24,25,
1483a525f25c8564170ae721889b49c05741976e,Add Class Annotation,RedWorkspaceTest,24,25,
1483a525f25c8564170ae721889b49c05741976e,Add Class Annotation,RedWorkspaceTest,24,25,
1483a525f25c8564170ae721889b49c05741976e,Add Class Annotation,RedWorkspaceTest,24,25,
1483a525f25c8564170ae721889b49c05741976e,Add Class Annotation,RedWorkspaceTest,24,25,
1483a525f25c8564170ae721889b49c05741976e,Add Class Annotation,RedWorkspaceTest,24,25,
1483a525f25c8564170ae721889b49c05741976e,Add Class Annotation,RedWorkspaceTest,24,25,
1483a525f25c8564170ae721889b49c05741976e,Add Class Annotation,RedWorkspaceTest,24,25,
1483a525f25c8564170ae721889b49c05741976e,Add Class Annotation,RedWorkspaceTest,24,25,
1483a525f25c8564170ae721889b49c05741976e,Add Class Annotation,RedWorkspaceTest,24,25,
1483a525f25c8564170ae721889b49c05741976e,Add Class Annotation,RedWorkspaceTest,24,25,
1483a525f25c8564170ae721889b49c05741976e,Add Class Annotation,RedWorkspaceTest,24,25,
1483a525f25c8564170ae721889b49c05741976e,Add Class Annotation,RedWorkspaceTest,24,25,
1483a525f25c8564170ae721889b49c05741976e,Add Class Annotation,RedWorkspaceTest,24,25,
1483a525f25c8564170ae721889b49c05741976e,Add Class Annotation,RedWorkspaceTest,24,25,
1483a525f25c8564170ae721889b49c05741976e,Add Class Annotation,RedWorkspaceTest,24,25,
1483a525f25c8564170ae721889b49c05741976e,Add Class Annotation,RedWorkspaceTest,24,25,
1483a525f25c8564170ae721889b49c05741976e,Add Class Annotation,RedWorkspaceTest,24,25,
1483a525f25c8564170ae721889b49c05741976e,Add Class Annotation,RedWorkspaceTest,24,25,
1483a525f25c8564170ae721889b49c05741976e,Add Class Annotation,RedWorkspaceTest,24,25,
1483a525f25c8564170ae721889b49c05741976e,Add Class Annotation,RedWorkspaceTest,24,25,
1483a525f25c8564170ae721889b49c05741976e,Add Class Annotation,RedWorkspaceTest,24,25,
1483a525f25c8564170ae721889b49c05741976e,Add Class Annotation,RedWorkspaceTest,24,25,
1483a525f25c8564170ae721889b49c05741976e,Add Class Annotation,RedWorkspaceTest,24,25,
1483a525f25c8564170ae721889b49c05741976e,Add Class Annotation,RedWorkspaceTest,24,25,
1483a525f25c8564170ae721889b49c05741976e,Add Class Annotation,RedWorkspaceTest,24,25,
1483a525f25c8564170ae721889b49c05741976e,Add Class Annotation,RedWorkspaceTest,24,25,
1483a525f25c8564170ae721889b49c05741976e,Add Class Annotation,RedWorkspaceTest,24,25,
1483a525f25c8564170ae721889b49c05741976e,Add Class Annotation,RedWorkspaceTest,24,25,
1483a525f25c8564170ae721889b49c05741976e,Add Class Annotation,RedWorkspaceTest,24,25,
1483a525f25c8564170ae721889b49c05741976e,Add Class Annotation,RedWorkspaceTest,24,25,
1483a525f25c8564170ae721889b49c05741976e,Add Class Annotation,RedWorkspaceTest,24,25,
1483a525f25c8564170ae721889b49c05741976e,Add Class Annotation,RedWorkspaceTest,24,25,
1483a525f25c8564170ae721889b49c05741976e,Add Class Annotation,RedWorkspaceTest,24,25,
1483a525f25c8564170ae721889b49c05741976e,Add Class Annotation,RedWorkspaceTest,24,25,
1483a525f25c8564170ae721889b49c05741976e,Add Class Annotation,RedWorkspaceTest,24,25,
1483a525f25c8564170ae721889b49c05741976e,Add Class Annotation,RedWorkspaceTest,24,25,
1483a525f25c8564170ae721889b49c05741976e,Add Class Annotation,RedWorkspaceTest,24,25,
1483a525f25c8564170ae721889b49c05741976e,Add Class Annotation,RedWorkspaceTest,24,25,
1483a525f25c8564170ae721889b49c05741976e,Add Class Annotation,RedWorkspaceTest,24,25,
1483a525f25c8564170ae721889b49c05741976e,Add Class Annotation,RedWorkspaceTest,24,25,
1483a525f25c8564170ae721889b49c05741976e,Add Class Annotation,RedWorkspaceTest,24,25,
1483a525f25c8564170ae721889b49c05741976e,Add Class Annotation,RedWorkspaceTest,24,25,
1483a525f25c8564170ae721889b49c05741976e,Add Class Annotation,RedWorkspaceTest,24,25,
1483a525f25c8564170ae721889b49c05741976e,Add Class Annotation,RedWorkspaceTest,24,25,
1483a525f25c8564170ae721889b49c05741976e,Add Class Annotation,RedWorkspaceTest,24,25,
1483a525f25c8564170ae721889b49c05741976e,Add Class Annotation,RedWorkspaceTest,24,25,
1483a525f25c8564170ae721889b49c05741976e,Add Class Annotation,RedWorkspaceTest,24,25,
1483a525f25c8564170ae721889b49c05741976e,Add Class Annotation,RedWorkspaceTest,24,25,
1483a525f25c8564170ae721889b49c05741976e,Add Class Annotation,RedWorkspaceTest,24,25,
1483a525f25c8564170ae721889b49c05741976e,Add Class Annotation,RedWorkspaceTest,24,25,
1483a525f25c8564170ae721889b49c05741976e,Add Class Annotation,RedWorkspaceTest,24,25,
1483a525f25c8564170ae721889b49c05741976e,Add Class Annotation,RedWorkspaceTest,24,25,
1483a525f25c8564170ae721889b49c05741976e,Add Class Annotation,RedWorkspaceTest,24,25,
1483a525f25c8564170ae721889b49c05741976e,Add Class Annotation,RedWorkspaceTest,24,25,
1483a525f25c8564170ae721889b49c05741976e,Add Class Annotation,RedWorkspaceTest,24,25,
1483a525f25c8564170ae721889b49c05741976e,Add Class Annotation,RedWorkspaceTest,24,25,
1483a525f25c8564170ae721889b49c05741976e,Add Class Annotation,RedWorkspaceTest,24,25,
1483a525f25c8564170ae721889b49c05741976e,Add Class Annotation,RedWorkspaceTest,24,25,
1483a525f25c8564170ae721889b49c05741976e,Add Class Annotation,RedWorkspaceTest,24,25,
1483a525f25c8564170ae721889b49c05741976e,Add Class Annotation,RedWorkspaceTest,24,25,
1483a525f25c8564170ae721889b49c05741976e,Add Class Annotation,RedWorkspaceTest,24,25,
1483a525f25c8564170ae721889b49c05741976e,Add Class Annotation,RedWorkspaceTest,24,25,
1483a525f25c8564170ae721889b49c05741976e,Add Class Annotation,RedWorkspaceTest,24,25,
1483a525f25c8564170ae721889b49c05741976e,Add Class Annotation,RedWorkspaceTest,24,25,
1483a525f25c8564170ae721889b49c05741976e,Add Class Annotation,RedWorkspaceTest,24,25,
1483a525f25c8564170ae721889b49c05741976e,Add Class Annotation,RedWorkspaceTest,24,25,
1483a525f25c8564170ae721889b49c05741976e,Add Class Annotation,RedWorkspaceTest,24,25,
1483a525f25c8564170ae721889b49c05741976e,Add Class Annotation,RedWorkspaceTest,24,25,
1483a525f25c8564170ae721889b49c05741976e,Add Class Annotation,RedWorkspaceTest,24,25,
1483a525f25c8564170ae721889b49c05741976e,Add Class Annotation,RedWorkspaceTest,24,25,
1483a525f25c8564170ae721889b49c05741976e,Add Class Annotation,RedWorkspaceTest,24,25,
1483a525f25c8564170ae721889b49c05741976e,Add Class Annotation,RedWorkspaceTest,24,25,
917414f1297f7eb334696759c20a86649452e41c,Add Method Annotation,LocalProcessInterpreterTest,64,61,
db5b8c3fd4cad0f379288877cc4cc4c0b7f916a9,Extract Variable,KeywordSettingsValidatorTest,78,72,
db5b8c3fd4cad0f379288877cc4cc4c0b7f916a9,Extract Variable,KeywordSettingsValidatorTest,78,72,
db5b8c3fd4cad0f379288877cc4cc4c0b7f916a9,Extract Variable,KeywordSettingsValidatorTest,78,72,
db5b8c3fd4cad0f379288877cc4cc4c0b7f916a9,Extract Variable,KeywordSettingsValidatorTest,78,72,
db5b8c3fd4cad0f379288877cc4cc4c0b7f916a9,Extract Variable,KeywordSettingsValidatorTest,78,72,
db5b8c3fd4cad0f379288877cc4cc4c0b7f916a9,Extract Variable,KeywordSettingsValidatorTest,78,72,
db5b8c3fd4cad0f379288877cc4cc4c0b7f916a9,Extract Variable,KeywordSettingsValidatorTest,78,72,
db5b8c3fd4cad0f379288877cc4cc4c0b7f916a9,Extract Variable,KeywordSettingsValidatorTest,78,72,
db5b8c3fd4cad0f379288877cc4cc4c0b7f916a9,Extract Variable,KeywordSettingsValidatorTest,78,72,
db5b8c3fd4cad0f379288877cc4cc4c0b7f916a9,Extract Variable,KeywordSettingsValidatorTest,78,72,
db5b8c3fd4cad0f379288877cc4cc4c0b7f916a9,Extract Variable,KeywordSettingsValidatorTest,78,72,
db5b8c3fd4cad0f379288877cc4cc4c0b7f916a9,Extract Variable,KeywordSettingsValidatorTest,78,72,
db5b8c3fd4cad0f379288877cc4cc4c0b7f916a9,Extract Variable,KeywordSettingsValidatorTest,78,72,
db5b8c3fd4cad0f379288877cc4cc4c0b7f916a9,Extract Variable,KeywordSettingsValidatorTest,78,72,
