ea17490342d30342fa4af3a333a8b9a980c843ea,Add Parameter,TestClient2Connect,106,106,
ea17490342d30342fa4af3a333a8b9a980c843ea,Add Parameter,TestClient2Connect,106,106,
ea17490342d30342fa4af3a333a8b9a980c843ea,Add Parameter,TestClient2Connect,106,106,
ea17490342d30342fa4af3a333a8b9a980c843ea,Add Parameter,TestClient2Connect,106,106,
ea17490342d30342fa4af3a333a8b9a980c843ea,Add Parameter,TestClient2Connect,106,106,
ea17490342d30342fa4af3a333a8b9a980c843ea,Add Parameter,TestClient2Connect,106,106,
ea17490342d30342fa4af3a333a8b9a980c843ea,Add Parameter,TestClient2Connect,106,106,
ea17490342d30342fa4af3a333a8b9a980c843ea,Add Parameter,TestClient2Connect,106,106,
ea17490342d30342fa4af3a333a8b9a980c843ea,Add Parameter,TestClient2Connect,106,106,
ea17490342d30342fa4af3a333a8b9a980c843ea,Add Parameter,TestClient2Connect,106,106,
ea17490342d30342fa4af3a333a8b9a980c843ea,Add Parameter,TestClient2Connect,106,106,
ea17490342d30342fa4af3a333a8b9a980c843ea,Add Parameter,TestClient2Connect,106,106,
ea17490342d30342fa4af3a333a8b9a980c843ea,Add Parameter,TestClient2Connect,106,106,
f5ba5dd7fc9292484b0c112f4245a3570747f67c,Add Parameter,ConnectedHostInformation,29,32,
f5ba5dd7fc9292484b0c112f4245a3570747f67c,Add Parameter,ConnectedHostInformation,29,32,
f5ba5dd7fc9292484b0c112f4245a3570747f67c,Add Parameter,ConnectedHostInformation,29,32,
f5ba5dd7fc9292484b0c112f4245a3570747f67c,Add Parameter,ConnectedHostInformation,29,32,
f5ba5dd7fc9292484b0c112f4245a3570747f67c,Add Parameter,ConnectedHostInformation,29,32,
f5ba5dd7fc9292484b0c112f4245a3570747f67c,Add Parameter,ConnectedHostInformation,29,32,
f5ba5dd7fc9292484b0c112f4245a3570747f67c,Add Parameter,ConnectedHostInformation,29,32,
f5ba5dd7fc9292484b0c112f4245a3570747f67c,Add Parameter,ConnectedHostInformation,29,32,
f5ba5dd7fc9292484b0c112f4245a3570747f67c,Add Parameter,ConnectedHostInformation,29,32,
f5ba5dd7fc9292484b0c112f4245a3570747f67c,Add Parameter,ConnectedHostInformation,29,32,
f5ba5dd7fc9292484b0c112f4245a3570747f67c,Add Parameter,ConnectedHostInformation,29,32,
f5ba5dd7fc9292484b0c112f4245a3570747f67c,Add Parameter,ConnectedHostInformation,29,32,
f5ba5dd7fc9292484b0c112f4245a3570747f67c,Add Parameter,ConnectedHostInformation,29,32,
f5ba5dd7fc9292484b0c112f4245a3570747f67c,Add Parameter,ConnectedHostInformation,29,32,
f5ba5dd7fc9292484b0c112f4245a3570747f67c,Add Parameter,ConnectedHostInformation,29,32,
f5ba5dd7fc9292484b0c112f4245a3570747f67c,Add Parameter,ConnectedHostInformation,29,32,
f5ba5dd7fc9292484b0c112f4245a3570747f67c,Add Parameter,ConnectedHostInformation,29,32,
f5ba5dd7fc9292484b0c112f4245a3570747f67c,Add Parameter,ConnectedHostInformation,29,32,
f5ba5dd7fc9292484b0c112f4245a3570747f67c,Add Parameter,ConnectedHostInformation,29,32,
f5ba5dd7fc9292484b0c112f4245a3570747f67c,Add Parameter,ConnectedHostInformation,29,32,
f5ba5dd7fc9292484b0c112f4245a3570747f67c,Add Parameter,ConnectedHostInformation,29,32,
f5ba5dd7fc9292484b0c112f4245a3570747f67c,Add Parameter,ConnectedHostInformation,29,32,
f5ba5dd7fc9292484b0c112f4245a3570747f67c,Add Parameter,ConnectedHostInformation,29,32,
f5ba5dd7fc9292484b0c112f4245a3570747f67c,Add Parameter,ConnectedHostInformation,29,32,
bc53944e098a00000e2cf74efa241fd21877d4f4,Remove Method Modifier,TickProducer,149,167,
bc53944e098a00000e2cf74efa241fd21877d4f4,Remove Method Modifier,TickProducer,149,167,
bc53944e098a00000e2cf74efa241fd21877d4f4,Remove Method Modifier,TickProducer,149,167,
bc53944e098a00000e2cf74efa241fd21877d4f4,Remove Method Modifier,TickProducer,149,167,
bc53944e098a00000e2cf74efa241fd21877d4f4,Remove Method Modifier,TickProducer,149,167,
bc53944e098a00000e2cf74efa241fd21877d4f4,Remove Method Modifier,TickProducer,149,167,
bc53944e098a00000e2cf74efa241fd21877d4f4,Remove Method Modifier,TickProducer,149,167,
bc53944e098a00000e2cf74efa241fd21877d4f4,Remove Method Modifier,TickProducer,149,167,
bc53944e098a00000e2cf74efa241fd21877d4f4,Remove Method Modifier,TickProducer,149,167,
bc53944e098a00000e2cf74efa241fd21877d4f4,Remove Method Modifier,TickProducer,149,167,
bc53944e098a00000e2cf74efa241fd21877d4f4,Remove Method Modifier,TickProducer,149,167,
bc53944e098a00000e2cf74efa241fd21877d4f4,Remove Method Modifier,TickProducer,149,167,
bc53944e098a00000e2cf74efa241fd21877d4f4,Remove Method Modifier,TickProducer,149,167,
bc53944e098a00000e2cf74efa241fd21877d4f4,Remove Method Modifier,TickProducer,149,167,
bc53944e098a00000e2cf74efa241fd21877d4f4,Remove Method Modifier,TickProducer,149,167,
bc53944e098a00000e2cf74efa241fd21877d4f4,Remove Method Modifier,TickProducer,149,167,
5830940ff4d4f1b72d50820131a28699224ddcb0,Change Attribute Access Modifier,TickProducer,36,37,
5830940ff4d4f1b72d50820131a28699224ddcb0,Change Attribute Access Modifier,TickProducer,36,37,
5830940ff4d4f1b72d50820131a28699224ddcb0,Change Attribute Access Modifier,TickProducer,36,37,
5830940ff4d4f1b72d50820131a28699224ddcb0,Change Attribute Access Modifier,TickProducer,36,37,
5830940ff4d4f1b72d50820131a28699224ddcb0,Change Attribute Access Modifier,TickProducer,36,37,
d1ad44ca6323620adb174529cfe6814133e66c7f,Remove Parameter,Distributer,1854,1850,
d84e7aad379b77a3f47b9300d9f77623e86c5989,Add Method Annotation,AvroSerde,187,198,
d84e7aad379b77a3f47b9300d9f77623e86c5989,Add Method Annotation,AvroSerde,187,198,
20eb2661b4d498535de0d15ea36ab8a046fde577,Modify Attribute Annotation,HTTPBenchmark,143,143,
20eb2661b4d498535de0d15ea36ab8a046fde577,Modify Attribute Annotation,HTTPBenchmark,143,143,
3a224b234167d76e307d481eccf8d5edae1f26aa,Encapsulate Attribute,ForeignHost,87,87,
3a224b234167d76e307d481eccf8d5edae1f26aa,Encapsulate Attribute,ForeignHost,87,87,
3a224b234167d76e307d481eccf8d5edae1f26aa,Encapsulate Attribute,ForeignHost,87,87,
3a224b234167d76e307d481eccf8d5edae1f26aa,Encapsulate Attribute,ForeignHost,87,87,
3a224b234167d76e307d481eccf8d5edae1f26aa,Encapsulate Attribute,ForeignHost,87,87,
3a224b234167d76e307d481eccf8d5edae1f26aa,Encapsulate Attribute,ForeignHost,87,87,
3a224b234167d76e307d481eccf8d5edae1f26aa,Encapsulate Attribute,ForeignHost,87,87,
3a224b234167d76e307d481eccf8d5edae1f26aa,Encapsulate Attribute,ForeignHost,87,87,
3a224b234167d76e307d481eccf8d5edae1f26aa,Encapsulate Attribute,ForeignHost,87,87,
3a224b234167d76e307d481eccf8d5edae1f26aa,Encapsulate Attribute,ForeignHost,87,87,
3a224b234167d76e307d481eccf8d5edae1f26aa,Encapsulate Attribute,ForeignHost,87,87,
3a224b234167d76e307d481eccf8d5edae1f26aa,Encapsulate Attribute,ForeignHost,87,87,
3a224b234167d76e307d481eccf8d5edae1f26aa,Encapsulate Attribute,ForeignHost,87,87,
3a224b234167d76e307d481eccf8d5edae1f26aa,Encapsulate Attribute,ForeignHost,87,87,
3a224b234167d76e307d481eccf8d5edae1f26aa,Encapsulate Attribute,ForeignHost,87,87,
3a224b234167d76e307d481eccf8d5edae1f26aa,Encapsulate Attribute,ForeignHost,87,87,
3a224b234167d76e307d481eccf8d5edae1f26aa,Encapsulate Attribute,ForeignHost,87,87,
3a224b234167d76e307d481eccf8d5edae1f26aa,Encapsulate Attribute,ForeignHost,87,87,
3a224b234167d76e307d481eccf8d5edae1f26aa,Encapsulate Attribute,ForeignHost,87,87,
3a224b234167d76e307d481eccf8d5edae1f26aa,Encapsulate Attribute,ForeignHost,87,87,
3a224b234167d76e307d481eccf8d5edae1f26aa,Encapsulate Attribute,ForeignHost,87,87,
3a224b234167d76e307d481eccf8d5edae1f26aa,Encapsulate Attribute,ForeignHost,87,87,
3a224b234167d76e307d481eccf8d5edae1f26aa,Encapsulate Attribute,ForeignHost,87,87,
3a224b234167d76e307d481eccf8d5edae1f26aa,Encapsulate Attribute,ForeignHost,87,87,
3a224b234167d76e307d481eccf8d5edae1f26aa,Encapsulate Attribute,ForeignHost,87,87,
3a224b234167d76e307d481eccf8d5edae1f26aa,Encapsulate Attribute,ForeignHost,87,87,
3a224b234167d76e307d481eccf8d5edae1f26aa,Encapsulate Attribute,ForeignHost,87,87,
3a224b234167d76e307d481eccf8d5edae1f26aa,Encapsulate Attribute,ForeignHost,87,87,
3a224b234167d76e307d481eccf8d5edae1f26aa,Encapsulate Attribute,ForeignHost,87,87,
3a224b234167d76e307d481eccf8d5edae1f26aa,Encapsulate Attribute,ForeignHost,87,87,
3a224b234167d76e307d481eccf8d5edae1f26aa,Encapsulate Attribute,ForeignHost,87,87,
3a224b234167d76e307d481eccf8d5edae1f26aa,Encapsulate Attribute,ForeignHost,87,87,
3a224b234167d76e307d481eccf8d5edae1f26aa,Encapsulate Attribute,ForeignHost,87,87,
3a224b234167d76e307d481eccf8d5edae1f26aa,Encapsulate Attribute,ForeignHost,87,87,
3a224b234167d76e307d481eccf8d5edae1f26aa,Encapsulate Attribute,ForeignHost,87,87,
3a224b234167d76e307d481eccf8d5edae1f26aa,Encapsulate Attribute,ForeignHost,87,87,
3a224b234167d76e307d481eccf8d5edae1f26aa,Encapsulate Attribute,ForeignHost,87,87,
3a224b234167d76e307d481eccf8d5edae1f26aa,Encapsulate Attribute,ForeignHost,87,87,
3a224b234167d76e307d481eccf8d5edae1f26aa,Encapsulate Attribute,ForeignHost,87,87,
3a224b234167d76e307d481eccf8d5edae1f26aa,Encapsulate Attribute,ForeignHost,87,87,
3a224b234167d76e307d481eccf8d5edae1f26aa,Encapsulate Attribute,ForeignHost,87,87,
3a224b234167d76e307d481eccf8d5edae1f26aa,Encapsulate Attribute,ForeignHost,87,87,
3a224b234167d76e307d481eccf8d5edae1f26aa,Encapsulate Attribute,ForeignHost,87,87,
3a224b234167d76e307d481eccf8d5edae1f26aa,Encapsulate Attribute,ForeignHost,87,87,
3a224b234167d76e307d481eccf8d5edae1f26aa,Encapsulate Attribute,ForeignHost,87,87,
3a224b234167d76e307d481eccf8d5edae1f26aa,Encapsulate Attribute,ForeignHost,87,87,
3a224b234167d76e307d481eccf8d5edae1f26aa,Encapsulate Attribute,ForeignHost,87,87,
