fe44fdc147219b520b51f21d51c2a03bb48003fa,Add Class Modifier,TextUtil,36,36,
fe44fdc147219b520b51f21d51c2a03bb48003fa,Add Class Modifier,TextUtil,36,36,
fe44fdc147219b520b51f21d51c2a03bb48003fa,Add Class Modifier,TextUtil,36,36,
fe44fdc147219b520b51f21d51c2a03bb48003fa,Add Class Modifier,TextUtil,36,36,
fe44fdc147219b520b51f21d51c2a03bb48003fa,Add Class Modifier,TextUtil,36,36,
b7b8288c52a03e01022a51083d656526d547a27e,Extract Variable,UsbSerialHelper,292,292,
c1c81f29b70c273685ef3b421b4e7d4f3b42f5f7,Extract Method,UsbSerialHelper,83,83,
ff80f291bcff837a0cb014de12c3088b50adfbc0,Extract And Move Method,UsbSerialHelper,233,127,
76b830e424031185b9ce90c33d0dea1bebca35a1,Add Parameter,UsbSerialHelper,83,84,
76b830e424031185b9ce90c33d0dea1bebca35a1,Add Parameter,UsbSerialHelper,83,84,
6291dcaf85fa8ca4a967db92d35cd9b3abf934ab,Extract And Move Method,UsbSerialHelper,231,113,
91fcddd443ccee3392c002f9b1335dddcf74036f,Change Variable Type,UsbSerialHelper,239,242,
91fcddd443ccee3392c002f9b1335dddcf74036f,Change Variable Type,UsbSerialHelper,239,242,
91fcddd443ccee3392c002f9b1335dddcf74036f,Change Variable Type,UsbSerialHelper,239,242,
ea69a9212308d9aa16ea1dbfe6939cd7bccbdb37,Rename Parameter,UsbSerialHelper,161,151,
ea69a9212308d9aa16ea1dbfe6939cd7bccbdb37,Rename Parameter,UsbSerialHelper,161,151,
ea69a9212308d9aa16ea1dbfe6939cd7bccbdb37,Rename Parameter,UsbSerialHelper,161,151,
7fed6ba08b087c2f020c01dde6a15c38336aa426,Add Parameter,UsbSerialPort,49,50,
01013e05c8a52e56a987971ecfa2dbb0646c5d28,Add Parameter,UsbSerialPort,57,53,
01013e05c8a52e56a987971ecfa2dbb0646c5d28,Add Parameter,UsbSerialPort,57,53,
b6e72c45fd8cc777d05be7814594c7ff56622a9b,Extract Method,UsbSerialHelper,198,166,
aed64064a6bc3834c6ec9a105b70fd025e49bd9b,Remove Class Modifier,UsbSerialHelper,96,95,
aed64064a6bc3834c6ec9a105b70fd025e49bd9b,Remove Class Modifier,UsbSerialHelper,96,95,
aed64064a6bc3834c6ec9a105b70fd025e49bd9b,Remove Class Modifier,UsbSerialHelper,96,95,
aa4a1c984d3df09c019ca3eecc7ac73b4cbe7836,Rename Attribute,UsbSerialPort,44,44,
b773cd1260e93664d1348938137de7cf4ea3c90e,Add Attribute Modifier,UsbSerialPort,41,41,
b773cd1260e93664d1348938137de7cf4ea3c90e,Add Attribute Modifier,UsbSerialPort,41,41,
df496f209d85a1dee2528e4634780a069394162a,Extract And Move Method,UsbSerialHelper,89,84,
b8c33228978c0cb4a837d80cf587c8d20730f73c,Add Variable Modifier,UsbSerialHelper,171,173,
b8c33228978c0cb4a837d80cf587c8d20730f73c,Add Variable Modifier,UsbSerialHelper,171,173,
376b04a531f55534a1e1930d9e54145fa9cf4c28,Remove Parameter,UsbSerialHelper,274,98,
376b04a531f55534a1e1930d9e54145fa9cf4c28,Remove Parameter,UsbSerialHelper,274,98,
376b04a531f55534a1e1930d9e54145fa9cf4c28,Remove Parameter,UsbSerialHelper,274,98,
376b04a531f55534a1e1930d9e54145fa9cf4c28,Remove Parameter,UsbSerialHelper,274,98,
6a5373e2342aca5e473b0a9e551d06df666f9da8,Extract Method,UsbSerialHelper,224,224,
2d61baaebedcb13c66614072e40a7959f27993d8,Extract Method,UsbSerialHelper,112,112,
2d61baaebedcb13c66614072e40a7959f27993d8,Extract Method,UsbSerialHelper,112,112,
2d61baaebedcb13c66614072e40a7959f27993d8,Extract Method,UsbSerialHelper,112,112,
2d61baaebedcb13c66614072e40a7959f27993d8,Extract Method,UsbSerialHelper,112,112,
a04c146becc13139d11296f49a54fa795a73b5d2,Add Class Modifier,UsbSerialHelper,46,46,
a04c146becc13139d11296f49a54fa795a73b5d2,Add Class Modifier,UsbSerialHelper,46,46,
262dcb3fa073d5c3b00b234e5b08dedf2a306670,Change Attribute Access Modifier,UsbSerialHelper,50,50,
577c4ff7bf1a586304bf173f2d7083698b142241,Change Variable Type,InternalGPS,87,87,
99cfb9bdfaac138dca11551aa48b3ffb6476a6a6,Add Attribute Modifier,UsbSerialHelper,55,55,
99cfb9bdfaac138dca11551aa48b3ffb6476a6a6,Add Attribute Modifier,UsbSerialHelper,55,55,
3b2d0868763bdba13c8df266cbd6ee848067964c,Rename Method,UsbSerialHelper,148,148,
3b2d0868763bdba13c8df266cbd6ee848067964c,Rename Method,UsbSerialHelper,148,148,
3b2d0868763bdba13c8df266cbd6ee848067964c,Rename Method,UsbSerialHelper,148,148,
e5e58aa36de2d013403ff3d5c1386c73d49af733,Change Attribute Type,UsbSerialHelper,56,56,
5e16472f00f7cbfb6eef3819760a3a0b0a32155f,Rename Parameter,UsbSerialHelper,148,169,
5e16472f00f7cbfb6eef3819760a3a0b0a32155f,Rename Parameter,UsbSerialHelper,148,169,
5e16472f00f7cbfb6eef3819760a3a0b0a32155f,Rename Parameter,UsbSerialHelper,148,169,
5e16472f00f7cbfb6eef3819760a3a0b0a32155f,Rename Parameter,UsbSerialHelper,148,169,
5e16472f00f7cbfb6eef3819760a3a0b0a32155f,Rename Parameter,UsbSerialHelper,148,169,
5e16472f00f7cbfb6eef3819760a3a0b0a32155f,Rename Parameter,UsbSerialHelper,148,169,
5e16472f00f7cbfb6eef3819760a3a0b0a32155f,Rename Parameter,UsbSerialHelper,148,169,
5e16472f00f7cbfb6eef3819760a3a0b0a32155f,Rename Parameter,UsbSerialHelper,148,169,
5e16472f00f7cbfb6eef3819760a3a0b0a32155f,Rename Parameter,UsbSerialHelper,148,169,
5e16472f00f7cbfb6eef3819760a3a0b0a32155f,Rename Parameter,UsbSerialHelper,148,169,
5e16472f00f7cbfb6eef3819760a3a0b0a32155f,Rename Parameter,UsbSerialHelper,148,169,
5e16472f00f7cbfb6eef3819760a3a0b0a32155f,Rename Parameter,UsbSerialHelper,148,169,
5e16472f00f7cbfb6eef3819760a3a0b0a32155f,Rename Parameter,UsbSerialHelper,148,169,
5e16472f00f7cbfb6eef3819760a3a0b0a32155f,Rename Parameter,UsbSerialHelper,148,169,
ef57be08bf3c7466f88cbc59511cdbebc380ed8a,Add Thrown Exception Type,NativeView,219,227,
094c522618cea15df022ba6d9c4850f6fdaf86a6,Extract Method,NativeView,162,162,
094c522618cea15df022ba6d9c4850f6fdaf86a6,Extract Method,NativeView,162,162,
07746f16fbed24d0d0cf31d8fa18b943896e32c1,Rename Parameter,NativeView,467,467,
07746f16fbed24d0d0cf31d8fa18b943896e32c1,Rename Parameter,NativeView,467,467,
07746f16fbed24d0d0cf31d8fa18b943896e32c1,Rename Parameter,NativeView,467,467,
97cbd9d0c8c338da58f2654e8a18d33c34980850,Add Attribute Modifier,InternalGPS,46,46,
97cbd9d0c8c338da58f2654e8a18d33c34980850,Add Attribute Modifier,InternalGPS,46,46,
0847f171b039c784a558db0cc6ddc3fa3128e2a6,Add Method Annotation,NonGPSSensors,219,223,
0847f171b039c784a558db0cc6ddc3fa3128e2a6,Add Method Annotation,NonGPSSensors,219,223,
f5bbfe872bd4dabe025b29e94de458c15d42769f,Extract Method,BluetoothSensor,207,89,
f5bbfe872bd4dabe025b29e94de458c15d42769f,Extract Method,BluetoothSensor,207,89,
501dacf7706302b4d611dc369e66a6456e45a8f1,Inline Method,InternalGPS,104,56,
501dacf7706302b4d611dc369e66a6456e45a8f1,Inline Method,InternalGPS,104,56,
ae9a597d1d76517b7aa898e37c115a6f35d3549e,Extract Method,InternalGPS,185,138,
ae9a597d1d76517b7aa898e37c115a6f35d3549e,Extract Method,InternalGPS,185,138,
ae9a597d1d76517b7aa898e37c115a6f35d3549e,Extract Method,InternalGPS,185,138,
f5aad5c657219bad298a1edc31deedb1a9392d6f,Move Attribute,NonGPSSensors,63,102,
97bc0136092408efcb370297b1419208747daf80,Add Attribute Modifier,GliderLinkReceiver,47,47,
97bc0136092408efcb370297b1419208747daf80,Add Attribute Modifier,GliderLinkReceiver,47,47,
97bc0136092408efcb370297b1419208747daf80,Add Attribute Modifier,GliderLinkReceiver,47,47,
97bc0136092408efcb370297b1419208747daf80,Add Attribute Modifier,GliderLinkReceiver,47,47,
97bc0136092408efcb370297b1419208747daf80,Add Attribute Modifier,GliderLinkReceiver,47,47,
97bc0136092408efcb370297b1419208747daf80,Add Attribute Modifier,GliderLinkReceiver,47,47,
c37c56f74671220acbaa8250c8bf666feee222dd,Add Attribute Modifier,InternalGPS,70,70,
c37c56f74671220acbaa8250c8bf666feee222dd,Add Attribute Modifier,InternalGPS,70,70,
c37c56f74671220acbaa8250c8bf666feee222dd,Add Attribute Modifier,InternalGPS,70,70,
c37c56f74671220acbaa8250c8bf666feee222dd,Add Attribute Modifier,InternalGPS,70,70,
c37c56f74671220acbaa8250c8bf666feee222dd,Add Attribute Modifier,InternalGPS,70,70,
c37c56f74671220acbaa8250c8bf666feee222dd,Add Attribute Modifier,InternalGPS,70,70,
c37c56f74671220acbaa8250c8bf666feee222dd,Add Attribute Modifier,InternalGPS,70,70,
3da9c95cd39360ea8a8145f5eb23d320e66ef4b2,Rename Method,SafeDestruct,45,45,
3da9c95cd39360ea8a8145f5eb23d320e66ef4b2,Rename Method,SafeDestruct,45,45,
dffe998d6033b1dd99c291f5930e70ce54dc4749,Extract Method,XCSoar,186,186,
9d3a1b5456b6eb4f6efd82ddca5ab32ea9ba888a,Add Parameter,NativeView,99,100,
73d32befe6ce5435f6a4dd1d2fa11baea5bdeedd,Add Parameter,NativeView,99,100,
50f4c9921be25570039efcb8215580f137db48cb,Extract Method,XCSoar,300,146,
fa2a490f73395e293f2b986dafde8496759385f6,Rename Method,XCSoar,146,146,
16f1ffb1c76be8b7e6cdba28bdb93fa6e33acd67,Extract Method,XCSoar,296,146,
40d243d718b8d18f86db6c31d980b08c110a8069,Extract Variable,XCSoar,96,97,
15c5a44ad3b8ef6299a7bebc72c439e192e4d7e2,Extract Method,WindowUtil,33,33,
f10b74aa8d158f8e77fb7a79a093b16067d0d779,Add Parameter,WindowUtil,200,33,
f10b74aa8d158f8e77fb7a79a093b16067d0d779,Add Parameter,WindowUtil,200,33,
f10b74aa8d158f8e77fb7a79a093b16067d0d779,Add Parameter,WindowUtil,200,33,
f10b74aa8d158f8e77fb7a79a093b16067d0d779,Add Parameter,WindowUtil,200,33,
7eaeb933edf1de4cbbcf2aae763018143bb45853,Extract Method,BluetoothSensor,81,87,
4afa123af58ad8bd7b78f4d5db3275ded0f370ad,Extract Method,XCSoar,66,200,
4afa123af58ad8bd7b78f4d5db3275ded0f370ad,Extract Method,XCSoar,66,200,
546aca4af70b4b87867467859e9a1b485979d9f0,Change Attribute Access Modifier,XCSoar,58,58,
516fc88caf51d8081220e4bc25dbf6ac53922b72,Extract Variable,NativeView,319,308,
e92736a5841671c84eb6efd501321c03f530ad56,Pull Up Attribute,AndroidSensor,32,32,
e92736a5841671c84eb6efd501321c03f530ad56,Pull Up Attribute,AndroidSensor,32,32,
e92736a5841671c84eb6efd501321c03f530ad56,Pull Up Attribute,AndroidSensor,32,32,
e92736a5841671c84eb6efd501321c03f530ad56,Pull Up Attribute,AndroidSensor,32,32,
122886b9ac195b9122141f02e0f0e5ba51c682d4,Extract Method,UsbSerialPort,53,144,
e016971e78c4258ac0011db1e8dc1e44e687490f,Rename Parameter,GliderLinkReceiver,62,58,
e016971e78c4258ac0011db1e8dc1e44e687490f,Rename Parameter,GliderLinkReceiver,62,58,
e016971e78c4258ac0011db1e8dc1e44e687490f,Rename Parameter,GliderLinkReceiver,62,58,
e016971e78c4258ac0011db1e8dc1e44e687490f,Rename Parameter,GliderLinkReceiver,62,58,
fd1f055af036bd50d496b7e81dc4d8ce34e91f6a,Extract Interface,AndroidSensor,37,28,
a90f65a217513651b49ef314b39390bd4e4aa059,Add Thrown Exception Type,UsbSerialHelper,184,185,
c2ed3b595ca4bdb30a7bfebd0eba80c047a8ab3b,Add Thrown Exception Type,UsbSerialHelper,147,148,
61203d634168696233bd8c0a5388b3bfa709cdaf,Change Return Type,UsbSerialHelper,195,212,
61203d634168696233bd8c0a5388b3bfa709cdaf,Change Return Type,UsbSerialHelper,195,212,
61203d634168696233bd8c0a5388b3bfa709cdaf,Change Return Type,UsbSerialHelper,195,212,
17aaffcde252f3427ce39ab2e35bbe2810f8e3a4,Change Method Access Modifier,UsbSerialHelper,71,175,
17aaffcde252f3427ce39ab2e35bbe2810f8e3a4,Change Method Access Modifier,UsbSerialHelper,71,175,
17aaffcde252f3427ce39ab2e35bbe2810f8e3a4,Change Method Access Modifier,UsbSerialHelper,71,175,
17aaffcde252f3427ce39ab2e35bbe2810f8e3a4,Change Method Access Modifier,UsbSerialHelper,71,175,
17aaffcde252f3427ce39ab2e35bbe2810f8e3a4,Change Method Access Modifier,UsbSerialHelper,71,175,
17aaffcde252f3427ce39ab2e35bbe2810f8e3a4,Change Method Access Modifier,UsbSerialHelper,71,175,
17aaffcde252f3427ce39ab2e35bbe2810f8e3a4,Change Method Access Modifier,UsbSerialHelper,71,175,
17aaffcde252f3427ce39ab2e35bbe2810f8e3a4,Change Method Access Modifier,UsbSerialHelper,71,175,
aab8dc323eef9c3937a71876ae8dbabb80433595,Add Method Modifier,UsbSerialHelper,140,140,
aab8dc323eef9c3937a71876ae8dbabb80433595,Add Method Modifier,UsbSerialHelper,140,140,
aab8dc323eef9c3937a71876ae8dbabb80433595,Add Method Modifier,UsbSerialHelper,140,140,
aab8dc323eef9c3937a71876ae8dbabb80433595,Add Method Modifier,UsbSerialHelper,140,140,
aab8dc323eef9c3937a71876ae8dbabb80433595,Add Method Modifier,UsbSerialHelper,140,140,
d4002d514704815369097c0151ac23d78de17db2,Add Method Modifier,BluetoothHelper,232,232,
7f9c217b82b2e6e9ed72a49372cbe5d8657848b2,Extract Method,BluetoothHelper,214,214,
b1d42668c2e278a763a00a27e24d19da6591454c,Remove Method Modifier,BluetoothHelper,203,238,
b1d42668c2e278a763a00a27e24d19da6591454c,Remove Method Modifier,BluetoothHelper,203,238,
b1d42668c2e278a763a00a27e24d19da6591454c,Remove Method Modifier,BluetoothHelper,203,238,
b1d42668c2e278a763a00a27e24d19da6591454c,Remove Method Modifier,BluetoothHelper,203,238,
1f31289a907cb831321d039c9dba3ef926043976,Add Method Annotation,BluetoothHelper,216,216,
1f31289a907cb831321d039c9dba3ef926043976,Add Method Annotation,BluetoothHelper,216,216,
d822a6b7baffb00dadb1a0d9580dada0e2104ef3,Change Parameter Type,GlueI2Cbaro,42,43,
d822a6b7baffb00dadb1a0d9580dada0e2104ef3,Change Parameter Type,GlueI2Cbaro,42,43,
d822a6b7baffb00dadb1a0d9580dada0e2104ef3,Change Parameter Type,GlueI2Cbaro,42,43,
d822a6b7baffb00dadb1a0d9580dada0e2104ef3,Change Parameter Type,GlueI2Cbaro,42,43,
d822a6b7baffb00dadb1a0d9580dada0e2104ef3,Change Parameter Type,GlueI2Cbaro,42,43,
d822a6b7baffb00dadb1a0d9580dada0e2104ef3,Change Parameter Type,GlueI2Cbaro,42,43,
5a478d281d3908b966655ce4f7018ed420f1d42e,Change Attribute Access Modifier,GlueVoltage,36,36,
5a478d281d3908b966655ce4f7018ed420f1d42e,Change Attribute Access Modifier,GlueVoltage,36,36,
ad0d38dbb0e984903d4faaf2b8df776f891e189c,Change Parameter Type,GlueVoltage,40,40,
ad0d38dbb0e984903d4faaf2b8df776f891e189c,Change Parameter Type,GlueVoltage,40,40,
ad0d38dbb0e984903d4faaf2b8df776f891e189c,Change Parameter Type,GlueVoltage,40,40,
ad0d38dbb0e984903d4faaf2b8df776f891e189c,Change Parameter Type,GlueVoltage,40,40,
ad0d38dbb0e984903d4faaf2b8df776f891e189c,Change Parameter Type,GlueVoltage,40,40,
ad0d38dbb0e984903d4faaf2b8df776f891e189c,Change Parameter Type,GlueVoltage,40,40,
ad0d38dbb0e984903d4faaf2b8df776f891e189c,Change Parameter Type,GlueVoltage,40,40,
ba0efdb46aed690b1c280669ff8c4c3b1b252874,Change Variable Type,GlueIOIOPort,99,99,
3344554d93edd6be7ad32eea9f46b48240d83c43,Add Method Annotation,GlueI2Cbaro,52,53,
e2a1504d4ba0b5630a574294f3e9f8fefe9ac755,Add Method Annotation,GlueVoltage,46,47,
11e70f936d8323343569a4adc8822ca4148660e6,Add Method Annotation,DownloadUtil,69,70,
11e70f936d8323343569a4adc8822ca4148660e6,Add Method Annotation,DownloadUtil,69,70,
c480c020292ee2a2f0eb7ba70b1d3bc09fcc7128,Add Method Annotation,GlueNunchuck,50,52,
2dab2b54ca0098677b34261f6291578b9d4af8c8,Change Parameter Type,GlueNunchuck,41,41,
2dab2b54ca0098677b34261f6291578b9d4af8c8,Change Parameter Type,GlueNunchuck,41,41,
2dab2b54ca0098677b34261f6291578b9d4af8c8,Change Parameter Type,GlueNunchuck,41,41,
2dab2b54ca0098677b34261f6291578b9d4af8c8,Change Parameter Type,GlueNunchuck,41,41,
2dab2b54ca0098677b34261f6291578b9d4af8c8,Change Parameter Type,GlueNunchuck,41,41,
2dab2b54ca0098677b34261f6291578b9d4af8c8,Change Parameter Type,GlueNunchuck,41,41,
22d3354eb723897a837a3894593d343fe3c10f54,Change Return Type,BMP085,140,139,
22d3354eb723897a837a3894593d343fe3c10f54,Change Return Type,BMP085,140,139,
d1e6bfb7dc8090e18086b6dd1c16077b1bbd5322,Change Parameter Type,BMP085,105,97,
d1e6bfb7dc8090e18086b6dd1c16077b1bbd5322,Change Parameter Type,BMP085,105,97,
d1e6bfb7dc8090e18086b6dd1c16077b1bbd5322,Change Parameter Type,BMP085,105,97,
d1e6bfb7dc8090e18086b6dd1c16077b1bbd5322,Change Parameter Type,BMP085,105,97,
e88cefe6aa8a2f2501c110fcb100287ecb06e7c5,Add Class Modifier,NativePortListener,26,26,
4bc883a57412423898a9c20b3ac19ea4d8a8b38e,Add Method Annotation,NativeSensorListener,39,39,
4bc883a57412423898a9c20b3ac19ea4d8a8b38e,Add Method Annotation,NativeSensorListener,39,39,
4bc883a57412423898a9c20b3ac19ea4d8a8b38e,Add Method Annotation,NativeSensorListener,39,39,
4bc883a57412423898a9c20b3ac19ea4d8a8b38e,Add Method Annotation,NativeSensorListener,39,39,
4bc883a57412423898a9c20b3ac19ea4d8a8b38e,Add Method Annotation,NativeSensorListener,39,39,
4bc883a57412423898a9c20b3ac19ea4d8a8b38e,Add Method Annotation,NativeSensorListener,39,39,
4bc883a57412423898a9c20b3ac19ea4d8a8b38e,Add Method Annotation,NativeSensorListener,39,39,
4bc883a57412423898a9c20b3ac19ea4d8a8b38e,Add Method Annotation,NativeSensorListener,39,39,
4bc883a57412423898a9c20b3ac19ea4d8a8b38e,Add Method Annotation,NativeSensorListener,39,39,
e3b4edbf135142a5b8b0cc3651701f7a05e5f09e,Change Class Access Modifier,NativeSensorListener,25,25,
e3b4edbf135142a5b8b0cc3651701f7a05e5f09e,Change Class Access Modifier,NativeSensorListener,25,25,
737b93a26c0197bdebdd82cb0b7de1a2fb7f1f40,Add Class Modifier,NativeInputListener,26,26,
ddd9ef1094d8dccada3f22e2573a785d9c49bdd2,Change Attribute Type,SoundUtil,33,34,
c82714099fd671b5f04a93c5c66d97c4c0b93dd0,Change Attribute Type,MyService,61,61,
c82714099fd671b5f04a93c5c66d97c4c0b93dd0,Change Attribute Type,MyService,61,61,
5c873059fe5d5f095b73bf812687228ee9aac525,Add Method Annotation,GlueBMP085,51,53,
f4d23b8ea20276390dcf21900f9fca7fcc521dc6,Add Method Annotation,GliderLinkReceiver,72,73,
a71a470307a4158f3734d48fb5336f9e645bccc2,Add Method Annotation,InternalGPS,153,155,
ac0f570583a76e003a51bf869c57e4bae7de3e7c,Rename Parameter,InternalGPS,79,78,
ac0f570583a76e003a51bf869c57e4bae7de3e7c,Rename Parameter,InternalGPS,79,78,
ac0f570583a76e003a51bf869c57e4bae7de3e7c,Rename Parameter,InternalGPS,79,78,
ac0f570583a76e003a51bf869c57e4bae7de3e7c,Rename Parameter,InternalGPS,79,78,
ac0f570583a76e003a51bf869c57e4bae7de3e7c,Rename Parameter,InternalGPS,79,78,
ac0f570583a76e003a51bf869c57e4bae7de3e7c,Rename Parameter,InternalGPS,79,78,
c4747dcac3ec3204e9f3360bd9394c5e6a9be09c,Remove Parameter,BluetoothHelper,144,148,
c4747dcac3ec3204e9f3360bd9394c5e6a9be09c,Remove Parameter,BluetoothHelper,144,148,
0998e3b802cae794a67fdc4375cc273d5f1d8ddb,Change Variable Type,HM10Port,85,84,
0998e3b802cae794a67fdc4375cc273d5f1d8ddb,Change Variable Type,HM10Port,85,84,
fe5eb3117fcbc9793e5266462c0bc010f8c8ab3c,Remove Method Modifier,BluetoothHelper,72,63,
fe5eb3117fcbc9793e5266462c0bc010f8c8ab3c,Remove Method Modifier,BluetoothHelper,72,63,
fe5eb3117fcbc9793e5266462c0bc010f8c8ab3c,Remove Method Modifier,BluetoothHelper,72,63,
fe5eb3117fcbc9793e5266462c0bc010f8c8ab3c,Remove Method Modifier,BluetoothHelper,72,63,
fe5eb3117fcbc9793e5266462c0bc010f8c8ab3c,Remove Method Modifier,BluetoothHelper,72,63,
fe5eb3117fcbc9793e5266462c0bc010f8c8ab3c,Remove Method Modifier,BluetoothHelper,72,63,
fe5eb3117fcbc9793e5266462c0bc010f8c8ab3c,Remove Method Modifier,BluetoothHelper,72,63,
fe5eb3117fcbc9793e5266462c0bc010f8c8ab3c,Remove Method Modifier,BluetoothHelper,72,63,
fe5eb3117fcbc9793e5266462c0bc010f8c8ab3c,Remove Method Modifier,BluetoothHelper,72,63,
fe5eb3117fcbc9793e5266462c0bc010f8c8ab3c,Remove Method Modifier,BluetoothHelper,72,63,
fe5eb3117fcbc9793e5266462c0bc010f8c8ab3c,Remove Method Modifier,BluetoothHelper,72,63,
78f31b1bd860794ef64d0744add8e61538733b74,Rename Class,HM10Port,40,40,
701ea34ae98d6cdbb997c1093e65ba0d7475321e,Add Parameter,BluetoothGattClientPort,86,81,
701ea34ae98d6cdbb997c1093e65ba0d7475321e,Add Parameter,BluetoothGattClientPort,86,81,
701ea34ae98d6cdbb997c1093e65ba0d7475321e,Add Parameter,BluetoothGattClientPort,86,81,
e3736beaf23a530c170677ba0a7f02feb91cb189,Rename Attribute,BluetoothGattClientPort,76,76,
e3736beaf23a530c170677ba0a7f02feb91cb189,Rename Attribute,BluetoothGattClientPort,76,76,
e3736beaf23a530c170677ba0a7f02feb91cb189,Rename Attribute,BluetoothGattClientPort,76,76,
e3736beaf23a530c170677ba0a7f02feb91cb189,Rename Attribute,BluetoothGattClientPort,76,76,
e3736beaf23a530c170677ba0a7f02feb91cb189,Rename Attribute,BluetoothGattClientPort,76,76,
e3736beaf23a530c170677ba0a7f02feb91cb189,Rename Attribute,BluetoothGattClientPort,76,76,
fb6634192525ea580770bd19a0ddd5ab7e2b4928,Rename Method,UsbSerialHelper,238,238,
281b4fc90de054b159ae4b38875a1196b677d4ce,Rename Method,UsbSerialHelper,188,188,
613e0dcbe2e65bff133243f7ec4cb5a7582faa6a,Rename Method,UsbSerialHelper,171,170,
613e0dcbe2e65bff133243f7ec4cb5a7582faa6a,Rename Method,UsbSerialHelper,171,170,
a3f8d224fdce93a6ee062a3efd049e2b1c3f6628,Add Attribute Modifier,GliderLinkReceiver,48,41,
e4c72be260a30e1decc296065fa358dee88dafc5,Add Attribute Modifier,UsbSerialHelper,81,81,
0fc220cd7b57ad42273a130b0813ea0f7581a2c9,Remove Method Modifier,DownloadUtil,72,80,
0fc220cd7b57ad42273a130b0813ea0f7581a2c9,Remove Method Modifier,DownloadUtil,72,80,
0fc220cd7b57ad42273a130b0813ea0f7581a2c9,Remove Method Modifier,DownloadUtil,72,80,
0fc220cd7b57ad42273a130b0813ea0f7581a2c9,Remove Method Modifier,DownloadUtil,72,80,
0fc220cd7b57ad42273a130b0813ea0f7581a2c9,Remove Method Modifier,DownloadUtil,72,80,
0fc220cd7b57ad42273a130b0813ea0f7581a2c9,Remove Method Modifier,DownloadUtil,72,80,
803e95bf8bf649c089304297ef5baa628ab30d04,Rename Parameter,DownloadUtil,156,156,
803e95bf8bf649c089304297ef5baa628ab30d04,Rename Parameter,DownloadUtil,156,156,
1d0b6b8824555b9c4bb5b3463eb045ed0b77a4d5,Add Parameter,DownloadUtil,43,48,
1d0b6b8824555b9c4bb5b3463eb045ed0b77a4d5,Add Parameter,DownloadUtil,43,48,
74bcdc60271e16f9123f7caa08c49a6017d6f476,Remove Method Modifier,DownloadUtil,172,172,
74bcdc60271e16f9123f7caa08c49a6017d6f476,Remove Method Modifier,DownloadUtil,172,172,
fd19ce4da2966b8f3f12aa9bcb9e8edfdf9920f4,Remove Parameter,DownloadUtil,80,80,
fd19ce4da2966b8f3f12aa9bcb9e8edfdf9920f4,Remove Parameter,DownloadUtil,80,80,
fd19ce4da2966b8f3f12aa9bcb9e8edfdf9920f4,Remove Parameter,DownloadUtil,80,80,
fd19ce4da2966b8f3f12aa9bcb9e8edfdf9920f4,Remove Parameter,DownloadUtil,80,80,
fd19ce4da2966b8f3f12aa9bcb9e8edfdf9920f4,Remove Parameter,DownloadUtil,80,80,
fd19ce4da2966b8f3f12aa9bcb9e8edfdf9920f4,Remove Parameter,DownloadUtil,80,80,
fd19ce4da2966b8f3f12aa9bcb9e8edfdf9920f4,Remove Parameter,DownloadUtil,80,80,
fd19ce4da2966b8f3f12aa9bcb9e8edfdf9920f4,Remove Parameter,DownloadUtil,80,80,
fd19ce4da2966b8f3f12aa9bcb9e8edfdf9920f4,Remove Parameter,DownloadUtil,80,80,
fd19ce4da2966b8f3f12aa9bcb9e8edfdf9920f4,Remove Parameter,DownloadUtil,80,80,
f5dc66fab2bceaeedc53f236ba3ff6c69ac20ce2,Remove Parameter,DownloadUtil,47,50,
f5dc66fab2bceaeedc53f236ba3ff6c69ac20ce2,Remove Parameter,DownloadUtil,47,50,
94b5162542a63240918216a329fdc290dfc941f6,Extract Method,DownloadUtil,48,47,
4728cd40591d9bb12c7f96e00f2f71cb797afd32,Add Class Modifier,DownloadUtil,35,35,
adeaa40a9681145ddd90d25e26c8302a9ea14298,Change Return Type,BluetoothGattClientPort,96,96,
adeaa40a9681145ddd90d25e26c8302a9ea14298,Change Return Type,BluetoothGattClientPort,96,96,
3c356084677a81813df4d3e6b04e75bc413b06de,Add Attribute Modifier,BluetoothGattClientPort,69,69,
c91b915390a22b02ce74eacced75e96cc9812d44,Encapsulate Attribute,NetUtil,42,42,
a19989206ba7ea3d26de6d82f47082913f07ff8d,Extract Variable,BluetoothServerPort,81,84,
003b1bfa4ab584d925d4044c7540974293ff10cf,Extract Method,MyService,71,85,
b56d9ec5ccbc890bd4c3bda4fef0379e1fb9c0dd,Extract Method,MyService,69,70,
b56d9ec5ccbc890bd4c3bda4fef0379e1fb9c0dd,Extract Method,MyService,69,70,
817d198139ab4af2984596e5cfdc6fdc7af42322,Extract Method,SoundUtil,42,61,
ef809e0bb8573b545fbfc35cd717993b0ef50eb6,Add Thrown Exception Type,BluetoothGattClientPort,88,89,
3b1ee4ef87279dc390c73354a6e9719c8caeac01,Add Thrown Exception Type,BluetoothHelper,131,133,
3b1ee4ef87279dc390c73354a6e9719c8caeac01,Add Thrown Exception Type,BluetoothHelper,131,133,
e127aeb30706401cd546404be5c302c1b80a7639,Extract Method,NativeView,265,252,
0448c3d9ebe88088bbab35e8013c283965767cc3,Replace Variable With Attribute,NativeView,164,72,
08b073beafd1823ba2a0eefaf6dee2c063868f30,Extract Method,NativeView,107,107,
34444055e5c7e3f22111e2bf68ee7453b0121185,Extract And Move Method,NativeView,107,59,
939191c03735c9247394bd089f454de7489e6c0b,Add Parameter,BitmapUtil,150,138,
d372ce860c9784164b35e0e6febf4673474f0537,Add Parameter,BitmapUtil,87,91,
d372ce860c9784164b35e0e6febf4673474f0537,Add Parameter,BitmapUtil,87,91,
cd1b254a16ef6ce02c3825ec24cfdd509515ef2a,Change Return Type,NativeView,345,340,
cd1b254a16ef6ce02c3825ec24cfdd509515ef2a,Change Return Type,NativeView,345,340,
cd1b254a16ef6ce02c3825ec24cfdd509515ef2a,Change Return Type,NativeView,345,340,
cd1b254a16ef6ce02c3825ec24cfdd509515ef2a,Change Return Type,NativeView,345,340,
cd1b254a16ef6ce02c3825ec24cfdd509515ef2a,Change Return Type,NativeView,345,340,
cd1b254a16ef6ce02c3825ec24cfdd509515ef2a,Change Return Type,NativeView,345,340,
cd1b254a16ef6ce02c3825ec24cfdd509515ef2a,Change Return Type,NativeView,345,340,
e5c65a6992ff54d9771fb1a2bccfa777ee9ea0c6,Add Parameter,NativeView,83,84,
e5c65a6992ff54d9771fb1a2bccfa777ee9ea0c6,Add Parameter,NativeView,83,84,
e671f387fdd0e48b52dd2c4af426ed56970589e5,Add Thrown Exception Type,NativeView,99,105,
7b5332d39945daaab25e9e6e5b558366756d9cbf,Add Attribute Modifier,XCSoar,148,148,
f1e5211bf5820532897c0470b40a8d70720d76cd,Add Parameter,TextUtil,42,43,
f1e5211bf5820532897c0470b40a8d70720d76cd,Add Parameter,TextUtil,42,43,
29de9e17a599d1e315a7d6796131cfdf0ccd085e,Rename Method,AbstractAndroidPort,69,69,
29de9e17a599d1e315a7d6796131cfdf0ccd085e,Rename Method,AbstractAndroidPort,69,69,
29de9e17a599d1e315a7d6796131cfdf0ccd085e,Rename Method,AbstractAndroidPort,69,69,
29de9e17a599d1e315a7d6796131cfdf0ccd085e,Rename Method,AbstractAndroidPort,69,69,
29de9e17a599d1e315a7d6796131cfdf0ccd085e,Rename Method,AbstractAndroidPort,69,69,
3d43739d2bcfe3089a18de6552481a49a220192a,Rename Attribute,MultiPort,36,36,
82e8ef87d6ffa39431781c952727fb1875629af6,Rename Attribute,AbstractAndroidPort,35,35,
0de681748d5c32357a960153a02d635d0a7787bf,Remove Method Modifier,InputThread,54,54,
0de681748d5c32357a960153a02d635d0a7787bf,Remove Method Modifier,InputThread,54,54,
0de681748d5c32357a960153a02d635d0a7787bf,Remove Method Modifier,InputThread,54,54,
323b4fa606571955c27be6ea8b1b8bcfd51f1ce5,Extract Variable,InputThread,112,111,
4f4f879323414c17b1dada5f1d371428e754f6e5,Rename Attribute,ProxyAndroidPort,32,32,
425ec9aea65fe5d163b05ffab697499006ed4b42,Add Attribute Modifier,ProxyAndroidPort,31,31,
425ec9aea65fe5d163b05ffab697499006ed4b42,Add Attribute Modifier,ProxyAndroidPort,31,31,
01664dee36fc6fdbe00f58b2ece84a6b818f1d4c,Rename Attribute,BluetoothGattClientPort,75,77,
18bd93cadaad1e968a2ea88d8a34a696b65faa0c,Add Attribute Modifier,BluetoothGattClientPort,76,76,
2d1fd0dc94ea341e76cb923f6635e811c7c0a1ed,Rename Parameter,BluetoothGattClientPort,83,145,
2d1fd0dc94ea341e76cb923f6635e811c7c0a1ed,Rename Parameter,BluetoothGattClientPort,83,145,
2d1fd0dc94ea341e76cb923f6635e811c7c0a1ed,Rename Parameter,BluetoothGattClientPort,83,145,
2d1fd0dc94ea341e76cb923f6635e811c7c0a1ed,Rename Parameter,BluetoothGattClientPort,83,145,
2d1fd0dc94ea341e76cb923f6635e811c7c0a1ed,Rename Parameter,BluetoothGattClientPort,83,145,
2d1fd0dc94ea341e76cb923f6635e811c7c0a1ed,Rename Parameter,BluetoothGattClientPort,83,145,
2d1fd0dc94ea341e76cb923f6635e811c7c0a1ed,Rename Parameter,BluetoothGattClientPort,83,145,
2d1fd0dc94ea341e76cb923f6635e811c7c0a1ed,Rename Parameter,BluetoothGattClientPort,83,145,
2d1fd0dc94ea341e76cb923f6635e811c7c0a1ed,Rename Parameter,BluetoothGattClientPort,83,145,
2d1fd0dc94ea341e76cb923f6635e811c7c0a1ed,Rename Parameter,BluetoothGattClientPort,83,145,
71bb759afc9867a99ac820acbc3bca097a3af017,Extract Method,XCSoar,266,207,
ac4761a70b142fbf4f61aedc65ad95ff679aab32,Add Parameter,BluetoothHelper,110,115,
66488c905dbdcebf89e4ea634a9cd05326b109cd,Add Parameter,BitmapUtil,83,133,
66488c905dbdcebf89e4ea634a9cd05326b109cd,Add Parameter,BitmapUtil,83,133,
bdebba66b7e4d3f22e0751fc8384ae5fa69d5c1f,Add Parameter,BitmapUtil,40,44,
bdebba66b7e4d3f22e0751fc8384ae5fa69d5c1f,Add Parameter,BitmapUtil,40,44,
717f58e21400fb5ffdb5a8c0b6159f5bc391f175,Add Parameter,TextUtil,42,43,
36ad585e8546e54c9031b1ce8af6507d9459650f,Change Attribute Type,XCSoar,62,61,
d78a56ee06d87f90fc63016bdbc1c6ae925224bc,Change Attribute Type,IOIOHelper,47,47,
6b8a70d71dea54a8dfae972af8a101370e49ef96,Extract Class,IOIOAgent,40,33,
6b8a70d71dea54a8dfae972af8a101370e49ef96,Extract Class,IOIOAgent,40,33,
6b8a70d71dea54a8dfae972af8a101370e49ef96,Extract Class,IOIOAgent,40,33,
6b8a70d71dea54a8dfae972af8a101370e49ef96,Extract Class,IOIOAgent,40,33,
6b8a70d71dea54a8dfae972af8a101370e49ef96,Extract Class,IOIOAgent,40,33,
6b8a70d71dea54a8dfae972af8a101370e49ef96,Extract Class,IOIOAgent,40,33,
6b8a70d71dea54a8dfae972af8a101370e49ef96,Extract Class,IOIOAgent,40,33,
4a8c9c1dbc09c592c7c77207a3d3ef832b7c5c7b,Add Parameter,GlueBMP085,67,67,
4a8c9c1dbc09c592c7c77207a3d3ef832b7c5c7b,Add Parameter,GlueBMP085,67,67,
4a8c9c1dbc09c592c7c77207a3d3ef832b7c5c7b,Add Parameter,GlueBMP085,67,67,
4a8c9c1dbc09c592c7c77207a3d3ef832b7c5c7b,Add Parameter,GlueBMP085,67,67,
4a8c9c1dbc09c592c7c77207a3d3ef832b7c5c7b,Add Parameter,GlueBMP085,67,67,
4a8c9c1dbc09c592c7c77207a3d3ef832b7c5c7b,Add Parameter,GlueBMP085,67,67,
4a8c9c1dbc09c592c7c77207a3d3ef832b7c5c7b,Add Parameter,GlueBMP085,67,67,
4d94cd429a48ea58a1b4edb8f238e4c0f4365a52,Change Attribute Type,XCSoar,62,61,
f0e731ab72d189c9a30983aab95d8b154804bb65,Remove Method Modifier,AbstractAndroidPort,97,97,
55df173fc27428fcf8be65e9181386be2386855b,Add Method Annotation,AbstractAndroidPort,75,75,
55df173fc27428fcf8be65e9181386be2386855b,Add Method Annotation,AbstractAndroidPort,75,75,
55df173fc27428fcf8be65e9181386be2386855b,Add Method Annotation,AbstractAndroidPort,75,75,
994a6583e1daa2ee7974698d9f85c4dd0e3d93d4,Remove Method Modifier,BluetoothServerPort,80,98,
994a6583e1daa2ee7974698d9f85c4dd0e3d93d4,Remove Method Modifier,BluetoothServerPort,80,98,
994a6583e1daa2ee7974698d9f85c4dd0e3d93d4,Remove Method Modifier,BluetoothServerPort,80,98,
994a6583e1daa2ee7974698d9f85c4dd0e3d93d4,Remove Method Modifier,BluetoothServerPort,80,98,
5d7c5941ed71cc0f160aa4e1a79633c23e97e6a1,Add Method Annotation,BluetoothServerPort,81,81,
5d7c5941ed71cc0f160aa4e1a79633c23e97e6a1,Add Method Annotation,BluetoothServerPort,81,81,
6405ca79cb55330b31c1d7eec2140fd08e0fce40,Add Attribute Modifier,BluetoothServerPort,49,49,
b52eef986986cd36f1238094cce259bb9c426d69,Rename Class,GlueI2Cbaro,29,29,
b52eef986986cd36f1238094cce259bb9c426d69,Rename Class,GlueI2Cbaro,29,29,
b52eef986986cd36f1238094cce259bb9c426d69,Rename Class,GlueI2Cbaro,29,29,
b52eef986986cd36f1238094cce259bb9c426d69,Rename Class,GlueI2Cbaro,29,29,
b52eef986986cd36f1238094cce259bb9c426d69,Rename Class,GlueI2Cbaro,29,29,
b52eef986986cd36f1238094cce259bb9c426d69,Rename Class,GlueI2Cbaro,29,29,
b52eef986986cd36f1238094cce259bb9c426d69,Rename Class,GlueI2Cbaro,29,29,
b52eef986986cd36f1238094cce259bb9c426d69,Rename Class,GlueI2Cbaro,29,29,
b52eef986986cd36f1238094cce259bb9c426d69,Rename Class,GlueI2Cbaro,29,29,
b52eef986986cd36f1238094cce259bb9c426d69,Rename Class,GlueI2Cbaro,29,29,
b52eef986986cd36f1238094cce259bb9c426d69,Rename Class,GlueI2Cbaro,29,29,
b52eef986986cd36f1238094cce259bb9c426d69,Rename Class,GlueI2Cbaro,29,29,
b52eef986986cd36f1238094cce259bb9c426d69,Rename Class,GlueI2Cbaro,29,29,
b52eef986986cd36f1238094cce259bb9c426d69,Rename Class,GlueI2Cbaro,29,29,
b52eef986986cd36f1238094cce259bb9c426d69,Rename Class,GlueI2Cbaro,29,29,
b52eef986986cd36f1238094cce259bb9c426d69,Rename Class,GlueI2Cbaro,29,29,
b52eef986986cd36f1238094cce259bb9c426d69,Rename Class,GlueI2Cbaro,29,29,
b52eef986986cd36f1238094cce259bb9c426d69,Rename Class,GlueI2Cbaro,29,29,
b52eef986986cd36f1238094cce259bb9c426d69,Rename Class,GlueI2Cbaro,29,29,
b52eef986986cd36f1238094cce259bb9c426d69,Rename Class,GlueI2Cbaro,29,29,
b52eef986986cd36f1238094cce259bb9c426d69,Rename Class,GlueI2Cbaro,29,29,
b52eef986986cd36f1238094cce259bb9c426d69,Rename Class,GlueI2Cbaro,29,29,
b52eef986986cd36f1238094cce259bb9c426d69,Rename Class,GlueI2Cbaro,29,29,
b52eef986986cd36f1238094cce259bb9c426d69,Rename Class,GlueI2Cbaro,29,29,
b52eef986986cd36f1238094cce259bb9c426d69,Rename Class,GlueI2Cbaro,29,29,
b52eef986986cd36f1238094cce259bb9c426d69,Rename Class,GlueI2Cbaro,29,29,
b52eef986986cd36f1238094cce259bb9c426d69,Rename Class,GlueI2Cbaro,29,29,
b52eef986986cd36f1238094cce259bb9c426d69,Rename Class,GlueI2Cbaro,29,29,
b52eef986986cd36f1238094cce259bb9c426d69,Rename Class,GlueI2Cbaro,29,29,
b52eef986986cd36f1238094cce259bb9c426d69,Rename Class,GlueI2Cbaro,29,29,
b52eef986986cd36f1238094cce259bb9c426d69,Rename Class,GlueI2Cbaro,29,29,
b52eef986986cd36f1238094cce259bb9c426d69,Rename Class,GlueI2Cbaro,29,29,
b52eef986986cd36f1238094cce259bb9c426d69,Rename Class,GlueI2Cbaro,29,29,
b52eef986986cd36f1238094cce259bb9c426d69,Rename Class,GlueI2Cbaro,29,29,
15ba95308dfcbee9e8cef2838583815537757b3f,Change Return Type,BitmapUtil,44,44,
352d9b64fed67fb493a2696992be3e9fc9c1e7eb,Extract Class,BitmapUtil,52,30,
352d9b64fed67fb493a2696992be3e9fc9c1e7eb,Extract Class,BitmapUtil,52,30,
352d9b64fed67fb493a2696992be3e9fc9c1e7eb,Extract Class,BitmapUtil,52,30,
352d9b64fed67fb493a2696992be3e9fc9c1e7eb,Extract Class,BitmapUtil,52,30,
352d9b64fed67fb493a2696992be3e9fc9c1e7eb,Extract Class,BitmapUtil,52,30,
352d9b64fed67fb493a2696992be3e9fc9c1e7eb,Extract Class,BitmapUtil,52,30,
a60ea0e2ec9fc05fa1a87ef8f8e6fc72532105b8,Move And Rename Class,GlueIOIOPort,309,31,
a60ea0e2ec9fc05fa1a87ef8f8e6fc72532105b8,Move And Rename Class,GlueIOIOPort,309,31,
a60ea0e2ec9fc05fa1a87ef8f8e6fc72532105b8,Move And Rename Class,GlueIOIOPort,309,31,
a60ea0e2ec9fc05fa1a87ef8f8e6fc72532105b8,Move And Rename Class,GlueIOIOPort,309,31,
a60ea0e2ec9fc05fa1a87ef8f8e6fc72532105b8,Move And Rename Class,GlueIOIOPort,309,31,
a60ea0e2ec9fc05fa1a87ef8f8e6fc72532105b8,Move And Rename Class,GlueIOIOPort,309,31,
a60ea0e2ec9fc05fa1a87ef8f8e6fc72532105b8,Move And Rename Class,GlueIOIOPort,309,31,
a60ea0e2ec9fc05fa1a87ef8f8e6fc72532105b8,Move And Rename Class,GlueIOIOPort,309,31,
a60ea0e2ec9fc05fa1a87ef8f8e6fc72532105b8,Move And Rename Class,GlueIOIOPort,309,31,
a60ea0e2ec9fc05fa1a87ef8f8e6fc72532105b8,Move And Rename Class,GlueIOIOPort,309,31,
a60ea0e2ec9fc05fa1a87ef8f8e6fc72532105b8,Move And Rename Class,GlueIOIOPort,309,31,
a60ea0e2ec9fc05fa1a87ef8f8e6fc72532105b8,Move And Rename Class,GlueIOIOPort,309,31,
a60ea0e2ec9fc05fa1a87ef8f8e6fc72532105b8,Move And Rename Class,GlueIOIOPort,309,31,
a60ea0e2ec9fc05fa1a87ef8f8e6fc72532105b8,Move And Rename Class,GlueIOIOPort,309,31,
a60ea0e2ec9fc05fa1a87ef8f8e6fc72532105b8,Move And Rename Class,GlueIOIOPort,309,31,
a60ea0e2ec9fc05fa1a87ef8f8e6fc72532105b8,Move And Rename Class,GlueIOIOPort,309,31,
a60ea0e2ec9fc05fa1a87ef8f8e6fc72532105b8,Move And Rename Class,GlueIOIOPort,309,31,
a60ea0e2ec9fc05fa1a87ef8f8e6fc72532105b8,Move And Rename Class,GlueIOIOPort,309,31,
9a7b70aefd391052cd36c49a2062229e3d9d028b,Move Source Folder,IOIOHelper,35,35,
dfde085e01c21e16fef7829983c0a4afb4298763,Move Source Folder,IOIOHelper,35,35,
748912df3e0391ca9c6360906ec7776751e77a51,Add Thrown Exception Type,IOIOHelper,97,91,
748912df3e0391ca9c6360906ec7776751e77a51,Add Thrown Exception Type,IOIOHelper,97,91,
748912df3e0391ca9c6360906ec7776751e77a51,Add Thrown Exception Type,IOIOHelper,97,91,
748912df3e0391ca9c6360906ec7776751e77a51,Add Thrown Exception Type,IOIOHelper,97,91,
748912df3e0391ca9c6360906ec7776751e77a51,Add Thrown Exception Type,IOIOHelper,97,91,
748912df3e0391ca9c6360906ec7776751e77a51,Add Thrown Exception Type,IOIOHelper,97,91,
687c37a871acf989556d299cfb78395e9eaefe88,Extract Method,IOIOHelper,74,74,
687c37a871acf989556d299cfb78395e9eaefe88,Extract Method,IOIOHelper,74,74,
9d2082cf7ca27249f48be73394198c9aa0697d83,Extract Method,IOIOHelper,248,248,
54c75d186f3a2a7cd3ecab813cac510f1bf66bea,Inline Method,IOIOHelper,298,428,
54c75d186f3a2a7cd3ecab813cac510f1bf66bea,Inline Method,IOIOHelper,298,428,
d327428cab0e3a515dac7edc1f2df81773c97698,Change Return Type,AbstractAndroidPort,85,85,
d327428cab0e3a515dac7edc1f2df81773c97698,Change Return Type,AbstractAndroidPort,85,85,
d327428cab0e3a515dac7edc1f2df81773c97698,Change Return Type,AbstractAndroidPort,85,85,
d327428cab0e3a515dac7edc1f2df81773c97698,Change Return Type,AbstractAndroidPort,85,85,
d327428cab0e3a515dac7edc1f2df81773c97698,Change Return Type,AbstractAndroidPort,85,85,
d327428cab0e3a515dac7edc1f2df81773c97698,Change Return Type,AbstractAndroidPort,85,85,
d327428cab0e3a515dac7edc1f2df81773c97698,Change Return Type,AbstractAndroidPort,85,85,
33c7dd0a434f94a9d56f14e165447aeb8be667d7,Extract Method,DownloadUtil,40,40,
33c7dd0a434f94a9d56f14e165447aeb8be667d7,Extract Method,DownloadUtil,40,40,
64b81b1e3dfd67e6f3dd1da4b16376736030737e,Add Parameter,DownloadUtil,77,89,
64b81b1e3dfd67e6f3dd1da4b16376736030737e,Add Parameter,DownloadUtil,77,89,
49c567d1ad98da03b368bb5c3c682942ea9cac97,Extract Class,BluetoothPort,36,29,
49c567d1ad98da03b368bb5c3c682942ea9cac97,Extract Class,BluetoothPort,36,29,
49c567d1ad98da03b368bb5c3c682942ea9cac97,Extract Class,BluetoothPort,36,29,
49c567d1ad98da03b368bb5c3c682942ea9cac97,Extract Class,BluetoothPort,36,29,
49c567d1ad98da03b368bb5c3c682942ea9cac97,Extract Class,BluetoothPort,36,29,
49c567d1ad98da03b368bb5c3c682942ea9cac97,Extract Class,BluetoothPort,36,29,
5c2104a798651a48720397a9fd0fb38e04668fd9,Change Return Type,BluetoothHelper,110,110,
9fd27a86f522f29060a8bdab86abed173326b788,Extract Method,InputThread,58,58,
cf71a21a054ca039469d26b96b935c7aa39b6cd7,Extract Method,MyService,69,69,
3c4e86a3a07185cabc1d2377e02fb6e0467db1cb,Remove Method Modifier,InputThread,58,58,
8c54018e8705798617c90759a723aa66b92f3ca9,Add Parameter,InputThread,47,46,
689c9a5793ceca9a2af857c90d95be5c3a2b0788,Change Return Type,AbstractAndroidPort,96,96,
689c9a5793ceca9a2af857c90d95be5c3a2b0788,Change Return Type,AbstractAndroidPort,96,96,
689c9a5793ceca9a2af857c90d95be5c3a2b0788,Change Return Type,AbstractAndroidPort,96,96,
689c9a5793ceca9a2af857c90d95be5c3a2b0788,Change Return Type,AbstractAndroidPort,96,96,
689c9a5793ceca9a2af857c90d95be5c3a2b0788,Change Return Type,AbstractAndroidPort,96,96,
689c9a5793ceca9a2af857c90d95be5c3a2b0788,Change Return Type,AbstractAndroidPort,96,96,
d22170c611373a2fa018d15c8964e5fca1106574,Add Parameter,AbstractAndroidPort,89,89,
d22170c611373a2fa018d15c8964e5fca1106574,Add Parameter,AbstractAndroidPort,89,89,
d22170c611373a2fa018d15c8964e5fca1106574,Add Parameter,AbstractAndroidPort,89,89,
d22170c611373a2fa018d15c8964e5fca1106574,Add Parameter,AbstractAndroidPort,89,89,
d22170c611373a2fa018d15c8964e5fca1106574,Add Parameter,AbstractAndroidPort,89,89,
d22170c611373a2fa018d15c8964e5fca1106574,Add Parameter,AbstractAndroidPort,89,89,
b90317102de6e3fe4d81f645dbff99e492e2825b,Add Method Modifier,IOIOHelper,44,221,
b90317102de6e3fe4d81f645dbff99e492e2825b,Add Method Modifier,IOIOHelper,44,221,
0d90c9e67e65519ba5b770af71fb8aa7bc9ed113,Change Return Type,IOIOHelper,234,234,
0d90c9e67e65519ba5b770af71fb8aa7bc9ed113,Change Return Type,IOIOHelper,234,234,
0d90c9e67e65519ba5b770af71fb8aa7bc9ed113,Change Return Type,IOIOHelper,234,234,
2caa153b9cff299077acc892810afb466bceb188,Extract Method,IOIOHelper,171,171,
2caa153b9cff299077acc892810afb466bceb188,Extract Method,IOIOHelper,171,171,
2caa153b9cff299077acc892810afb466bceb188,Extract Method,IOIOHelper,171,171,
3ed36f0fb6f34920c88f494a25f7f0b922735909,Change Return Type,IOIOHelper,210,210,
3ed36f0fb6f34920c88f494a25f7f0b922735909,Change Return Type,IOIOHelper,210,210,
3ed36f0fb6f34920c88f494a25f7f0b922735909,Change Return Type,IOIOHelper,210,210,
3ed36f0fb6f34920c88f494a25f7f0b922735909,Change Return Type,IOIOHelper,210,210,
2bdf4b3cbf14e8ad4ad70c26d511f5aa6861017a,Add Parameter,InputThread,45,47,
2bdf4b3cbf14e8ad4ad70c26d511f5aa6861017a,Add Parameter,InputThread,45,47,
ab545a3a57e64e0ef6b4dfc6bc19a14e3169c01c,Remove Parameter,IOIOHelper,167,160,
e06a88286a917d1886e2be9a4eae590732ce2822,Extract Variable,AbstractAndroidPort,66,66,
e06a88286a917d1886e2be9a4eae590732ce2822,Extract Variable,AbstractAndroidPort,66,66,
7d1502d5f4b200bfe6845e30292932bd24b63b33,Extract Superclass,AbstractAndroidPort,36,29,
7d1502d5f4b200bfe6845e30292932bd24b63b33,Extract Superclass,AbstractAndroidPort,36,29,
7d1502d5f4b200bfe6845e30292932bd24b63b33,Extract Superclass,AbstractAndroidPort,36,29,
7d1502d5f4b200bfe6845e30292932bd24b63b33,Extract Superclass,AbstractAndroidPort,36,29,
7d1502d5f4b200bfe6845e30292932bd24b63b33,Extract Superclass,AbstractAndroidPort,36,29,
7d1502d5f4b200bfe6845e30292932bd24b63b33,Extract Superclass,AbstractAndroidPort,36,29,
7d1502d5f4b200bfe6845e30292932bd24b63b33,Extract Superclass,AbstractAndroidPort,36,29,
7d1502d5f4b200bfe6845e30292932bd24b63b33,Extract Superclass,AbstractAndroidPort,36,29,
7d1502d5f4b200bfe6845e30292932bd24b63b33,Extract Superclass,AbstractAndroidPort,36,29,
7d1502d5f4b200bfe6845e30292932bd24b63b33,Extract Superclass,AbstractAndroidPort,36,29,
7d1502d5f4b200bfe6845e30292932bd24b63b33,Extract Superclass,AbstractAndroidPort,36,29,
7d1502d5f4b200bfe6845e30292932bd24b63b33,Extract Superclass,AbstractAndroidPort,36,29,
7d1502d5f4b200bfe6845e30292932bd24b63b33,Extract Superclass,AbstractAndroidPort,36,29,
e77cc69b19903d44d3c6aab36c49739a0a6a3ed9,Remove Thrown Exception Type,IOIOHelper,138,134,
689908cf788d998cffe5283abea5d082714ab112,Change Attribute Type,IOIOHelper,129,129,
248215257e9da6ea3b64ca167c2fa0d2efa0d4b9,Extract Method,InternalGPS,110,174,
248215257e9da6ea3b64ca167c2fa0d2efa0d4b9,Extract Method,InternalGPS,110,174,
248215257e9da6ea3b64ca167c2fa0d2efa0d4b9,Extract Method,InternalGPS,110,174,
248215257e9da6ea3b64ca167c2fa0d2efa0d4b9,Extract Method,InternalGPS,110,174,
248215257e9da6ea3b64ca167c2fa0d2efa0d4b9,Extract Method,InternalGPS,110,174,
248215257e9da6ea3b64ca167c2fa0d2efa0d4b9,Extract Method,InternalGPS,110,174,
ca04412c61730c22821a32f6dc5657aeaff0a90a,Rename Parameter,NonGPSSensors,113,113,
92753eab46b60d1c521ceb1b5f18d15cbd97a14b,Remove Parameter,TextUtil,101,100,
92753eab46b60d1c521ceb1b5f18d15cbd97a14b,Remove Parameter,TextUtil,101,100,
92753eab46b60d1c521ceb1b5f18d15cbd97a14b,Remove Parameter,TextUtil,101,100,
92753eab46b60d1c521ceb1b5f18d15cbd97a14b,Remove Parameter,TextUtil,101,100,
92753eab46b60d1c521ceb1b5f18d15cbd97a14b,Remove Parameter,TextUtil,101,100,
92753eab46b60d1c521ceb1b5f18d15cbd97a14b,Remove Parameter,TextUtil,101,100,
92753eab46b60d1c521ceb1b5f18d15cbd97a14b,Remove Parameter,TextUtil,101,100,
0794c90a208a06a467acc5f4615c3d91efd69ac1,Extract Method,NativeView,373,373,
44d94948df353931c08c82e57dd6d16c4d10b1bd,Change Method Access Modifier,NativeView,311,324,
eec34f698a63f6376c5495e43655dc9931e53b48,Change Return Type,TextUtil,78,78,
91a80083a2e71c794be9447282718ef1aa19c48c,Change Return Type,TextUtil,65,65,
91a80083a2e71c794be9447282718ef1aa19c48c,Change Return Type,TextUtil,65,65,
d87ffbc349655cf465d78fed98aaf855bda9b3e0,Add Parameter,InternalGPS,68,71,
4fbfea2383a7e9e13a3434d947203684ebb6542c,Add Parameter,InternalGPS,91,121,
4fbfea2383a7e9e13a3434d947203684ebb6542c,Add Parameter,InternalGPS,91,121,
4fbfea2383a7e9e13a3434d947203684ebb6542c,Add Parameter,InternalGPS,91,121,
493457ba4a75d25f5445d9ef35c770a33b7b0294,Add Parameter,InternalGPS,91,96,
493457ba4a75d25f5445d9ef35c770a33b7b0294,Add Parameter,InternalGPS,91,96,
c9c12179189b747b14c4edd7f26a180ea7700bf0,Extract Method,NativeView,288,288,
594bc213c7b9d655adcbcce294839df927d77ef5,Change Return Type,NativeView,199,199,
01cb2e9d71d7d74a5ca1780c8bac49e867e17060,Add Parameter,NativeView,116,119,
f3374d10629cb9302c507d74fe46ce6de5d5c96c,Rename Attribute,XCSoar,114,35,
f3374d10629cb9302c507d74fe46ce6de5d5c96c,Rename Attribute,XCSoar,114,35,
52acd438edbcff1c7c97b40dd4a402ae57f72c75,Rename Class,Loader,28,28,
1dc30f44d3b1ebc2509757932c071c75ad88999a,Extract Class,Native,15,43,
1dc30f44d3b1ebc2509757932c071c75ad88999a,Extract Class,Native,15,43,
1dc30f44d3b1ebc2509757932c071c75ad88999a,Extract Class,Native,15,43,
