Refactoring Type,Original,Updated,Location,Original Method Line,Extracted/Inlined Method Line,Extracted/Inlined Lines,Description,Commit,Original Line,Updated Line,Old Location,New Location,Old Method Line,New Method Line
Extract Method,ml_for_analytics,_print_ml_analytics_results_regression,auto_ml/predictor.py/Predictor,"(89,91)",131.0,"[120.0, 124.0, 126.0, 128.0, 129.0, 131.0, 132.0, 133.0, 135.0, 137.0, 138.0, 139.0, 140.0, 141.0]", The method _print_ml_analytics_results_regression from the module auto_ml/predictor.py in class Predictor is extracted from method ml_for_analytics from the module auto_ml/predictor.py in class Predictor ,00e57cbcdbf8a95ff2038d2a1568fdf5c7c6780b,,,,,,
Add Parameter,train,train,auto_ml/predictor.py/Predictor,,,,['The parameters [ _include_original_X ] are added to the method train from the module auto_ml/predictor.py in class Predictor'],01e493ee23b9d65e37bcd20c3d8e3420977d9e35,506.0,508.0,,,,
Add Parameter,train_ensemble,train_ensemble,auto_ml/predictor.py/Predictor,,,,['The parameters [ include_original_X ] are added to the method train_ensemble from the module auto_ml/predictor.py in class Predictor'],01e493ee23b9d65e37bcd20c3d8e3420977d9e35,340.0,340.0,,,,
Add Parameter,get_model_from_name,get_model_from_name,auto_ml/utils_models.py,,,,['The parameters [ is_hp_search ] are added to the method get_model_from_name from the module auto_ml/utils_models.py'],05586351d4792c24d620b0bc8901fd7c3dfedd10,49.0,49.0,,,,
Remove Parameter,ml_for_analytics,ml_for_analytics,auto_ml/predictor.py/Predictor,,,,['The parameters [ print_analytics_output ] of the method ml_for_analytics from the module auto_ml/predictor.py in class Predictor is/are removed'],08ac7a978be9899f6b51ffe56144a9bfeb2aacfe,108.0,108.0,,,,
Remove Parameter,train,train,auto_ml/predictor.py/Predictor,,,,['The parameters [ print_analytics_output ] of the method train from the module auto_ml/predictor.py in class Predictor is/are removed'],08ac7a978be9899f6b51ffe56144a9bfeb2aacfe,58.0,58.0,,,,
Add Parameter,__init__,__init__,auto_ml/utils.py/ExtendedPipeline,,,,['The parameters [ name ] are added to the method __init__ from the module auto_ml/utils.py in class ExtendedPipeline'],0c218ce124623c0c04c48bc893f4bb61373d0aef,247.0,259.0,,,,
Add Parameter,__init__,__init__,auto_ml/utils_model_training.py/FinalModelATC,,,,['The parameters [ scoring_method ] are added to the method __init__ from the module auto_ml/utils_model_training.py in class FinalModelATC'],125876e384814fa7bd90c1d2b420786d5d418b1d,23.0,23.0,,,,
Add Parameter,train_ensemble,train_ensemble,auto_ml/predictor.py/Predictor,,,,['The parameters [ find_best_method ] are added to the method train_ensemble from the module auto_ml/predictor.py in class Predictor'],13dffb0a988a1250dd1bfbb7b727bf2c7435ac07,327.0,327.0,,,,
Add Parameter,advanced_scoring_regressors,advanced_scoring_regressors,auto_ml/utils.py,,,,['The parameters [ name ] are added to the method advanced_scoring_regressors from the module auto_ml/utils.py'],13dffb0a988a1250dd1bfbb7b727bf2c7435ac07,703.0,706.0,,,,
Add Parameter,calculate_and_print_differences,calculate_and_print_differences,auto_ml/utils.py,,,,['The parameters [ name ] are added to the method calculate_and_print_differences from the module auto_ml/utils.py'],13dffb0a988a1250dd1bfbb7b727bf2c7435ac07,681.0,681.0,,,,
Add Parameter,rmse_scoring,rmse_scoring,auto_ml/utils.py,,,,['The parameters [ name ] are added to the method rmse_scoring from the module auto_ml/utils.py'],13dffb0a988a1250dd1bfbb7b727bf2c7435ac07,901.0,906.0,,,,
Add Parameter,set_params_and_defaults,set_params_and_defaults,auto_ml/predictor.py/Predictor,,,,['The parameters [ optimize_feature_learning ] are added to the method set_params_and_defaults from the module auto_ml/predictor.py in class Predictor'],14ac69709aa35ff798d9061ca445cc7341a46b10,313.0,313.0,,,,
Add Parameter,train,train,auto_ml/predictor.py/Predictor,,,,['The parameters [ optimize_feature_learning ] are added to the method train from the module auto_ml/predictor.py in class Predictor'],14ac69709aa35ff798d9061ca445cc7341a46b10,531.0,532.0,,,,
Add Parameter,__init__,__init__,auto_ml/utils.py/FinalModelATC,,,,['The parameters [ model_map ] are added to the method __init__ from the module auto_ml/utils.py in class FinalModelATC'],152c14419698efd306eac7707493a15ff4ec4a69,42.0,31.0,,,,
Extract Method,__init__,set_model_map,auto_ml/utils.py/FinalModelATC,"(42,31)",44.0,[49.0], The method set_model_map from the module auto_ml/utils.py in class FinalModelATC is extracted from method __init__ from the module auto_ml/utils.py in class FinalModelATC ,152c14419698efd306eac7707493a15ff4ec4a69,,,,,,
Add Parameter,train,train,auto_ml/predictor.py/Predictor,,,,['The parameters [ grid_search_params ] are added to the method train from the module auto_ml/predictor.py in class Predictor'],1870e5c47df399e4dc9fb53f89f2e0a8c6e94c3e,524.0,524.0,,,,
Add Parameter,_construct_pipeline,_construct_pipeline,auto_ml/predictor.py/Predictor,,,,['The parameters [ perform_feature_selection ] are added to the method _construct_pipeline from the module auto_ml/predictor.py in class Predictor'],1c4b67ae8a0a62294a3e5f670ca6a99db76407d0,27.0,27.0,,,,
Add Parameter,_construct_pipeline_search_params,_construct_pipeline_search_params,auto_ml/predictor.py/Predictor,,,,['The parameters [ perform_feature_selection ] are added to the method _construct_pipeline_search_params from the module auto_ml/predictor.py in class Predictor'],1c4b67ae8a0a62294a3e5f670ca6a99db76407d0,48.0,51.0,,,,
Add Parameter,ml_for_analytics,ml_for_analytics,auto_ml/predictor.py/Predictor,,,,['The parameters [ perform_feature_selection ] are added to the method ml_for_analytics from the module auto_ml/predictor.py in class Predictor'],1c4b67ae8a0a62294a3e5f670ca6a99db76407d0,140.0,146.0,,,,
Remove Parameter,__init__,__init__,auto_ml/DataFrameVectorizer.py/DataFrameVectorizer,,,,['The parameters [ sort ] of the method __init__ from the module auto_ml/DataFrameVectorizer.py in class DataFrameVectorizer is/are removed'],1db3cf9309b67d98f3575a43f35563b6839045a1,24.0,24.0,,,,
Add Parameter,make_deep_learning_classifier,make_deep_learning_classifier,auto_ml/utils.py,,,,['The parameters [ activation ] are added to the method make_deep_learning_classifier from the module auto_ml/utils.py'],21f3415eebaa899f7da312934f4c26e69b096485,70.0,72.0,,,,
Change/Rename Parameter,perform_grid_search_by_model_names,perform_grid_search_by_model_names,auto_ml/predictor.py/Predictor,,,,['The parameters [ X ] of the method perform_grid_search_by_model_names from the module auto_ml/predictor.py in class Predictor are changed/renamed to [X_df]'],25f7abcfe694793a6089383b520bb0f2327546ed,526.0,524.0,,,,
Add Parameter,train,train,auto_ml/predictor.py/Predictor,,,,['The parameters [ ensembler ] are added to the method train from the module auto_ml/predictor.py in class Predictor'],2639d96db0e2811bc7744d4d771b1b93bb6169f8,429.0,449.0,,,,
Add Parameter,train,train,auto_ml/predictor.py/Predictor,,,,['The parameters [ num_weak_estimators ] are added to the method train from the module auto_ml/predictor.py in class Predictor'],2644d33016439805b3740c2117cbab6607264ab0,235.0,262.0,,,,
Extract Method,train,_train_subpredictor,auto_ml/predictor.py/Predictor,"(235,262)",235.0,"[277.0, 279.0, 281.0, 283.0, 285.0, 288.0, 298.0]", The method _train_subpredictor from the module auto_ml/predictor.py in class Predictor is extracted from method train from the module auto_ml/predictor.py in class Predictor ,2644d33016439805b3740c2117cbab6607264ab0,,,,,,
Add Parameter,_construct_pipeline,_construct_pipeline,auto_ml/predictor.py/Predictor,,,,['The parameters [ feature_learning final_model_step_name ] are added to the method _construct_pipeline from the module auto_ml/predictor.py in class Predictor'],268262ba427759486e478ba4a5ae1009e71a87e3,105.0,113.0,,,,
Add Parameter,fit_grid_search,fit_grid_search,auto_ml/predictor.py/Predictor,,,,['The parameters [ feature_learning ] are added to the method fit_grid_search from the module auto_ml/predictor.py in class Predictor'],268262ba427759486e478ba4a5ae1009e71a87e3,478.0,571.0,,,,
Add Parameter,fit_single_pipeline,fit_single_pipeline,auto_ml/predictor.py/Predictor,,,,['The parameters [ feature_learning ] are added to the method fit_single_pipeline from the module auto_ml/predictor.py in class Predictor'],268262ba427759486e478ba4a5ae1009e71a87e3,430.0,523.0,,,,
Add Parameter,set_params_and_defaults,set_params_and_defaults,auto_ml/predictor.py/Predictor,,,,['The parameters [ feature_learning fl_data ] are added to the method set_params_and_defaults from the module auto_ml/predictor.py in class Predictor'],268262ba427759486e478ba4a5ae1009e71a87e3,281.0,298.0,,,,
Add Parameter,__init__,__init__,auto_ml/utils_model_training.py/FinalModelATC,,,,['The parameters [ feature_learning ] are added to the method __init__ from the module auto_ml/utils_model_training.py in class FinalModelATC'],268262ba427759486e478ba4a5ae1009e71a87e3,30.0,30.0,,,,
Add Parameter,make_deep_learning_classifier,make_deep_learning_classifier,auto_ml/utils_models.py,,,,['The parameters [ feature_learning ] are added to the method make_deep_learning_classifier from the module auto_ml/utils_models.py'],268262ba427759486e478ba4a5ae1009e71a87e3,511.0,522.0,,,,
Add Parameter,make_deep_learning_model,make_deep_learning_model,auto_ml/utils_models.py,,,,['The parameters [ feature_learning ] are added to the method make_deep_learning_model from the module auto_ml/utils_models.py'],268262ba427759486e478ba4a5ae1009e71a87e3,486.0,486.0,,,,
Add Parameter,__init__,__init__,auto_ml/utils_model_training.py/FinalModelATC,,,,['The parameters [ interval_predictors ] are added to the method __init__ from the module auto_ml/utils_model_training.py in class FinalModelATC'],27d9967a03ca0ddec011b153d456fc9894faa156,35.0,35.0,,,,
Add Parameter,train,train,auto_ml/predictor.py/Predictor,,,,['The parameters [ verify_features ] are added to the method train from the module auto_ml/predictor.py in class Predictor'],2a23f676ce437e5c609df571f19dab0e3c9c12a7,521.0,521.0,,,,
Add Parameter,train,train,auto_ml/predictor.py/Predictor,,,,['The parameters [ add_cluster_prediction ] are added to the method train from the module auto_ml/predictor.py in class Predictor'],2a901c961b51294530628eabca4820384684a59a,173.0,174.0,,,,
Extract Method,_get_xgb_feat_importances,_get_trained_feature_names,auto_ml/predictor.py/Predictor,"(299,301)",362.0,"[310.0, 312.0, 313.0, 314.0, 317.0]", The method _get_trained_feature_names from the module auto_ml/predictor.py in class Predictor is extracted from method _get_xgb_feat_importances from the module auto_ml/predictor.py in class Predictor ,2a901c961b51294530628eabca4820384684a59a,,,,,,
Remove Parameter,_construct_pipeline,_construct_pipeline,auto_ml/predictor.py/Predictor,,,,['The parameters [ perform_feature_scaling ] of the method _construct_pipeline from the module auto_ml/predictor.py in class Predictor is/are removed'],2ac428f5c7e43d4587269e98be289c9238b73344,110.0,110.0,,,,
Add Parameter,train,train,auto_ml/predictor.py/Predictor,,,,['The parameters [ perform_feature_scaling ] are added to the method train from the module auto_ml/predictor.py in class Predictor'],2ac428f5c7e43d4587269e98be289c9238b73344,439.0,439.0,,,,
Add Parameter,__init__,__init__,auto_ml/utils_model_training.py/FinalModelATC,,,,['The parameters [ training_features column_descriptions ] are added to the method __init__ from the module auto_ml/utils_model_training.py in class FinalModelATC'],2c32eb5b84438f929efc9628ee192db3711724fd,23.0,25.0,,,,
Add Parameter,predict,predict,auto_ml/utils_model_training.py/FinalModelATC,,,,['The parameters [ verbose ] are added to the method predict from the module auto_ml/utils_model_training.py in class FinalModelATC'],2c32eb5b84438f929efc9628ee192db3711724fd,140.0,243.0,,,,
Add Parameter,predict_proba,predict_proba,auto_ml/utils_model_training.py/FinalModelATC,,,,['The parameters [ verbose ] are added to the method predict_proba from the module auto_ml/utils_model_training.py in class FinalModelATC'],2c32eb5b84438f929efc9628ee192db3711724fd,96.0,199.0,,,,
Add Parameter,score,score,auto_ml/utils_model_training.py/FinalModelATC,,,,['The parameters [ verbose ] are added to the method score from the module auto_ml/utils_model_training.py in class FinalModelATC'],2c32eb5b84438f929efc9628ee192db3711724fd,80.0,183.0,,,,
Rename Method,test_get_ensemble_predictions_one_at_a_time,test_get_basic_ensemble_predictions_one_at_a_time_classifier,tests/ensemble_tests.py,,,,['The method test_get_ensemble_predictions_one_at_a_time from the module tests/ensemble_tests.py is renamed to test_get_basic_ensemble_predictions_one_at_a_time_classifier'],2c358cd809a89dadba32cb41ef7319034a4a3d98,52.0,52.0,,,,
Add Parameter,make_titanic_ensemble,make_titanic_ensemble,tests/utils_testing.py,,,,['The parameters [ method ] are added to the method make_titanic_ensemble from the module tests/utils_testing.py'],2c358cd809a89dadba32cb41ef7319034a4a3d98,70.0,70.0,,,,
Remove Parameter,_prepare_for_training,_prepare_for_training,auto_ml/predictor.py/Predictor,,,,['The parameters [ write_gs_param_results_to_file ] of the method _prepare_for_training from the module auto_ml/predictor.py in class Predictor is/are removed'],2c9ac71c9ec2fde46699eccd6b534b4e5af5b18d,122.0,122.0,,,,
Add Parameter,train,train,auto_ml/predictor.py/Predictor,,,,['The parameters [ user_input_func ] are added to the method train from the module auto_ml/predictor.py in class Predictor'],2d1472d2997e559777a6056f3c126b334847683f,19.0,20.0,,,,
Add Parameter,clean_val_nan_version,clean_val_nan_version,auto_ml/utils_data_cleaning.py,,,,['The parameters [ replacement_val ] are added to the method clean_val_nan_version from the module auto_ml/utils_data_cleaning.py'],2de0ccae19007a24a86cef813ff39eb430d4a1d7,39.0,40.0,,,,
Remove Parameter,train,train,auto_ml/predictor.py/Predictor,,,,['The parameters [ add_cluster_prediction ] of the method train from the module auto_ml/predictor.py in class Predictor is/are removed'],2df49463693e48b32bfcd94f68596865aedc8ac2,314.0,290.0,,,,
Add Parameter,_train_subpredictor,_train_subpredictor,auto_ml/predictor.py/Predictor,,,,['The parameters [ sub_ml_analytics sub_compute_power ] are added to the method _train_subpredictor from the module auto_ml/predictor.py in class Predictor'],2f55482888a071d817ba3b9fa8fe78281fa08682,235.0,235.0,,,,
Add Parameter,train,train,auto_ml/predictor.py/Predictor,,,,['The parameters [ _scorer scoring ] are added to the method train from the module auto_ml/predictor.py in class Predictor'],2fd6de537b1ce4278a7a50a5fb24983bd42948ad,515.0,519.0,,,,
Add Parameter,train_ensemble,train_ensemble,auto_ml/predictor.py/Predictor,,,,['The parameters [ scoring ] are added to the method train_ensemble from the module auto_ml/predictor.py in class Predictor'],2fd6de537b1ce4278a7a50a5fb24983bd42948ad,340.0,340.0,,,,
Add Parameter,train,train,auto_ml/predictor.py/Predictor,,,,['The parameters [ print_analytics_output ] are added to the method train from the module auto_ml/predictor.py in class Predictor'],3080bf16d80ea0f4c22b4a92c0270c5588a50a3a,39.0,39.0,,,,
Add Parameter,fit_single_pipeline,fit_single_pipeline,auto_ml/predictor.py/Predictor,,,,['The parameters [ X_df y ] are added to the method fit_single_pipeline from the module auto_ml/predictor.py in class Predictor'],329bc0b873f42597bd655b817d65af426930d6da,477.0,546.0,,,,
Add Parameter,fit_transformation_pipeline,fit_transformation_pipeline,auto_ml/predictor.py/Predictor,,,,['The parameters [ model_name ] are added to the method fit_transformation_pipeline from the module auto_ml/predictor.py in class Predictor'],329bc0b873f42597bd655b817d65af426930d6da,500.0,574.0,,,,
Add Parameter,train,train,auto_ml/predictor.py/Predictor,,,,['The parameters [ cv ] are added to the method train from the module auto_ml/predictor.py in class Predictor'],329bc0b873f42597bd655b817d65af426930d6da,322.0,321.0,,,,
Extract Method,train,_prepare_for_verify_features,auto_ml/predictor.py/Predictor,"(322,321)",488.0,"[422.0, 423.0, 425.0]", The method _prepare_for_verify_features from the module auto_ml/predictor.py in class Predictor is extracted from method train from the module auto_ml/predictor.py in class Predictor ,329bc0b873f42597bd655b817d65af426930d6da,,,,,,
Extract Method,train,_calibrate_final_model,auto_ml/predictor.py/Predictor,"(322,321)",497.0,"[431.0, 432.0, 433.0, 437.0, 438.0, 440.0, 442.0, 455.0, 457.0, 458.0]", The method _calibrate_final_model from the module auto_ml/predictor.py in class Predictor is extracted from method train from the module auto_ml/predictor.py in class Predictor ,329bc0b873f42597bd655b817d65af426930d6da,,,,,,
Remove Parameter,perform_grid_search_by_model_names,perform_grid_search_by_model_names,auto_ml/predictor.py/Predictor,,,,['The parameters [ ppl ] of the method perform_grid_search_by_model_names from the module auto_ml/predictor.py in class Predictor is/are removed'],32a0c843906c8d32b1e5e2c88b54fb48ec0927df,407.0,413.0,,,,
Add Parameter,__init__,__init__,auto_ml/utils.py/FinalModelATC,,,,['The parameters [ model ] are added to the method __init__ from the module auto_ml/utils.py in class FinalModelATC'],32a0c843906c8d32b1e5e2c88b54fb48ec0927df,207.0,367.0,,,,
Extract Method,get_summary_stats,process_one_row,auto_ml/utils_ensemble.py/Ensemble,"(80,86)",116.0,"[92.0, 94.0, 97.0, 98.0, 99.0, 101.0, 102.0, 104.0, 105.0]", The method process_one_row from the module auto_ml/utils_ensemble.py in class Ensemble is extracted from method get_summary_stats from the module auto_ml/utils_ensemble.py in class Ensemble ,343a835a26b6fbf1b7bd62965b74ed2d688319a5,,,,,,
Add Parameter,__init__,__init__,auto_ml/utils_ensemble.py/AddEnsembledPredictions,,,,['The parameters [ include_original_X ] are added to the method __init__ from the module auto_ml/utils_ensemble.py in class AddEnsembledPredictions'],343a835a26b6fbf1b7bd62965b74ed2d688319a5,235.0,257.0,,,,
Remove Parameter,_train_subpredictor,_train_subpredictor,auto_ml/predictor.py/Predictor,,,,['The parameters [ type_of_estimator ] of the method _train_subpredictor from the module auto_ml/predictor.py in class Predictor is/are removed'],35f80d761386ceba7578872448df81f8a709f036,235.0,235.0,,,,
Add Parameter,__init__,__init__,auto_ml/utils_categorical_ensembling.py/CategoricalEnsembler,,,,['The parameters [ default_category ] are added to the method __init__ from the module auto_ml/utils_categorical_ensembling.py in class CategoricalEnsembler'],3ce26ba60c6568a05f92283c2d8241fc1e09f2db,5.0,5.0,,,,
Rename Method,test_optimize_final_model_classification,test_calibrate_final_model_classification,tests/calibrate_classifier_tests.py,,,,['The method test_optimize_final_model_classification from the module tests/calibrate_classifier_tests.py is renamed to test_calibrate_final_model_classification'],40c92bd4f37254a4c8ab4bff21e21b6a0014602a,14.0,14.0,,,,
Add Parameter,train_ensemble,train_ensemble,auto_ml/predictor.py/Predictor,,,,['The parameters [ verbose ] are added to the method train_ensemble from the module auto_ml/predictor.py in class Predictor'],41897ebf1142a48e3f7bdb93e08736ff268a6032,325.0,325.0,,,,
Add Parameter,__init__,__init__,auto_ml/utils.py/FinalModelATC,,,,['The parameters [ name ] are added to the method __init__ from the module auto_ml/utils.py in class FinalModelATC'],41897ebf1142a48e3f7bdb93e08736ff268a6032,533.0,533.0,,,,
Add Parameter,rmse_scoring,rmse_scoring,auto_ml/utils.py,,,,['The parameters [ took_log_of_y ] are added to the method rmse_scoring from the module auto_ml/utils.py'],421fb783fad2bd37ea7d5db06f023b59e6f94d8f,386.0,386.0,,,,
Add Parameter,__init__,__init__,auto_ml/utils.py/FinalModelATC,,,,['The parameters [ output_column ] are added to the method __init__ from the module auto_ml/utils.py in class FinalModelATC'],42f416e4b13d218e728c630a2beb3bde72c6a22d,370.0,370.0,,,,
Add Parameter,__init__,__init__,auto_ml/utils.py/ExtendedPipeline,,,,['The parameters [ keep_cat_features ] are added to the method __init__ from the module auto_ml/utils.py in class ExtendedPipeline'],4497fbc48bfa54993b1ecf62a81185adb026c70a,171.0,171.0,,,,
Rename Method,test_perform_feature_scaling,test_perform_feature_scaling_false,tests/api_coverage_tests.py,,,,['The method test_perform_feature_scaling from the module tests/api_coverage_tests.py is renamed to test_perform_feature_scaling_false'],4501f5d1c0e02a286fe3c14906dbb5721d0e943a,58.0,98.0,,,,
Rename Method,test_perform_feature_selection,test_perform_feature_selection_false,tests/api_coverage_tests.py,,,,['The method test_perform_feature_selection from the module tests/api_coverage_tests.py is renamed to test_perform_feature_selection_false'],4501f5d1c0e02a286fe3c14906dbb5721d0e943a,37.0,57.0,,,,
Add Parameter,__init__,__init__,auto_ml/utils.py/CustomSparseScaler,,,,['The parameters [ perform_feature_scaling ] are added to the method __init__ from the module auto_ml/utils.py in class CustomSparseScaler'],4590dd1082ae9d1f21273de755a5592f16c35a8d,637.0,638.0,,,,
Add Parameter,brier_score_loss_wrapper,brier_score_loss_wrapper,auto_ml/utils.py,,,,['The parameters [ advanced_scoring ] are added to the method brier_score_loss_wrapper from the module auto_ml/utils.py'],45b54a8ddcd51c3b37b83af41caa187424990f63,626.0,656.0,,,,
Add Parameter,_join_and_print_analytics_results,_join_and_print_analytics_results,auto_ml/predictor.py/Predictor,,,,['The parameters [ sort_field ] are added to the method _join_and_print_analytics_results from the module auto_ml/predictor.py in class Predictor'],462d31c615671a48dcac9d77e6de1bc360b31fee,1249.0,1284.0,,,,
Remove Parameter,_print_ml_analytics_results_linear_model,_print_ml_analytics_results_linear_model,auto_ml/predictor.py/Predictor,,,,['The parameters [ feature_responses ] of the method _print_ml_analytics_results_linear_model from the module auto_ml/predictor.py in class Predictor is/are removed'],462d31c615671a48dcac9d77e6de1bc360b31fee,1334.0,1362.0,,,,
Remove Parameter,_print_ml_analytics_results_random_forest,_print_ml_analytics_results_random_forest,auto_ml/predictor.py/Predictor,,,,['The parameters [ feature_responses ] of the method _print_ml_analytics_results_random_forest from the module auto_ml/predictor.py in class Predictor is/are removed'],462d31c615671a48dcac9d77e6de1bc360b31fee,1298.0,1326.0,,,,
Add Parameter,create_feature_responses,create_feature_responses,auto_ml/predictor.py/Predictor,,,,['The parameters [ top_features ] are added to the method create_feature_responses from the module auto_ml/predictor.py in class Predictor'],462d31c615671a48dcac9d77e6de1bc360b31fee,760.0,760.0,,,,
Add Parameter,fit_grid_search,fit_grid_search,auto_ml/predictor.py/Predictor,,,,['The parameters [ refit ] are added to the method fit_grid_search from the module auto_ml/predictor.py in class Predictor'],47d8a4d07f00aad551ade352afd5605a9467dc0e,952.0,952.0,,,,
Add Parameter,_construct_pipeline_search_params,_construct_pipeline_search_params,auto_ml/predictor.py/Predictor,,,,['The parameters [ user_defined_model_names ] are added to the method _construct_pipeline_search_params from the module auto_ml/predictor.py in class Predictor'],49780330820fbabf9fab4ab2957827ebe02f14f6,73.0,73.0,,,,
Add Parameter,train,train,auto_ml/predictor.py/Predictor,,,,['The parameters [ model_names ] are added to the method train from the module auto_ml/predictor.py in class Predictor'],49780330820fbabf9fab4ab2957827ebe02f14f6,161.0,168.0,,,,
Add Parameter,ml_for_analytics,ml_for_analytics,auto_ml/predictor.py/Predictor,,,,['The parameters [ X_test y_test ] are added to the method ml_for_analytics from the module auto_ml/predictor.py in class Predictor'],4e4bedda6c251c90d5e5d73e198cf3e1849eaeb0,193.0,193.0,,,,
Rename Method,get_grid_search_params,get_search_params,auto_ml/utils.py/FinalModelATC,,,,['The method get_grid_search_params from the module auto_ml/utils.py in class FinalModelATC is renamed to get_search_params'],4e4d27597ab34412832700ba1098199eb54a8f7e,59.0,59.0,,,,
Add Parameter,set_params_and_defaults,set_params_and_defaults,auto_ml/predictor.py/Predictor,,,,['The parameters [ X_df ] are added to the method set_params_and_defaults from the module auto_ml/predictor.py in class Predictor'],4f6f68adeeabddf44204b69fd33bac7a96698dda,297.0,297.0,,,,
Add Parameter,set_params_and_defaults,set_params_and_defaults,auto_ml/predictor.py/Predictor,,,,['The parameters [ calibrate_uncertainty uncertainty_calibration_settings uncertainty_calibration_data ] are added to the method set_params_and_defaults from the module auto_ml/predictor.py in class Predictor'],5406774989ecbc6ccb528ac1b1db25575448bda0,296.0,296.0,,,,
Add Parameter,train,train,auto_ml/predictor.py/Predictor,,,,['The parameters [ calibrate_uncertainty uncertainty_calibration_settings uncertainty_calibration_data ] are added to the method train from the module auto_ml/predictor.py in class Predictor'],5406774989ecbc6ccb528ac1b1db25575448bda0,482.0,495.0,,,,
Add Parameter,__init__,__init__,auto_ml/utils_model_training.py/FinalModelATC,,,,['The parameters [ uc_results ] are added to the method __init__ from the module auto_ml/utils_model_training.py in class FinalModelATC'],5406774989ecbc6ccb528ac1b1db25575448bda0,32.0,32.0,,,,
Remove Parameter,predict,predict,auto_ml/utils_model_training.py/FinalModelATC,,,,['The parameters [ predict_uncertainty ] of the method predict from the module auto_ml/utils_model_training.py in class FinalModelATC is/are removed'],5406774989ecbc6ccb528ac1b1db25575448bda0,304.0,305.0,,,,
Add Parameter,make_deep_learning_classifier,make_deep_learning_classifier,auto_ml/utils.py,,,,['The parameters [ final_activation ] are added to the method make_deep_learning_classifier from the module auto_ml/utils.py'],5afee8c5203107d1736e304f01aa48411a0015e9,72.0,72.0,,,,
Add Parameter,__init__,__init__,auto_ml/utils.py/FinalModelATC,,,,['The parameters [ ml_for_analytics ] are added to the method __init__ from the module auto_ml/utils.py in class FinalModelATC'],5b52e8b37892e4bf1e227a142c17d2738188d409,70.0,70.0,,,,
Remove Parameter,_construct_pipeline,_construct_pipeline,auto_ml/predictor.py/Predictor,,,,['The parameters [ user_input_func perform_feature_selection ml_for_analytics ] of the method _construct_pipeline from the module auto_ml/predictor.py in class Predictor is/are removed'],5d568975e9ea60667cf201eda064a2a1c698e0cb,77.0,77.0,,,,
Add Parameter,train,train,auto_ml/predictor.py/Predictor,,,,['The parameters [ calibrate_final_model ] are added to the method train from the module auto_ml/predictor.py in class Predictor'],5e37e1673d910649fe953dd8afc9c89646278b98,496.0,497.0,,,,
Add Parameter,set_params_and_defaults,set_params_and_defaults,auto_ml/predictor.py/Predictor,,,,['The parameters [ predict_uncertainty ] are added to the method set_params_and_defaults from the module auto_ml/predictor.py in class Predictor'],5f3b8875a92770e67d23e80ef203e01f641e694b,296.0,296.0,,,,
Add Parameter,train,train,auto_ml/predictor.py/Predictor,,,,['The parameters [ predict_uncertainty ] are added to the method train from the module auto_ml/predictor.py in class Predictor'],5f3b8875a92770e67d23e80ef203e01f641e694b,453.0,454.0,,,,
Add Parameter,__init__,__init__,auto_ml/utils_model_training.py/FinalModelATC,,,,['The parameters [ uncertainty_model ] are added to the method __init__ from the module auto_ml/utils_model_training.py in class FinalModelATC'],5f3b8875a92770e67d23e80ef203e01f641e694b,31.0,31.0,,,,
Move Method,make_deep_learning_model,make_deep_learning_model,,,,, method make_deep_learning_model from the module auto_ml/utils.py was moved to module auto_ml/utils_models.py ,5f7ee4d7df983a937ee54a0ae8a9999fc219b987,,,auto_ml/utils.py,auto_ml/utils_models.py,55.0,383.0
Move Method,make_deep_learning_classifier,make_deep_learning_classifier,,,,, method make_deep_learning_classifier from the module auto_ml/utils.py was moved to module auto_ml/utils_models.py ,5f7ee4d7df983a937ee54a0ae8a9999fc219b987,,,auto_ml/utils.py,auto_ml/utils_models.py,78.0,406.0
Remove Parameter,__init__,__init__,auto_ml/utils.py/FinalModelATC,,,,['The parameters [ model_map ] of the method __init__ from the module auto_ml/utils.py in class FinalModelATC is/are removed'],61a3a1a621e7333419f8a7de84e84265754f62b4,136.0,155.0,,,,
Add Parameter,set_params_and_defaults,set_params_and_defaults,auto_ml/predictor.py/Predictor,,,,['The parameters [ skip_feature_responses ] are added to the method set_params_and_defaults from the module auto_ml/predictor.py in class Predictor'],623780bc0cca64330f26a29b02a6705f688c7d9b,330.0,309.0,,,,
Add Parameter,train,train,auto_ml/predictor.py/Predictor,,,,['The parameters [ skip_feature_responses ] are added to the method train from the module auto_ml/predictor.py in class Predictor'],623780bc0cca64330f26a29b02a6705f688c7d9b,606.0,589.0,,,,
Change/Rename Parameter,make_deep_learning_model,make_deep_learning_model,auto_ml/utils.py,,,,['The parameters [ num_cols ] of the method make_deep_learning_model from the module auto_ml/utils.py are changed/renamed to [hidden_layers]'],62649781a1c2aca891d79c3c97b83314c4c0694d,49.0,49.0,,,,
Move Method,transform_only,transform_only,,,,, method transform_only from the module auto_ml/utils.py in class ExtendedKerasRegressor was moved to class ExtendedPipeline of module auto_ml/utils.py ,63160e82a9657e2b24d02ef19e75f1943f87866c,,,auto_ml/utils.py/ExtendedKerasRegressor,auto_ml/utils.py/ExtendedPipeline,187.0,169.0
Move Method,predict_intervals,predict_intervals,,,,, method predict_intervals from the module auto_ml/utils.py in class ExtendedKerasRegressor was moved to class ExtendedPipeline of module auto_ml/utils.py ,63160e82a9657e2b24d02ef19e75f1943f87866c,,,auto_ml/utils.py/ExtendedKerasRegressor,auto_ml/utils.py/ExtendedPipeline,196.0,178.0
Rename Method,test_optimize_final_model,test_optimize_final_model_classification,tests/api_coverage_tests.py,,,,['The method test_optimize_final_model from the module tests/api_coverage_tests.py is renamed to test_optimize_final_model_classification'],63fc9f1becec499f58bf4313f6a18007f4211551,16.0,16.0,,,,
Add Parameter,make_deep_learning_classifier,make_deep_learning_classifier,auto_ml/utils_models.py,,,,['The parameters [ kernel_initializer ] are added to the method make_deep_learning_classifier from the module auto_ml/utils_models.py'],6598ee6ab456bf35b5b6dc5abfa1527eb2e1cfb8,619.0,627.0,,,,
Rename Method,test_verify_features_find_missing_prediction_features,test_verify_features_finds_no_missing_features_when_none_are_missing,tests/user_logging_tests.py,,,,['The method test_verify_features_find_missing_prediction_features from the module tests/user_logging_tests.py is renamed to test_verify_features_finds_no_missing_features_when_none_are_missing'],6813a01614d64bd8a24f44a58793c5997cc01d26,144.0,144.0,,,,
Add Parameter,set_params_and_defaults,set_params_and_defaults,auto_ml/predictor.py/Predictor,,,,['The parameters [ prediction_interval_params ] are added to the method set_params_and_defaults from the module auto_ml/predictor.py in class Predictor'],6e32bf38e0230e383c6f5a092d1ac3a7913fe093,311.0,314.0,,,,
Add Parameter,train,train,auto_ml/predictor.py/Predictor,,,,['The parameters [ prediction_interval_params ] are added to the method train from the module auto_ml/predictor.py in class Predictor'],6e32bf38e0230e383c6f5a092d1ac3a7913fe093,598.0,605.0,,,,
Add Parameter,__init__,__init__,auto_ml/utils.py/BasicDataCleaning,,,,['The parameters [ column_descriptions ] are added to the method __init__ from the module auto_ml/utils.py in class BasicDataCleaning'],6fb774b2bb899aa5da29ed11f998a88b93500bad,25.0,25.0,,,,
Add Parameter,_construct_pipeline,_construct_pipeline,auto_ml/predictor.py/Predictor,,,,['The parameters [ impute_missing_values ] are added to the method _construct_pipeline from the module auto_ml/predictor.py in class Predictor'],7170c6703c0780a76d3379a3ad1c2379358182ad,31.0,31.0,,,,
Add Parameter,__init__,__init__,auto_ml/utils.py/FinalModelATC,,,,['The parameters [ type_of_model ] are added to the method __init__ from the module auto_ml/utils.py in class FinalModelATC'],7170c6703c0780a76d3379a3ad1c2379358182ad,73.0,73.0,,,,
Add Parameter,set_params_and_defaults,set_params_and_defaults,auto_ml/predictor.py/Predictor,,,,['The parameters [ X_test_already_transformed ] are added to the method set_params_and_defaults from the module auto_ml/predictor.py in class Predictor'],75d84d6bf70f2d211281d0c95b1272a43aafdff5,331.0,331.0,,,,
Add Parameter,train,train,auto_ml/predictor.py/Predictor,,,,['The parameters [ X_test_already_transformed ] are added to the method train from the module auto_ml/predictor.py in class Predictor'],75d84d6bf70f2d211281d0c95b1272a43aafdff5,605.0,606.0,,,,
Add Parameter,__init__,__init__,auto_ml/utils_model_training.py/FinalModelATC,,,,['The parameters [ training_prediction_intervals min_step_improvement ] are added to the method __init__ from the module auto_ml/utils_model_training.py in class FinalModelATC'],79268135a0abcc2aeb9b8ca3f2469770dc2b3aa9,35.0,35.0,,,,
Add Parameter,clean_val_nan_version,clean_val_nan_version,auto_ml/utils_data_cleaning.py,,,,['The parameters [ key ] are added to the method clean_val_nan_version from the module auto_ml/utils_data_cleaning.py'],7f750349de04a5db8c140a2f8847b3353f9e2cb2,37.0,37.0,,,,
Add Parameter,train,train,auto_ml/predictor.py/Predictor,,,,['The parameters [ grid_search ] are added to the method train from the module auto_ml/predictor.py in class Predictor'],87778974fce86b21bc7a6418965a28a67eaac4ff,20.0,23.0,,,,
Remove Parameter,train,train,auto_ml/predictor.py/Predictor,,,,['The parameters [ ensembler _include_original_X ] of the method train from the module auto_ml/predictor.py in class Predictor is/are removed'],886dc134051ae18c5b066dcfab61aa6917b4b981,514.0,514.0,,,,
Add Parameter,set_params_and_defaults,set_params_and_defaults,auto_ml/predictor.py/Predictor,,,,['The parameters [ uncertainty_data uncertainty_delta uncertainty_delta_units ] are added to the method set_params_and_defaults from the module auto_ml/predictor.py in class Predictor'],8bec31f93cb9321bd1b3cebc903ae6b1fd9c2b29,296.0,296.0,,,,
Add Parameter,predict,predict,auto_ml/utils_model_training.py/FinalModelATC,,,,['The parameters [ predict_uncertainty ] are added to the method predict from the module auto_ml/utils_model_training.py in class FinalModelATC'],8bec31f93cb9321bd1b3cebc903ae6b1fd9c2b29,303.0,303.0,,,,
Add Parameter,_consolidate_feature_selection_steps,_consolidate_feature_selection_steps,auto_ml/predictor.py/Predictor,,,,['The parameters [ final_model ] are added to the method _consolidate_feature_selection_steps from the module auto_ml/predictor.py in class Predictor'],8d008c211fd0634a41cbcd746192f6860e525d12,322.0,327.0,,,,
Add Parameter,_construct_pipeline,_construct_pipeline,auto_ml/predictor.py/Predictor,,,,['The parameters [ final_model ] are added to the method _construct_pipeline from the module auto_ml/predictor.py in class Predictor'],8d008c211fd0634a41cbcd746192f6860e525d12,135.0,135.0,,,,
Add Parameter,advanced_scoring_classifiers,advanced_scoring_classifiers,auto_ml/utils.py,,,,['The parameters [ name ] are added to the method advanced_scoring_classifiers from the module auto_ml/utils.py'],8e9691d9ecbea3cce660338936ac16b934c008e2,641.0,641.0,,,,
Extract Method,transform,process_one_column,auto_ml/utils_data_cleaning.py/BasicDataCleaning,"(174,176)",267.0,"[210.0, 212.0, 252.0, 256.0, 260.0, 277.0, 293.0, 294.0, 295.0, 297.0, 298.0, 300.0, 301.0, 315.0, 316.0, 317.0, 318.0, 319.0]", The method process_one_column from the module auto_ml/utils_data_cleaning.py in class BasicDataCleaning is extracted from method transform from the module auto_ml/utils_data_cleaning.py in class BasicDataCleaning ,91a0c3458a3b65672cb15ed294135d30c8cf73d5,,,,,,
Add Parameter,rmse_scoring,rmse_scoring,auto_ml/utils.py,,,,['The parameters [ advanced_scoring ] are added to the method rmse_scoring from the module auto_ml/utils.py'],93938de1806c3a0a66bcfb27bee7ee130b8e5f02,630.0,630.0,,,,
Remove Parameter,__init__,__init__,auto_ml/utils.py/FinalModelATC,,,,['The parameters [ perform_grid_search_on_model ] of the method __init__ from the module auto_ml/utils.py in class FinalModelATC is/are removed'],9417835320f20d941fa5f8b42876900bf09144b5,369.0,371.0,,,,
Add Parameter,set_params_and_defaults,set_params_and_defaults,auto_ml/predictor.py/Predictor,,,,['The parameters [ trained_transformation_pipeline transformed_X transformed_y return_transformation_pipeline ] are added to the method set_params_and_defaults from the module auto_ml/predictor.py in class Predictor'],94b00aa46a5800117a453604ac358424a52ec6cf,331.0,331.0,,,,
Add Parameter,train,train,auto_ml/predictor.py/Predictor,,,,['The parameters [ trained_transformation_pipeline transformed_X transformed_y return_transformation_pipeline ] are added to the method train from the module auto_ml/predictor.py in class Predictor'],94b00aa46a5800117a453604ac358424a52ec6cf,590.0,605.0,,,,
Extract Method,_clean_data_and_prepare_for_training,set_scoring,auto_ml/predictor.py/Predictor,"(510,521)",544.0,"[529.0, 530.0, 531.0, 533.0, 534.0, 536.0, 537.0]", The method set_scoring from the module auto_ml/predictor.py in class Predictor is extracted from method _clean_data_and_prepare_for_training from the module auto_ml/predictor.py in class Predictor ,94b00aa46a5800117a453604ac358424a52ec6cf,,,,,,
Add Parameter,set_params_and_defaults,set_params_and_defaults,auto_ml/predictor.py/Predictor,,,,['The parameters [ ensemble_config ] are added to the method set_params_and_defaults from the module auto_ml/predictor.py in class Predictor'],96e4c38a9cb497644ae0e6fc2b86b0b9fd34ebb4,336.0,335.0,,,,
Add Parameter,train,train,auto_ml/predictor.py/Predictor,,,,['The parameters [ ensemble_config ] are added to the method train from the module auto_ml/predictor.py in class Predictor'],96e4c38a9cb497644ae0e6fc2b86b0b9fd34ebb4,586.0,589.0,,,,
Add Parameter,ml_for_analytics,ml_for_analytics,auto_ml/predictor.py/Predictor,,,,['The parameters [ write_gs_param_results_to_file ] are added to the method ml_for_analytics from the module auto_ml/predictor.py in class Predictor'],99ff88776d90ce2613a8629b0803890b7f37557c,127.0,131.0,,,,
Add Parameter,train,train,auto_ml/predictor.py/Predictor,,,,['The parameters [ write_gs_param_results_to_file ] are added to the method train from the module auto_ml/predictor.py in class Predictor'],99ff88776d90ce2613a8629b0803890b7f37557c,69.0,69.0,,,,
Remove Parameter,test_binary_classification_predict_on_Predictor_instance,test_binary_classification_predict_on_Predictor_instance,tests/api_coverage_tests_classifiers.py,,,,['The parameters [ model_name ] of the method test_binary_classification_predict_on_Predictor_instance from the module tests/api_coverage_tests_classifiers.py is/are removed'],9b12795f36a6fd6edec5c060347b6a1c907c0012,279.0,270.0,,,,
Remove Parameter,test_binary_classification_predict_proba_on_Predictor_instance,test_binary_classification_predict_proba_on_Predictor_instance,tests/api_coverage_tests_classifiers.py,,,,['The parameters [ model_name ] of the method test_binary_classification_predict_proba_on_Predictor_instance from the module tests/api_coverage_tests_classifiers.py is/are removed'],9b12795f36a6fd6edec5c060347b6a1c907c0012,311.0,302.0,,,,
Remove Parameter,test_compare_all_models_classification,test_compare_all_models_classification,tests/api_coverage_tests_classifiers.py,,,,['The parameters [ model_name ] of the method test_compare_all_models_classification from the module tests/api_coverage_tests_classifiers.py is/are removed'],9b12795f36a6fd6edec5c060347b6a1c907c0012,53.0,49.0,,,,
Remove Parameter,test_getting_single_predictions_nlp_date_multilabel_classification,test_getting_single_predictions_nlp_date_multilabel_classification,tests/api_coverage_tests_classifiers.py,,,,['The parameters [ model_name ] of the method test_getting_single_predictions_nlp_date_multilabel_classification from the module tests/api_coverage_tests_classifiers.py is/are removed'],9b12795f36a6fd6edec5c060347b6a1c907c0012,456.0,453.0,,,,
Remove Parameter,test_list_of_single_model_name_classification,test_list_of_single_model_name_classification,tests/api_coverage_tests_classifiers.py,,,,['The parameters [ model_name ] of the method test_list_of_single_model_name_classification from the module tests/api_coverage_tests_classifiers.py is/are removed'],9b12795f36a6fd6edec5c060347b6a1c907c0012,433.0,428.0,,,,
Remove Parameter,test_multilabel_classification_predict_on_Predictor_instance,test_multilabel_classification_predict_on_Predictor_instance,tests/api_coverage_tests_classifiers.py,,,,['The parameters [ model_name ] of the method test_multilabel_classification_predict_on_Predictor_instance from the module tests/api_coverage_tests_classifiers.py is/are removed'],9b12795f36a6fd6edec5c060347b6a1c907c0012,296.0,287.0,,,,
Remove Parameter,test_pass_in_list_of_dictionaries_predict_classification,test_pass_in_list_of_dictionaries_predict_classification,tests/api_coverage_tests_classifiers.py,,,,['The parameters [ model_name ] of the method test_pass_in_list_of_dictionaries_predict_classification from the module tests/api_coverage_tests_classifiers.py is/are removed'],9b12795f36a6fd6edec5c060347b6a1c907c0012,353.0,345.0,,,,
Remove Parameter,test_pass_in_list_of_dictionaries_train_classification,test_pass_in_list_of_dictionaries_train_classification,tests/api_coverage_tests_classifiers.py,,,,['The parameters [ model_name ] of the method test_pass_in_list_of_dictionaries_train_classification from the module tests/api_coverage_tests_classifiers.py is/are removed'],9b12795f36a6fd6edec5c060347b6a1c907c0012,328.0,319.0,,,,
Remove Parameter,test_perform_feature_scaling_false_classification,test_perform_feature_scaling_false_classification,tests/api_coverage_tests_classifiers.py,,,,['The parameters [ model_name ] of the method test_perform_feature_scaling_false_classification from the module tests/api_coverage_tests_classifiers.py is/are removed'],9b12795f36a6fd6edec5c060347b6a1c907c0012,127.0,122.0,,,,
Remove Parameter,test_perform_feature_scaling_true_classification,test_perform_feature_scaling_true_classification,tests/api_coverage_tests_classifiers.py,,,,['The parameters [ model_name ] of the method test_perform_feature_scaling_true_classification from the module tests/api_coverage_tests_classifiers.py is/are removed'],9b12795f36a6fd6edec5c060347b6a1c907c0012,101.0,99.0,,,,
Remove Parameter,test_perform_feature_selection_false_classification,test_perform_feature_selection_false_classification,tests/api_coverage_tests_classifiers.py,,,,['The parameters [ model_name ] of the method test_perform_feature_selection_false_classification from the module tests/api_coverage_tests_classifiers.py is/are removed'],9b12795f36a6fd6edec5c060347b6a1c907c0012,21.0,21.0,,,,
Remove Parameter,test_perform_feature_selection_true_classification,test_perform_feature_selection_true_classification,tests/api_coverage_tests_classifiers.py,,,,['The parameters [ model_name ] of the method test_perform_feature_selection_true_classification from the module tests/api_coverage_tests_classifiers.py is/are removed'],9b12795f36a6fd6edec5c060347b6a1c907c0012,78.0,75.0,,,,
Remove Parameter,test_user_input_func_classification,test_user_input_func_classification,tests/api_coverage_tests_classifiers.py,,,,['The parameters [ model_name ] of the method test_user_input_func_classification from the module tests/api_coverage_tests_classifiers.py is/are removed'],9b12795f36a6fd6edec5c060347b6a1c907c0012,154.0,146.0,,,,
Add Parameter,__init__,__init__,auto_ml/utils.py/FeatureSelectionTransformer,,,,['The parameters [ column_descriptions ] are added to the method __init__ from the module auto_ml/utils.py in class FeatureSelectionTransformer'],9b9e491bb00be66b732d2f44b3e4375206940e61,599.0,599.0,,,,
Remove Parameter,_construct_pipeline,_construct_pipeline,auto_ml/predictor.py/Predictor,,,,['The parameters [ optimize_final_model ] of the method _construct_pipeline from the module auto_ml/predictor.py in class Predictor is/are removed'],9debb6f1173259c52241b98bd9e7d7ae7794659a,71.0,77.0,,,,
Remove Parameter,_construct_pipeline_search_params,_construct_pipeline_search_params,auto_ml/predictor.py/Predictor,,,,['The parameters [ optimize_entire_pipeline optimize_final_model ml_for_analytics perform_feature_selection ] of the method _construct_pipeline_search_params from the module auto_ml/predictor.py in class Predictor is/are removed'],9debb6f1173259c52241b98bd9e7d7ae7794659a,104.0,110.0,,,,
Add Parameter,_construct_pipeline,_construct_pipeline,auto_ml/predictor.py/Predictor,,,,['The parameters [ is_hp_search ] are added to the method _construct_pipeline from the module auto_ml/predictor.py in class Predictor'],9e57afb50d03da50a8335627beadd3fa0538acfa,131.0,131.0,,,,
Add Parameter,__init__,__init__,auto_ml/utils_model_training.py/FinalModelATC,,,,['The parameters [ is_hp_search ] are added to the method __init__ from the module auto_ml/utils_model_training.py in class FinalModelATC'],9e57afb50d03da50a8335627beadd3fa0538acfa,35.0,35.0,,,,
Change/Rename Parameter,train,train,auto_ml/predictor.py/Predictor,,,,['The parameters [ compute_power ] of the method train from the module auto_ml/predictor.py in class Predictor are changed/renamed to [compare_all_models]'],a08405be7849be39952f9d25d1197a7560f98304,514.0,515.0,,,,
Add Parameter,set_params_and_defaults,set_params_and_defaults,auto_ml/predictor.py/Predictor,,,,['The parameters [ uncertainty_delta_direction ] are added to the method set_params_and_defaults from the module auto_ml/predictor.py in class Predictor'],a23afcd39cc364f17e1adefc1a4309e99c4a3d7d,296.0,297.0,,,,
Add Parameter,train,train,auto_ml/predictor.py/Predictor,,,,['The parameters [ uncertainty_delta_direction ] are added to the method train from the module auto_ml/predictor.py in class Predictor'],a23afcd39cc364f17e1adefc1a4309e99c4a3d7d,495.0,500.0,,,,
Add Parameter,transform_categorical_col,transform_categorical_col,auto_ml/DataFrameVectorizer.py/DataFrameVectorizer,,,,['The parameters [ self ] are added to the method transform_categorical_col from the module auto_ml/DataFrameVectorizer.py in class DataFrameVectorizer'],a6e3e380c0fe7c2ce8bea9590f3c57570e443556,273.0,303.0,,,,
Remove Parameter,_train_subpredictor,_train_subpredictor,auto_ml/predictor.py/Predictor,,,,['The parameters [ sub_idx ] of the method _train_subpredictor from the module auto_ml/predictor.py in class Predictor is/are removed'],a730cbb74ec1cc718e87ed4c57a4e0cce5b67bf0,325.0,326.0,,,,
Add Parameter,make_deep_learning_classifier,make_deep_learning_classifier,auto_ml/utils_models.py,,,,['The parameters [ activation ] are added to the method make_deep_learning_classifier from the module auto_ml/utils_models.py'],a8127b7db7cfe123a910b247aba2981844ce25e3,580.0,616.0,,,,
Add Parameter,make_deep_learning_model,make_deep_learning_model,auto_ml/utils_models.py,,,,['The parameters [ activation ] are added to the method make_deep_learning_model from the module auto_ml/utils_models.py'],a8127b7db7cfe123a910b247aba2981844ce25e3,543.0,576.0,,,,
Add Parameter,__init__,__init__,auto_ml/utils_scaling.py/CustomSparseScaler,,,,['The parameters [ min_percentile max_percentile ] are added to the method __init__ from the module auto_ml/utils_scaling.py in class CustomSparseScaler'],a8ae313920cc3a866e6347115c1dec6e09a689e1,58.0,58.0,,,,
Add Parameter,__init__,__init__,auto_ml/DataFrameVectorizer.py/DataFrameVectorizer,,,,['The parameters [ keep_cat_features ] are added to the method __init__ from the module auto_ml/DataFrameVectorizer.py in class DataFrameVectorizer'],a92f14775d388424e871bc740afa3d69994f8a04,22.0,22.0,,,,
Add Parameter,_construct_pipeline,_construct_pipeline,auto_ml/predictor.py/Predictor,,,,['The parameters [ keep_cat_features ] are added to the method _construct_pipeline from the module auto_ml/predictor.py in class Predictor'],a92f14775d388424e871bc740afa3d69994f8a04,117.0,117.0,,,,
Move Method,test_nlp_multilabel_classification,test_nlp_multilabel_classification,,,,, method test_nlp_multilabel_classification from the module tests/basic_tests.py was moved to module tests/classifiers.py ,abc1fac1d64b8a914e0297c3618b0a929cfc7a79,,,tests/basic_tests.py,tests/classifiers.py,47.0,219.0
Add Parameter,__init__,__init__,auto_ml/predictor.py/Predictor,,,,['The parameters [ name ] are added to the method __init__ from the module auto_ml/predictor.py in class Predictor'],abebd1309c356f388e9d519cd9e15731f27fbdfd,65.0,66.0,,,,
Add Parameter,score,score,auto_ml/predictor.py/Predictor,,,,['The parameters [ verbose ] are added to the method score from the module auto_ml/predictor.py in class Predictor'],abebd1309c356f388e9d519cd9e15731f27fbdfd,654.0,764.0,,,,
Remove Parameter,__init__,__init__,auto_ml/utils.py/FinalModelATC,,,,['The parameters [ X_train y_train ] of the method __init__ from the module auto_ml/utils.py in class FinalModelATC is/are removed'],abebd1309c356f388e9d519cd9e15731f27fbdfd,528.0,530.0,,,,
Add Parameter,advanced_scoring_regressors,advanced_scoring_regressors,auto_ml/utils.py,,,,['The parameters [ verbose ] are added to the method advanced_scoring_regressors from the module auto_ml/utils.py'],abebd1309c356f388e9d519cd9e15731f27fbdfd,701.0,701.0,,,,
Add Parameter,rmse_scoring,rmse_scoring,auto_ml/utils.py,,,,['The parameters [ verbose ] are added to the method rmse_scoring from the module auto_ml/utils.py'],abebd1309c356f388e9d519cd9e15731f27fbdfd,885.0,899.0,,,,
Add Parameter,_construct_pipeline,_construct_pipeline,auto_ml/predictor.py/Predictor,,,,['The parameters [ ml_for_analytics ] are added to the method _construct_pipeline from the module auto_ml/predictor.py in class Predictor'],ad6d003678baa992ceae0fdc5638b6505d1a3634,25.0,25.0,,,,
Add Parameter,_construct_pipeline,_construct_pipeline,auto_ml/predictor.py/Predictor,,,,['The parameters [ preprocessing_only ] are added to the method _construct_pipeline from the module auto_ml/predictor.py in class Predictor'],ae1fd971376c9195a0fefa8511424115c3cf3a5d,108.0,109.0,,,,
Add Parameter,predict_intervals,predict_intervals,auto_ml/utils.py/ExtendedPipeline,,,,['The parameters [ return_type ] are added to the method predict_intervals from the module auto_ml/utils.py in class ExtendedPipeline'],afa8d608b57357d14ea4df7fcffbe6a95a9224c5,177.0,177.0,,,,
Add Parameter,train_categorical_ensemble,train_categorical_ensemble,auto_ml/predictor.py/Predictor,,,,['The parameters [ min_category_size ] are added to the method train_categorical_ensemble from the module auto_ml/predictor.py in class Predictor'],b1756fd255d0f921cd30537d55d0dfb2a6c8ad32,733.0,743.0,,,,
Add Parameter,train_one_categorical_model,train_one_categorical_model,auto_ml/predictor.py/Predictor,,,,['The parameters [ relevant_X relevant_y ] are added to the method train_one_categorical_model from the module auto_ml/predictor.py in class Predictor'],b1756fd255d0f921cd30537d55d0dfb2a6c8ad32,757.0,831.0,,,,
Extract Method,train,fit_feature_learning_and_transformation_pipeline,auto_ml/predictor.py/Predictor,"(394,453)",396.0,"[406.0, 408.0, 409.0, 410.0, 422.0, 425.0, 426.0, 427.0, 428.0, 431.0, 434.0, 436.0, 437.0, 442.0, 443.0, 444.0, 446.0, 450.0]", The method fit_feature_learning_and_transformation_pipeline from the module auto_ml/predictor.py in class Predictor is extracted from method train from the module auto_ml/predictor.py in class Predictor ,b1756fd255d0f921cd30537d55d0dfb2a6c8ad32,,,,,,
Extract Method,load_ml_model,insert_deep_learning_model,auto_ml/utils_models.py,"(479,495)",483.0,"[493.0, 495.0, 496.0]", The method insert_deep_learning_model from the module auto_ml/utils_models.py is extracted from method load_ml_model from the module auto_ml/utils_models.py ,b1756fd255d0f921cd30537d55d0dfb2a6c8ad32,,,,,,
Remove Parameter,make_deep_learning_model,make_deep_learning_model,auto_ml/utils_models.py,,,,['The parameters [ shape ] of the method make_deep_learning_model from the module auto_ml/utils_models.py is/are removed'],b72a691b686ea0327939c3f756a329084c7acca8,400.0,400.0,,,,
Add Parameter,predict_intervals,predict_intervals,auto_ml/predictor.py/Predictor,,,,['The parameters [ return_type ] are added to the method predict_intervals from the module auto_ml/predictor.py in class Predictor'],bb9ad3c8d1e0f6398ac8263ce5d20f4ca7270874,1370.0,1377.0,,,,
Add Parameter,set_params_and_defaults,set_params_and_defaults,auto_ml/predictor.py/Predictor,,,,['The parameters [ predict_intervals ] are added to the method set_params_and_defaults from the module auto_ml/predictor.py in class Predictor'],bb9ad3c8d1e0f6398ac8263ce5d20f4ca7270874,313.0,313.0,,,,
Add Parameter,train,train,auto_ml/predictor.py/Predictor,,,,['The parameters [ predict_intervals ] are added to the method train from the module auto_ml/predictor.py in class Predictor'],bb9ad3c8d1e0f6398ac8263ce5d20f4ca7270874,547.0,551.0,,,,
Extract Method,train,set_params_and_defaults,auto_ml/predictor.py/Predictor,"(292,350)",279.0,"[294.0, 295.0, 296.0, 297.0, 298.0, 299.0, 300.0, 301.0, 302.0, 304.0, 306.0, 307.0, 308.0, 309.0, 310.0, 311.0, 312.0, 313.0, 314.0, 315.0, 336.0]", The method set_params_and_defaults from the module auto_ml/predictor.py in class Predictor is extracted from method train from the module auto_ml/predictor.py in class Predictor ,c106ec97d9a3c03a1d1e51ca0e39be4e10f463d0,,,,,,
Extract Method,train,_clean_data_and_prepare_for_training,auto_ml/predictor.py/Predictor,"(292,350)",311.0,"[320.0, 322.0, 323.0, 324.0, 326.0, 327.0, 340.0, 342.0, 344.0, 345.0, 346.0, 348.0, 349.0, 351.0, 352.0]", The method _clean_data_and_prepare_for_training from the module auto_ml/predictor.py in class Predictor is extracted from method train from the module auto_ml/predictor.py in class Predictor ,c106ec97d9a3c03a1d1e51ca0e39be4e10f463d0,,,,,,
Rename Method,_get_all_predictions,get_all_predictions,auto_ml/utils.py/Ensemble,,,,['The method _get_all_predictions from the module auto_ml/utils.py in class Ensemble is renamed to get_all_predictions'],c13780a39a657989f97a524aac49471373922d58,1074.0,1074.0,,,,
Add Parameter,train_ensemble,train_ensemble,auto_ml/predictor.py/Predictor,,,,['The parameters [ data_for_final_ensembling ] are added to the method train_ensemble from the module auto_ml/predictor.py in class Predictor'],c30484cbb74d5a4eacdff33d4388b540a37b5313,317.0,314.0,,,,
Extract Method,predict,_get_all_predictions,auto_ml/utils.py/Ensemble,"(1070,1120)",1074.0,"[1072.0, 1073.0, 1075.0, 1076.0, 1079.0, 1082.0, 1084.0, 1088.0, 1091.0, 1092.0, 1096.0, 1097.0, 1100.0, 1101.0, 1104.0, 1105.0, 1106.0, 1108.0]", The method _get_all_predictions from the module auto_ml/utils.py in class Ensemble is extracted from method predict from the module auto_ml/utils.py in class Ensemble ,c30484cbb74d5a4eacdff33d4388b540a37b5313,,,,,,
Change/Rename Parameter,__init__,__init__,auto_ml/utils.py/FinalModelATC,,,,['The parameters [ type_of_model ] of the method __init__ from the module auto_ml/utils.py in class FinalModelATC are changed/renamed to [type_of_estimator]'],c63f7f4ca2667429c184ab4e87b1c0a31050f4d6,84.0,84.0,,,,
Change/Rename Parameter,__init__,__init__,auto_ml/utils.py/FeatureSelectionTransformer,,,,['The parameters [ type_of_model ] of the method __init__ from the module auto_ml/utils.py in class FeatureSelectionTransformer are changed/renamed to [type_of_estimator]'],c63f7f4ca2667429c184ab4e87b1c0a31050f4d6,333.0,333.0,,,,
Add Parameter,ml_for_analytics,ml_for_analytics,auto_ml/predictor.py/Predictor,,,,['The parameters [ print_training_summary ] are added to the method ml_for_analytics from the module auto_ml/predictor.py in class Predictor'],c8e711f16a1e00929ac8585ceb5af7384096cbb9,193.0,193.0,,,,
Remove Parameter,_construct_pipeline,_construct_pipeline,auto_ml/predictor.py/Predictor,,,,['The parameters [ impute_missing_values ] of the method _construct_pipeline from the module auto_ml/predictor.py in class Predictor is/are removed'],c992801a09c87dd528a7316caad56bf64c007f39,117.0,117.0,,,,
Remove Parameter,train,train,auto_ml/predictor.py/Predictor,,,,['The parameters [ print_training_summary_to_viewer only_analytics ] of the method train from the module auto_ml/predictor.py in class Predictor is/are removed'],c992801a09c87dd528a7316caad56bf64c007f39,301.0,306.0,,,,
Change/Rename Parameter,set_params_and_defaults,set_params_and_defaults,auto_ml/predictor.py/Predictor,,,,['The parameters [ predict_uncertainty ] of the method set_params_and_defaults from the module auto_ml/predictor.py in class Predictor are changed/renamed to [train_uncertainty_model]'],c9e632fd23624df4e973a27052b9baa7d1bd7868,296.0,296.0,,,,
Change/Rename Parameter,train,train,auto_ml/predictor.py/Predictor,,,,['The parameters [ predict_uncertainty ] of the method train from the module auto_ml/predictor.py in class Predictor are changed/renamed to [train_uncertainty_model]'],c9e632fd23624df4e973a27052b9baa7d1bd7868,454.0,455.0,,,,
Add Parameter,set_params_and_defaults,set_params_and_defaults,auto_ml/predictor.py/Predictor,,,,['The parameters [ advanced_analytics analytics_config ] are added to the method set_params_and_defaults from the module auto_ml/predictor.py in class Predictor'],cbd5c5791698ab62d344b9e47c677612b841ab94,297.0,297.0,,,,
Add Parameter,train,train,auto_ml/predictor.py/Predictor,,,,['The parameters [ advanced_analytics analytics_config ] are added to the method train from the module auto_ml/predictor.py in class Predictor'],cbd5c5791698ab62d344b9e47c677612b841ab94,454.0,470.0,,,,
Add Parameter,_print_ml_analytics_results_linear_model,_print_ml_analytics_results_linear_model,auto_ml/predictor.py/Predictor,,,,['The parameters [ trained_model_for_analytics ] are added to the method _print_ml_analytics_results_linear_model from the module auto_ml/predictor.py in class Predictor'],ccbebc02ecfb3571469ec0d353cdfc7862b10805,1072.0,1074.0,,,,
Add Parameter,_print_ml_analytics_results_random_forest,_print_ml_analytics_results_random_forest,auto_ml/predictor.py/Predictor,,,,['The parameters [ trained_model_for_analytics ] are added to the method _print_ml_analytics_results_random_forest from the module auto_ml/predictor.py in class Predictor'],ccbebc02ecfb3571469ec0d353cdfc7862b10805,1028.0,1030.0,,,,
Add Parameter,print_results,print_results,auto_ml/predictor.py/Predictor,,,,['The parameters [ model ] are added to the method print_results from the module auto_ml/predictor.py in class Predictor'],ccbebc02ecfb3571469ec0d353cdfc7862b10805,676.0,678.0,,,,
Add Parameter,_construct_pipeline,_construct_pipeline,auto_ml/predictor.py/Predictor,,,,['The parameters [ prediction_intervals ] are added to the method _construct_pipeline from the module auto_ml/predictor.py in class Predictor'],cd80090c8398dd12aa75945d8622762fddf8bc02,117.0,117.0,,,,
Add Parameter,fit_single_pipeline,fit_single_pipeline,auto_ml/predictor.py/Predictor,,,,['The parameters [ prediction_intervals ] are added to the method fit_single_pipeline from the module auto_ml/predictor.py in class Predictor'],cd80090c8398dd12aa75945d8622762fddf8bc02,704.0,714.0,,,,
Add Parameter,set_params_and_defaults,set_params_and_defaults,auto_ml/predictor.py/Predictor,,,,['The parameters [ prediction_intervals ] are added to the method set_params_and_defaults from the module auto_ml/predictor.py in class Predictor'],cd80090c8398dd12aa75945d8622762fddf8bc02,299.0,302.0,,,,
Add Parameter,train,train,auto_ml/predictor.py/Predictor,,,,['The parameters [ prediction_intervals ] are added to the method train from the module auto_ml/predictor.py in class Predictor'],cd80090c8398dd12aa75945d8622762fddf8bc02,525.0,532.0,,,,
Add Parameter,train_ml_estimator,train_ml_estimator,auto_ml/predictor.py/Predictor,,,,['The parameters [ prediction_intervals ] are added to the method train_ml_estimator from the module auto_ml/predictor.py in class Predictor'],cd80090c8398dd12aa75945d8622762fddf8bc02,918.0,928.0,,,,
Add Parameter,test_include_bad_y_vals_predict_classification,test_include_bad_y_vals_predict_classification,tests/api_coverage_tests_classifiers.py,,,,['The parameters [ model_name ] are added to the method test_include_bad_y_vals_predict_classification from the module tests/api_coverage_tests_classifiers.py'],d2d51d658b9f9f66bbaacfc3305f62ea3ef115f0,233.0,143.0,,,,
Add Parameter,test_include_bad_y_vals_train_classification,test_include_bad_y_vals_train_classification,tests/api_coverage_tests_classifiers.py,,,,['The parameters [ model_name ] are added to the method test_include_bad_y_vals_train_classification from the module tests/api_coverage_tests_classifiers.py'],d2d51d658b9f9f66bbaacfc3305f62ea3ef115f0,205.0,115.0,,,,
Add Parameter,test_optimize_final_model_classification,test_optimize_final_model_classification,tests/api_coverage_tests_classifiers.py,,,,['The parameters [ model_name ] are added to the method test_optimize_final_model_classification from the module tests/api_coverage_tests_classifiers.py'],d2d51d658b9f9f66bbaacfc3305f62ea3ef115f0,18.0,18.0,,,,
Add Parameter,test_pass_in_list_of_dictionaries_predict_classification,test_pass_in_list_of_dictionaries_predict_classification,tests/api_coverage_tests_classifiers.py,,,,['The parameters [ model_name ] are added to the method test_pass_in_list_of_dictionaries_predict_classification from the module tests/api_coverage_tests_classifiers.py'],d2d51d658b9f9f66bbaacfc3305f62ea3ef115f0,180.0,90.0,,,,
Add Parameter,test_pass_in_list_of_dictionaries_train_classification,test_pass_in_list_of_dictionaries_train_classification,tests/api_coverage_tests_classifiers.py,,,,['The parameters [ model_name ] are added to the method test_pass_in_list_of_dictionaries_train_classification from the module tests/api_coverage_tests_classifiers.py'],d2d51d658b9f9f66bbaacfc3305f62ea3ef115f0,155.0,65.0,,,,
Move Method,test_linear_model_analytics_classification,test_linear_model_analytics_classification,,,,, method test_linear_model_analytics_classification from the module tests/api_coverage_tests_classifiers.py was moved to module tests/basic_tests.py ,d2d51d658b9f9f66bbaacfc3305f62ea3ef115f0,,,tests/api_coverage_tests_classifiers.py,tests/basic_tests.py,283.0,329.0
Add Parameter,verify_features,verify_features,auto_ml/utils_model_training.py/FinalModelATC,,,,['The parameters [ raw_features_only ] are added to the method verify_features from the module auto_ml/utils_model_training.py in class FinalModelATC'],d30aa3f884c51cc060e26d38a8c648f9744f43c1,83.0,93.0,,,,
Extract Method,train,_create_uncertainty_model,auto_ml/predictor.py/Predictor,"(525,525)",565.0,"[548.0, 553.0, 555.0, 557.0, 558.0, 559.0, 560.0, 564.0, 568.0, 569.0, 588.0, 590.0, 591.0, 596.0, 598.0, 601.0, 611.0, 613.0, 614.0, 617.0, 618.0, 619.0, 620.0, 622.0, 623.0, 624.0, 625.0, 627.0, 630.0, 631.0, 632.0, 634.0, 635.0, 636.0, 639.0, 641.0, 642.0, 643.0, 646.0, 647.0, 648.0, 649.0, 651.0, 669.0]", The method _create_uncertainty_model from the module auto_ml/predictor.py in class Predictor is extracted from method train from the module auto_ml/predictor.py in class Predictor ,d39e11dce771b8c9a664f2df29ec35698a2d692c,,,,,,
Add Parameter,__init__,__init__,auto_ml/utils_model_training.py/FinalModelATC,,,,['The parameters [ X_test y_test ] are added to the method __init__ from the module auto_ml/utils_model_training.py in class FinalModelATC'],d467c2cb70a128d8e1d87ee520a068d39cbb7e75,26.0,26.0,,,,
Change/Rename Parameter,__init__,__init__,auto_ml/utils_model_training.py/FinalModelATC,,,,['The parameters [ scoring_method ] of the method __init__ from the module auto_ml/utils_model_training.py in class FinalModelATC are changed/renamed to [_scorer]'],d4df7ec75fcc2b57574bcc948b8139bf891f1b9b,33.0,33.0,,,,
Add Parameter,_print_ml_analytics_results_linear_model,_print_ml_analytics_results_linear_model,auto_ml/predictor.py/Predictor,,,,['The parameters [ feature_responses ] are added to the method _print_ml_analytics_results_linear_model from the module auto_ml/predictor.py in class Predictor'],d60d9f4d2ba24eb8cee1d436cca43d7fd7aebc54,1050.0,1089.0,,,,
Add Parameter,_print_ml_analytics_results_random_forest,_print_ml_analytics_results_random_forest,auto_ml/predictor.py/Predictor,,,,['The parameters [ feature_responses ] are added to the method _print_ml_analytics_results_random_forest from the module auto_ml/predictor.py in class Predictor'],d60d9f4d2ba24eb8cee1d436cca43d7fd7aebc54,1006.0,1026.0,,,,
Add Parameter,print_results,print_results,auto_ml/predictor.py/Predictor,,,,['The parameters [ model X y ] are added to the method print_results from the module auto_ml/predictor.py in class Predictor'],d60d9f4d2ba24eb8cee1d436cca43d7fd7aebc54,654.0,669.0,,,,
Add Parameter,write_gs_param_results_to_file,write_gs_param_results_to_file,auto_ml/utils.py,,,,['The parameters [ most_recent_filename ] are added to the method write_gs_param_results_to_file from the module auto_ml/utils.py'],d6700a0b23d3601c9154358b6cea9802c698c7ce,223.0,223.0,,,,
Add Parameter,__init__,__init__,auto_ml/utils_model_training.py/FinalModelATC,,,,['The parameters [ keep_cat_features ] are added to the method __init__ from the module auto_ml/utils_model_training.py in class FinalModelATC'],d68e1b963dc28a7a25006460ffe198512f13e0bd,35.0,35.0,,,,
Add Parameter,make_deep_learning_model,make_deep_learning_model,auto_ml/utils.py,,,,['The parameters [ optimizer dropout_rate weight_constraint shape ] are added to the method make_deep_learning_model from the module auto_ml/utils.py'],d81225771b5e8e6b4f0769af70908ab2cd87c89f,356.0,365.0,,,,
Remove Parameter,_validate_input_col_descriptions,_validate_input_col_descriptions,auto_ml/predictor.py/Predictor,,,,['The parameters [ column_descriptions ] of the method _validate_input_col_descriptions from the module auto_ml/predictor.py in class Predictor is/are removed'],d9e29d9af0fc909ae7f14d902c97df4dba706a52,65.0,65.0,,,,
Add Parameter,rmse_scoring,rmse_scoring,auto_ml/utils.py,,,,['The parameters [ scoring ] are added to the method rmse_scoring from the module auto_ml/utils.py'],dc42a78c40ee5fd142c220abcb243be3cf38bc04,906.0,909.0,,,,
Rename Method,_print_ml_analytics_results_regression,_print_ml_analytics_results_linear_model,auto_ml/predictor.py/Predictor,,,,['The method _print_ml_analytics_results_regression from the module auto_ml/predictor.py in class Predictor is renamed to _print_ml_analytics_results_linear_model'],dcbdb8ced8ce2212819bd3c87368c9e6acc5bb27,794.0,804.0,,,,
Change/Rename Parameter,_construct_pipeline,_construct_pipeline,auto_ml/predictor.py/Predictor,,,,['The parameters [ prediction_intervals ] of the method _construct_pipeline from the module auto_ml/predictor.py in class Predictor are changed/renamed to [prediction_interval]'],de44a5b16a6008e81255fdea72d366ce41e3206d,117.0,117.0,,,,
Change/Rename Parameter,fit_single_pipeline,fit_single_pipeline,auto_ml/predictor.py/Predictor,,,,['The parameters [ prediction_intervals ] of the method fit_single_pipeline from the module auto_ml/predictor.py in class Predictor are changed/renamed to [prediction_interval]'],de44a5b16a6008e81255fdea72d366ce41e3206d,714.0,751.0,,,,
Change/Rename Parameter,train_ml_estimator,train_ml_estimator,auto_ml/predictor.py/Predictor,,,,['The parameters [ prediction_intervals ] of the method train_ml_estimator from the module auto_ml/predictor.py in class Predictor are changed/renamed to [prediction_interval]'],de44a5b16a6008e81255fdea72d366ce41e3206d,928.0,968.0,,,,
Move Method,test_all_algos_regression,test_all_algos_regression,,,,, method test_all_algos_regression from the module tests/api_coverage_tests_regressors.py was moved to module tests/basic_tests.py ,df6f11f154b048c70c91fe79ae145c7b56b9079d,,,tests/api_coverage_tests_regressors.py,tests/basic_tests.py,160.0,376.0
Remove Parameter,train,train,auto_ml/predictor.py/Predictor,,,,['The parameters [ optimize_entire_pipeline ] of the method train from the module auto_ml/predictor.py in class Predictor is/are removed'],e11a8bb4375b537cb1a1cecc9d7d2dccba5a4892,322.0,322.0,,,,
Rename Method,perform_grid_search_by_model_names,train_pipeline,auto_ml/predictor.py/Predictor,,,,['The method perform_grid_search_by_model_names from the module auto_ml/predictor.py in class Predictor is renamed to train_pipeline'],e11a8bb4375b537cb1a1cecc9d7d2dccba5a4892,479.0,515.0,,,,
Add Parameter,make_deep_learning_model,make_deep_learning_model,auto_ml/utils_models.py,,,,['The parameters [ kernel_initializer ] are added to the method make_deep_learning_model from the module auto_ml/utils_models.py'],e2e7833ab7a864655fa576eec6339cf431e3f47f,554.0,557.0,,,,
Extract Method,_print_ml_analytics_results_random_forest,_join_and_print_analytics_results,auto_ml/predictor.py/Predictor,"(1026,1055)",1030.0,"[1056.0, 1059.0, 1060.0, 1061.0, 1062.0, 1063.0, 1064.0, 1065.0, 1066.0, 1067.0, 1068.0, 1069.0, 1074.0]", The method _join_and_print_analytics_results from the module auto_ml/predictor.py in class Predictor is extracted from method _print_ml_analytics_results_random_forest from the module auto_ml/predictor.py in class Predictor ,e6bc2e29b7825e15f4e0e95d74e43910d69875cc,,,,,,
Add Parameter,__init__,__init__,auto_ml/utils.py/ExtendedPipeline,,,,['The parameters [ training_features ] are added to the method __init__ from the module auto_ml/utils.py in class ExtendedPipeline'],e7630ca67a813279138abe09ae260ace54ff860b,259.0,259.0,,,,
Add Parameter,__init__,__init__,auto_ml/predictor.py/Predictor,,,,['The parameters [ _is_subpredictor ] are added to the method __init__ from the module auto_ml/predictor.py in class Predictor'],e80adf58dd3501b35bb513d566e8865cce5f9473,50.0,50.0,,,,
Extract Method,load_keras_model,load_ml_model,auto_ml/utils_models.py,"(480,513)",479.0,"[483.0, 484.0, 486.0, 487.0, 488.0, 489.0, 492.0, 494.0, 495.0, 499.0, 510.0]", The method load_ml_model from the module auto_ml/utils_models.py is extracted from method load_keras_model from the module auto_ml/utils_models.py ,e87334a5fbe16bd1f16357b452036b578ca3b5f8,,,,,,
Rename Method,test_optimize_final_model_classification,test_perform_feature_scaling_true_classification,tests/api_coverage_tests_classifiers.py,,,,['The method test_optimize_final_model_classification from the module tests/api_coverage_tests_classifiers.py is renamed to test_perform_feature_scaling_true_classification'],e87334a5fbe16bd1f16357b452036b578ca3b5f8,18.0,94.0,,,,
Rename Method,getting_single_predictions_nlp_date_multilabel_classification,getting_single_predictions_multilabel_classification,tests/classifiers.py,,,,['The method getting_single_predictions_nlp_date_multilabel_classification from the module tests/classifiers.py is renamed to getting_single_predictions_multilabel_classification'],e87334a5fbe16bd1f16357b452036b578ca3b5f8,392.0,170.0,,,,
Move Method,age_bucketing,age_bucketing,,,,, method age_bucketing from the module tests/classifiers.py was moved to module tests/api_coverage_tests_classifiers.py ,e87334a5fbe16bd1f16357b452036b578ca3b5f8,,,tests/classifiers.py,tests/api_coverage_tests_classifiers.py,190.0,152.0
Move Method,define_buckets,define_buckets,,,,, method define_buckets from the module tests/classifiers.py was moved to module tests/api_coverage_tests_classifiers.py ,e87334a5fbe16bd1f16357b452036b578ca3b5f8,,,tests/classifiers.py,tests/api_coverage_tests_classifiers.py,192.0,154.0
Move Method,test_nlp_multilabel_classification,test_nlp_multilabel_classification,,,,, method test_nlp_multilabel_classification from the module tests/classifiers.py was moved to module tests/api_coverage_tests_classifiers.py ,e87334a5fbe16bd1f16357b452036b578ca3b5f8,,,tests/classifiers.py,tests/api_coverage_tests_classifiers.py,281.0,242.0
Remove Parameter,__init__,__init__,auto_ml/predictor.py/Predictor,,,,['The parameters [ _is_subpredictor ] of the method __init__ from the module auto_ml/predictor.py in class Predictor is/are removed'],edd4c6c0c9c472a2c961c14d772e996be825efc4,50.0,50.0,,,,
Remove Parameter,_construct_pipeline,_construct_pipeline,auto_ml/predictor.py/Predictor,,,,['The parameters [ preprocessing_only ] of the method _construct_pipeline from the module auto_ml/predictor.py in class Predictor is/are removed'],edd4c6c0c9c472a2c961c14d772e996be825efc4,110.0,105.0,,,,
Remove Parameter,train,train,auto_ml/predictor.py/Predictor,,,,['The parameters [ num_weak_estimators ] of the method train from the module auto_ml/predictor.py in class Predictor is/are removed'],edd4c6c0c9c472a2c961c14d772e996be825efc4,439.0,314.0,,,,
Add Parameter,train,train,auto_ml/predictor.py/Predictor,,,,['The parameters [ training_params ] are added to the method train from the module auto_ml/predictor.py in class Predictor'],edd9cba8b5350391228f99d27a3e95a4f08c072f,524.0,524.0,,,,
Add Parameter,get_model_from_name,get_model_from_name,auto_ml/utils_models.py,,,,['The parameters [ training_params ] are added to the method get_model_from_name from the module auto_ml/utils_models.py'],edd9cba8b5350391228f99d27a3e95a4f08c072f,20.0,20.0,,,,
Add Parameter,__init__,__init__,auto_ml/utils.py/CustomSparseScaler,,,,['The parameters [ truncate_large_values ] are added to the method __init__ from the module auto_ml/utils.py in class CustomSparseScaler'],fbd9d58d452513c0c2a03619420ef6e20e91d605,412.0,412.0,,,,
