Refactoring Type,Original,Updated,Location,Original Line,Updated Line,Description,Commit,Old Location,New Location,Old Method Line,New Method Line,Original Method Line,Extracted/Inlined Method Line,Extracted/Inlined Lines
Rename Method,_generate_items,generate_items,pycorrector/corrector.py/Corrector,155.0,155.0,['The method _generate_items from the module pycorrector/corrector.py in class Corrector is renamed to generate_items'],022da83ab794d9f9ddc40caef67b0578e7e3f513,,,,,,,
Add Parameter,__init__,__init__,pycorrector/corrector.py/Corrector,76.0,79.0,['The parameters [ custom_confusion_path ] are added to the method __init__ from the module pycorrector/corrector.py in class Corrector'],02838f211b4ee5428c38a73abbdb3a4bd940b27b,,,,,,,
Add Parameter,__init__,__init__,pycorrector/detector.py/Detector,32.0,21.0,['The parameters [ custom_confusion_path ] are added to the method __init__ from the module pycorrector/detector.py in class Detector'],02838f211b4ee5428c38a73abbdb3a4bd940b27b,,,,,,,
Remove Parameter,_get_maybe_error_index,_get_maybe_error_index,pycorrector/detector.py/Detector,80.0,112.0,['The parameters [ self ] of the method _get_maybe_error_index from the module pycorrector/detector.py in class Detector is/are removed'],02838f211b4ee5428c38a73abbdb3a4bd940b27b,,,,,,,
Move Method,load_word_freq_dict,load_word_freq_dict,,,, method load_word_freq_dict from the module pycorrector/detector.py was moved to class Detector of module pycorrector/detector.py ,02838f211b4ee5428c38a73abbdb3a4bd940b27b,pycorrector/detector.py,pycorrector/detector.py/Detector,20.0,46.0,,,
Rename Method,_get_maybe_error_index_by_rnnlm,_get_maybe_error_index_by_stddev,pycorrector/detector.py/Detector,289.0,295.0,['The method _get_maybe_error_index_by_rnnlm from the module pycorrector/detector.py in class Detector is renamed to _get_maybe_error_index_by_stddev'],05e9f4724f17b53a5d53c227a34d3507dc187948,,,,,,,
Extract Method,detect,_detect_short,pycorrector/detector.py/Detector,,, The method _detect_short from the module pycorrector/detector.py in class Detector is extracted from method detect from the module pycorrector/detector.py in class Detector ,05e9f4724f17b53a5d53c227a34d3507dc187948,,,,,"(323,329)",350.0,"[337.0, 338.0, 339.0, 341.0, 343.0, 345.0, 347.0, 349.0, 350.0, 352.0, 355.0, 357.0, 359.0, 360.0, 361.0, 362.0, 363.0, 364.0, 365.0, 366.0, 367.0, 370.0, 371.0, 372.0, 373.0, 374.0, 377.0, 379.0, 380.0, 382.0, 385.0, 388.0, 393.0]"
Add Parameter,segment,segment,pycorrector/text_util.py,116.0,116.0,['The parameters [ cut_type ] are added to the method segment from the module pycorrector/text_util.py'],10f2385acaf6b7da3374be08f6fd3b3961e0d039,,,,,,,
Rename Method,load_custom_confusion_dict,_get_custom_confusion_dict,pycorrector/detector.py/Detector,61.0,61.0,['The method load_custom_confusion_dict from the module pycorrector/detector.py in class Detector is renamed to _get_custom_confusion_dict'],1beefb5d42aee73e0e68ff3f3590457e3317bc84,,,,,,,
Remove Parameter,__init__,__init__,pycorrector/seq2seq/corpus_reader.py/FCEReader,17.0,17.0,['The parameters [ config dataset_copies ] of the method __init__ from the module pycorrector/seq2seq/corpus_reader.py in class FCEReader is/are removed'],1d1d5f4aa6bfa79cef906a51c04c2d151e2c725c,,,,,,,
Remove Parameter,__init__,__init__,pycorrector/seq2seq/corpus_reader.py/CGEDReader,71.0,57.0,['The parameters [ config dataset_copies ] of the method __init__ from the module pycorrector/seq2seq/corpus_reader.py in class CGEDReader is/are removed'],1d1d5f4aa6bfa79cef906a51c04c2d151e2c725c,,,,,,,
Remove Parameter,__init__,__init__,pycorrector/seq2seq/reader.py/Reader,17.0,17.0,['The parameters [ config dataset_copies ] of the method __init__ from the module pycorrector/seq2seq/reader.py in class Reader is/are removed'],1d1d5f4aa6bfa79cef906a51c04c2d151e2c725c,,,,,,,
Change/Rename Parameter,__init__,__init__,pycorrector/seq2seq_attention/seq2seq_attn_model.py/Seq2seqAttnModel,69.0,69.0,['The parameters [ use_gpu ] of the method __init__ from the module pycorrector/seq2seq_attention/seq2seq_attn_model.py in class Seq2seqAttnModel are changed/renamed to [gpu_id]'],1dc6b4a43639b764e1555dc311570ebcefc72ca0,,,,,,,
Change/Rename Parameter,train,train,pycorrector/seq2seq_attention/train.py,44.0,44.0,['The parameters [ use_gpu ] of the method train from the module pycorrector/seq2seq_attention/train.py are changed/renamed to [gpu_id]'],1dc6b4a43639b764e1555dc311570ebcefc72ca0,,,,,,,
Add Parameter,__init__,__init__,pycorrector/seq2seq_attention/seq2seq_attn_model.py/Seq2seqAttnModel,69.0,69.0,['The parameters [ use_gpu dropout ] are added to the method __init__ from the module pycorrector/seq2seq_attention/seq2seq_attn_model.py in class Seq2seqAttnModel'],1ecae384227cc61869a959f20c0a8080fd8ae11f,,,,,,,
Add Parameter,train,train,pycorrector/seq2seq_attention/train.py,44.0,44.0,['The parameters [ use_gpu ] are added to the method train from the module pycorrector/seq2seq_attention/train.py'],1ecae384227cc61869a959f20c0a8080fd8ae11f,,,,,,,
Rename Method,correction_t,en_correct_t,tests/en_spell_test.py,8.0,10.0,['The method correction_t from the module tests/en_spell_test.py is renamed to en_correct_t'],1eff7038c85860e9996e1c3dac37613afb088a44,,,,,,,
Add Parameter,train,train,pycorrector/seq2seq/train.py,179.0,179.0,['The parameters [ model_name_or_path ] are added to the method train from the module pycorrector/seq2seq/train.py'],20fa9ee3644a4466bb6d183bb4f97b152c0d688c,,,,,,,
Change/Rename Parameter,__init__,__init__,pycorrector/corrector.py/Corrector,20.0,20.0,['The parameters [ custom_confusion_path ] of the method __init__ from the module pycorrector/corrector.py in class Corrector are changed/renamed to [custom_confusion_path_or_dict]'],22dac9486825d9405f42d64e87d02fc270708e80,,,,,,,
Change/Rename Parameter,__init__,__init__,pycorrector/detector.py/Detector,35.0,35.0,['The parameters [ custom_confusion_path ] of the method __init__ from the module pycorrector/detector.py in class Detector are changed/renamed to [custom_confusion_path_or_dict]'],22dac9486825d9405f42d64e87d02fc270708e80,,,,,,,
Remove Parameter,__init__,__init__,pycorrector/bert/bert_corrector.py/BertCorrector,25.0,20.0,['The parameters [ predict_batch_size max_predictions_per_seq ] of the method __init__ from the module pycorrector/bert/bert_corrector.py in class BertCorrector is/are removed'],2633c4ef76e39f5dc5ef1259ec95286861a647cc,,,,,,,
Remove Parameter,__init__,__init__,pycorrector/bert/bert_detector.py/BertDetector,46.0,40.0,['The parameters [ max_seq_length predict_batch_size max_predictions_per_seq ] of the method __init__ from the module pycorrector/bert/bert_detector.py in class BertDetector is/are removed'],2633c4ef76e39f5dc5ef1259ec95286861a647cc,,,,,,,
Move Method,split_2_short_text,split_2_short_text,,,, method split_2_short_text from the module pycorrector/detector.py in class Detector was moved to module pycorrector/utils/tokenizer.py ,264efdbe0bebf98fb5ada1ce9b2df47f12d4d1cc,pycorrector/detector.py/Detector,pycorrector/utils/tokenizer.py,337.0,26.0,,,
Move Method,split_text_by_maxlen,split_text_by_maxlen,,,, method split_text_by_maxlen from the module pycorrector/detector.py in class Detector was moved to module pycorrector/utils/tokenizer.py ,264efdbe0bebf98fb5ada1ce9b2df47f12d4d1cc,pycorrector/detector.py/Detector,pycorrector/utils/tokenizer.py,359.0,48.0,,,
Move Method,edits1,edits1,,,, method edits1 from the module pycorrector/en_spell.py was moved to class EnSpell of module pycorrector/en_spell.py ,264efdbe0bebf98fb5ada1ce9b2df47f12d4d1cc,pycorrector/en_spell.py,pycorrector/en_spell.py/EnSpell,17.0,41.0,,,
Remove Parameter,__init__,__init__,pycorrector/detector.py/Detector,26.0,27.0,['The parameters [ enable_rnnlm rnnlm_vocab_path rnnlm_model_dir ] of the method __init__ from the module pycorrector/detector.py in class Detector is/are removed'],289c479060004bd9fd638dab7027f407ba75e798,,,,,,,
Move Method,load_char_set,load_char_set,,,, method load_char_set from the module pycorrector/corrector.py was moved to class Corrector of module pycorrector/corrector.py ,289c479060004bd9fd638dab7027f407ba75e798,pycorrector/corrector.py,pycorrector/corrector.py/Corrector,18.0,42.0,,,
Move Method,load_same_pinyin,load_same_pinyin,,,, method load_same_pinyin from the module pycorrector/corrector.py was moved to class Corrector of module pycorrector/corrector.py ,289c479060004bd9fd638dab7027f407ba75e798,pycorrector/corrector.py,pycorrector/corrector.py/Corrector,26.0,50.0,,,
Move Method,load_same_stroke,load_same_stroke,,,, method load_same_stroke from the module pycorrector/corrector.py was moved to class Corrector of module pycorrector/corrector.py ,289c479060004bd9fd638dab7027f407ba75e798,pycorrector/corrector.py,pycorrector/corrector.py/Corrector,54.0,78.0,,,
Move Method,evaluate,evaluate,,,, method evaluate from the module pycorrector/seq2seq/infer.py was moved to module pycorrector/seq2seq/seq2seq_model.py ,29a96104714b97fa447529ca837d42c4a1f71e9e,pycorrector/seq2seq/infer.py,pycorrector/seq2seq/seq2seq_model.py,17.0,68.0,,,
Move Method,decode_seq,decode_seq,,,, method decode_seq from the module pycorrector/seq2seq/infer.py was moved to module pycorrector/seq2seq/seq2seq_model.py ,29a96104714b97fa447529ca837d42c4a1f71e9e,pycorrector/seq2seq/infer.py,pycorrector/seq2seq/seq2seq_model.py,40.0,91.0,,,
Add Parameter,gen_target,gen_target,pycorrector/seq2seq_attention/evaluate.py,14.0,14.0,['The parameters [ max_target_len ] are added to the method gen_target from the module pycorrector/seq2seq_attention/evaluate.py'],2c4b61b6603c0f002a61e842d80d7f3bb21427d5,,,,,,,
Add Parameter,__init__,__init__,pycorrector/seq2seq_attention/infer.py/Inference,18.0,18.0,['The parameters [ gpu_id ] are added to the method __init__ from the module pycorrector/seq2seq_attention/infer.py in class Inference'],2cecd4b5cd993c94007cfe7f4ed03da1615f7952,,,,,,,
Change/Rename Parameter,__init__,__init__,pycorrector/seq2seq_attention/seq2seq_attn_model.py/Seq2seqAttnModel,69.0,69.0,['The parameters [ chars ] of the method __init__ from the module pycorrector/seq2seq_attention/seq2seq_attn_model.py in class Seq2seqAttnModel are changed/renamed to [vocab_size]'],2cecd4b5cd993c94007cfe7f4ed03da1615f7952,,,,,,,
Add Parameter,_correct_item,_correct_item,pycorrector/corrector.py/Corrector,185.0,185.0,['The parameters [ err_type ] are added to the method _correct_item from the module pycorrector/corrector.py in class Corrector'],2e9caea45baabeda955b1668a8019843cab841a8,,,,,,,
Add Parameter,infer,infer,pycorrector/conv_seq2seq/infer.py,17.0,17.0,['The parameters [ temperature ] are added to the method infer from the module pycorrector/conv_seq2seq/infer.py'],3139207558156b60c24d2360858ce788fc4008dc,,,,,,,
Rename Method,get_gcmi_cor_test,get_bcmi_cor_test,tests/eval_test.py,17.0,17.0,['The method get_gcmi_cor_test from the module tests/eval_test.py is renamed to get_bcmi_cor_test'],34a5316a41eeea886f3bb2e5a2ce0e0c882f522d,,,,,,,
Add Parameter,batch_t5_correct,batch_t5_correct,pycorrector/t5/copyt5_corrector.py/CopyT5Corrector,110.0,110.0,['The parameters [ batch_size ] are added to the method batch_t5_correct from the module pycorrector/t5/copyt5_corrector.py in class CopyT5Corrector'],34c8bbd92cbe40dd6da5a3783fbbb2bd9c47b002,,,,,,,
Add Parameter,get_errors,get_errors,pycorrector/macbert/infer.py/Inference,88.0,79.0,['The parameters [ blanks_cleaned ] are added to the method get_errors from the module pycorrector/macbert/infer.py in class Inference'],3ca9c40803c840dd61edca013dbffa286d4ef034,,,,,,,
Rename Method,edit_distance_word,_edit_distance_word,pycorrector/corrector.py,158.0,115.0,['The method edit_distance_word from the module pycorrector/corrector.py is renamed to _edit_distance_word'],3db6607105f67af99c895034c88a06e62c02dd2c,,,,,,,
Move Method,get_homophones_by_char,get_homophones_by_char,,,, method get_homophones_by_char from the module pycorrector/corrector.py was moved to module pycorrector/util.py ,3db6607105f67af99c895034c88a06e62c02dd2c,pycorrector/corrector.py,pycorrector/util.py,111.0,85.0,,,
Move Method,get_homophones_by_pinyin,get_homophones_by_pinyin,,,, method get_homophones_by_pinyin from the module pycorrector/corrector.py was moved to module pycorrector/util.py ,3db6607105f67af99c895034c88a06e62c02dd2c,pycorrector/corrector.py,pycorrector/util.py,125.0,99.0,,,
Add Parameter,predict,predict,pycorrector/t5/infer.py,21.0,21.0,['The parameters [ example_sentences ] are added to the method predict from the module pycorrector/t5/infer.py'],3e2e53a7026c6bfb5b974f2f78d8580f17b8edcb,,,,,,,
Add Parameter,get_lm_correct_item,get_lm_correct_item,pycorrector/corrector.py/Corrector,226.0,218.0,['The parameters [ cut_type ] are added to the method get_lm_correct_item from the module pycorrector/corrector.py in class Corrector'],3e5759c2c7fbffcb6ee4f2c6af7b86b0dfcb8758,,,,,,,
Rename Method,correction,en_correct,pycorrector/en_spell.py,29.0,29.0,['The method correction from the module pycorrector/en_spell.py is renamed to en_correct'],4235bb067cbfc9b8b8567f1343d9353dfac0a287,,,,,,,
Add Parameter,__init__,__init__,pycorrector/corrector.py/Corrector,79.0,79.0,['The parameters [ custom_word_path ] are added to the method __init__ from the module pycorrector/corrector.py in class Corrector'],4329468f1bef610b548ce088fa4a78cb7f8e964c,,,,,,,
Add Parameter,__init__,__init__,pycorrector/detector.py/Detector,22.0,22.0,['The parameters [ custom_word_path ] are added to the method __init__ from the module pycorrector/detector.py in class Detector'],4329468f1bef610b548ce088fa4a78cb7f8e964c,,,,,,,
Rename Method,set_custom_word,set_custom_word_freq,pycorrector/detector.py/Detector,178.0,178.0,['The method set_custom_word from the module pycorrector/detector.py in class Detector is renamed to set_custom_word_freq'],447d686fff9f3fc284af1fa091b9ec57f6f1c5bc,,,,,,,
Rename Method,eval_corpus_by_bert,eval_corpus500_by_bert,pycorrector/utils/eval.py,273.0,273.0,['The method eval_corpus_by_bert from the module pycorrector/utils/eval.py is renamed to eval_corpus500_by_bert'],447d686fff9f3fc284af1fa091b9ec57f6f1c5bc,,,,,,,
Rename Method,eval_corpus_by_ernie,eval_corpus500_by_ernie,pycorrector/utils/eval.py,332.0,332.0,['The method eval_corpus_by_ernie from the module pycorrector/utils/eval.py is renamed to eval_corpus500_by_ernie'],447d686fff9f3fc284af1fa091b9ec57f6f1c5bc,,,,,,,
Rename Method,eval_corpus,eval_corpus500_by_rule,pycorrector/utils/eval.py,219.0,219.0,['The method eval_corpus from the module pycorrector/utils/eval.py is renamed to eval_corpus500_by_rule'],447d686fff9f3fc284af1fa091b9ec57f6f1c5bc,,,,,,,
Rename Method,eval_bert_with_sighan_2015,eval_sighan_2015_by_bert,pycorrector/utils/eval.py,445.0,446.0,['The method eval_bert_with_sighan_2015 from the module pycorrector/utils/eval.py is renamed to eval_sighan_2015_by_bert'],447d686fff9f3fc284af1fa091b9ec57f6f1c5bc,,,,,,,
Rename Method,eval_ernie_with_sighan_2015,eval_sighan_2015_by_ernie,pycorrector/utils/eval.py,502.0,503.0,['The method eval_ernie_with_sighan_2015 from the module pycorrector/utils/eval.py is renamed to eval_sighan_2015_by_ernie'],447d686fff9f3fc284af1fa091b9ec57f6f1c5bc,,,,,,,
Rename Method,eval_rule_with_sighan_2015,eval_sighan_2015_by_rule,pycorrector/utils/eval.py,390.0,391.0,['The method eval_rule_with_sighan_2015 from the module pycorrector/utils/eval.py is renamed to eval_sighan_2015_by_rule'],447d686fff9f3fc284af1fa091b9ec57f6f1c5bc,,,,,,,
Remove Parameter,get_errors,get_errors,pycorrector/macbert/infer.py/Inference,79.0,79.0,['The parameters [ blanks_cleaned ] of the method get_errors from the module pycorrector/macbert/infer.py in class Inference is/are removed'],46233befa4beb57b4f10225341b330880e3b30ac,,,,,,,
Add Parameter,train,train,pycorrector/seq2seq/train.py,15.0,16.0,['The parameters [ encoder_model_path decoder_model_path ] are added to the method train from the module pycorrector/seq2seq/train.py'],4b7adb4b8374ccb6eec03c14a3fdff85eab67530,,,,,,,
Move Method,decode_sequence,decode_sequence,,,, method decode_sequence from the module pycorrector/seq2seq/seq2seq_model.py was moved to module pycorrector/seq2seq/infer.py ,4b7adb4b8374ccb6eec03c14a3fdff85eab67530,pycorrector/seq2seq/seq2seq_model.py,pycorrector/seq2seq/infer.py,81.0,91.0,,,
Add Parameter,infer,infer,pycorrector/rnn_crf/infer.py,15.0,15.0,['The parameters [ dropout ] are added to the method infer from the module pycorrector/rnn_crf/infer.py'],4e99f18d78de145acffc3786627a4d19e74604a0,,,,,,,
Add Parameter,create_model,create_model,pycorrector/rnn_crf/rnn_crf_model.py,11.0,11.0,['The parameters [ dropout ] are added to the method create_model from the module pycorrector/rnn_crf/rnn_crf_model.py'],4e99f18d78de145acffc3786627a4d19e74604a0,,,,,,,
Add Parameter,load_model,load_model,pycorrector/rnn_crf/rnn_crf_model.py,31.0,31.0,['The parameters [ dropout ] are added to the method load_model from the module pycorrector/rnn_crf/rnn_crf_model.py'],4e99f18d78de145acffc3786627a4d19e74604a0,,,,,,,
Add Parameter,train,train,pycorrector/rnn_crf/train.py,22.0,22.0,['The parameters [ dropout ] are added to the method train from the module pycorrector/rnn_crf/train.py'],4e99f18d78de145acffc3786627a4d19e74604a0,,,,,,,
Remove Parameter,decode_sequence,decode_sequence,pycorrector/seq2seq/infer.py,20.0,18.0,['The parameters [ reverse_target_char_index ] of the method decode_sequence from the module pycorrector/seq2seq/infer.py is/are removed'],4f346f006555f5de531f0ca0283d539a76227525,,,,,,,
Add Parameter,infer,infer,pycorrector/seq2seq/infer.py,88.0,86.0,['The parameters [ save_input_token_path save_target_token_path ] are added to the method infer from the module pycorrector/seq2seq/infer.py'],4f346f006555f5de531f0ca0283d539a76227525,,,,,,,
Add Parameter,train,train,pycorrector/seq2seq/train.py,15.0,15.0,['The parameters [ save_input_token_path save_target_token_path ] are added to the method train from the module pycorrector/seq2seq/train.py'],4f346f006555f5de531f0ca0283d539a76227525,,,,,,,
Rename Method,is_unknow_token,is_unknown_token,pycorrector/seq2seq/reader.py/Reader,85.0,82.0,['The method is_unknow_token from the module pycorrector/seq2seq/reader.py in class Reader is renamed to is_unknown_token'],52dd8f17b382dea2ddaf3b4054d7845c8c3b4f72,,,,,,,
Add Parameter,parse_xml_file,parse_xml_file,pycorrector/transformer/preprocess.py,24.0,24.0,['The parameters [ use_short_text maximum_length ] are added to the method parse_xml_file from the module pycorrector/transformer/preprocess.py'],5341cc169bcbd771cf2ea413424eb28f2431fe68,,,,,,,
Change/Rename Parameter,main,main,pycorrector/transformer/train.py,18.0,18.0,['The parameters [ vocab_path shuffle_buffer_size gradients_accum ] of the method main from the module pycorrector/transformer/train.py are changed/renamed to [src_vocab_path tgt_vocab_path batch_size]'],5341cc169bcbd771cf2ea413424eb28f2431fe68,,,,,,,
Add Parameter,__init__,__init__,pycorrector/macbert/infer.py/Inference,21.0,20.0,['The parameters [ config_file ] are added to the method __init__ from the module pycorrector/macbert/infer.py in class Inference'],5702a59e539c64fc98f5edc9e455cd61b73b188b,,,,,,,
Rename Method,transform_corpus_data,save_corpus_data,pycorrector/seq2seq_attention/preprocess.py,47.0,47.0,['The method transform_corpus_data from the module pycorrector/seq2seq_attention/preprocess.py is renamed to save_corpus_data'],5c58bbd49d94b38a7b70a836ae91f537f7dded7b,,,,,,,
Add Parameter,__init__,__init__,pycorrector/bert/bert_corrector.py/BertCorrector,24.0,23.0,['The parameters [ device ] are added to the method __init__ from the module pycorrector/bert/bert_corrector.py in class BertCorrector'],63d317633ee67e1dca7449f922eeba1d1aa6a510,,,,,,,
Add Parameter,__init__,__init__,pycorrector/electra/electra_corrector.py/ElectraCorrector,24.0,24.0,['The parameters [ device ] are added to the method __init__ from the module pycorrector/electra/electra_corrector.py in class ElectraCorrector'],63d317633ee67e1dca7449f922eeba1d1aa6a510,,,,,,,
Rename Method,check_initialized,check_corrector_initialized,pycorrector/corrector.py/Corrector,102.0,103.0,['The method check_initialized from the module pycorrector/corrector.py in class Corrector is renamed to check_corrector_initialized'],64e1e17261d23a30e57f84532f4bf7f40df359d8,,,,,,,
Rename Method,initialize,initialize_corrector,pycorrector/corrector.py/Corrector,90.0,91.0,['The method initialize from the module pycorrector/corrector.py in class Corrector is renamed to initialize_corrector'],64e1e17261d23a30e57f84532f4bf7f40df359d8,,,,,,,
Rename Method,check_initialized,check_detector_initialized,pycorrector/detector.py/Detector,27.0,43.0,['The method check_initialized from the module pycorrector/detector.py in class Detector is renamed to check_detector_initialized'],64e1e17261d23a30e57f84532f4bf7f40df359d8,,,,,,,
Rename Method,initialize,initialize_detector,pycorrector/detector.py/Detector,31.0,28.0,['The method initialize from the module pycorrector/detector.py in class Detector is renamed to initialize_detector'],64e1e17261d23a30e57f84532f4bf7f40df359d8,,,,,,,
Rename Method,initialize_corrector,_initialize_corrector,pycorrector/corrector.py/Corrector,104.0,104.0,['The method initialize_corrector from the module pycorrector/corrector.py in class Corrector is renamed to _initialize_corrector'],68b5105ae8c0225f426ddfa8928b9bfe9eb76b76,,,,,,,
Rename Method,initialize_detector,_initialize_detector,pycorrector/detector.py/Detector,67.0,67.0,['The method initialize_detector from the module pycorrector/detector.py in class Detector is renamed to _initialize_detector'],68b5105ae8c0225f426ddfa8928b9bfe9eb76b76,,,,,,,
Rename Method,dump_pkl,save_pkl,pycorrector/utils/io_utils.py,19.0,20.0,['The method dump_pkl from the module pycorrector/utils/io_utils.py is renamed to save_pkl'],68b5105ae8c0225f426ddfa8928b9bfe9eb76b76,,,,,,,
Remove Parameter,tokenize,tokenize,pycorrector/utils/tokenizer.py/Tokenizer,69.0,69.0,['The parameters [ HMM n ] of the method tokenize from the module pycorrector/utils/tokenizer.py in class Tokenizer is/are removed'],68b5105ae8c0225f426ddfa8928b9bfe9eb76b76,,,,,,,
Rename Method,clp_data_test,test_clp_data,tests/eval_test.py,27.0,28.0,['The method clp_data_test from the module tests/eval_test.py is renamed to test_clp_data'],68b5105ae8c0225f426ddfa8928b9bfe9eb76b76,,,,,,,
Rename Method,eval_bcmi_data_test,test_eval_bcmi_data,tests/eval_test.py,22.0,22.0,['The method eval_bcmi_data_test from the module tests/eval_test.py is renamed to test_eval_bcmi_data'],68b5105ae8c0225f426ddfa8928b9bfe9eb76b76,,,,,,,
Rename Method,get_bcmi_cor_test,test_get_bcmi_data,tests/eval_test.py,17.0,17.0,['The method get_bcmi_cor_test from the module tests/eval_test.py is renamed to test_get_bcmi_data'],68b5105ae8c0225f426ddfa8928b9bfe9eb76b76,,,,,,,
Rename Method,sighan_data_test,test_sighan_data,tests/eval_test.py,33.0,34.0,['The method sighan_data_test from the module tests/eval_test.py is renamed to test_sighan_data'],68b5105ae8c0225f426ddfa8928b9bfe9eb76b76,,,,,,,
Add Parameter,gen_examples,gen_examples,pycorrector/seq2seq/data_reader.py,105.0,107.0,['The parameters [ max_length ] are added to the method gen_examples from the module pycorrector/seq2seq/data_reader.py'],68d1306efe51e59a83d7cb551a7c83cee70acb7b,,,,,,,
Add Parameter,prepare_data,prepare_data,pycorrector/seq2seq/data_reader.py,93.0,93.0,['The parameters [ max_length ] are added to the method prepare_data from the module pycorrector/seq2seq/data_reader.py'],68d1306efe51e59a83d7cb551a7c83cee70acb7b,,,,,,,
Rename Method,evaluate_model,evaluate_seq2seq_model,pycorrector/seq2seq/train.py,28.0,31.0,['The method evaluate_model from the module pycorrector/seq2seq/train.py is renamed to evaluate_seq2seq_model'],68d1306efe51e59a83d7cb551a7c83cee70acb7b,,,,,,,
Add Parameter,train,train,pycorrector/seq2seq/train.py,103.0,174.0,['The parameters [ arch max_length ] are added to the method train from the module pycorrector/seq2seq/train.py'],68d1306efe51e59a83d7cb551a7c83cee70acb7b,,,,,,,
Rename Method,train_model,train_seq2seq_model,pycorrector/seq2seq/train.py,54.0,57.0,['The method train_model from the module pycorrector/seq2seq/train.py is renamed to train_seq2seq_model'],68d1306efe51e59a83d7cb551a7c83cee70acb7b,,,,,,,
Remove Parameter,_get_custom_confusion_dict,_get_custom_confusion_dict,pycorrector/en_spell.py/EnSpell,109.0,109.0,['The parameters [ self ] of the method _get_custom_confusion_dict from the module pycorrector/en_spell.py in class EnSpell is/are removed'],6d5506d16460c4da50a09a9d92fecbc9c8c36b14,,,,,,,
Remove Parameter,known,known,pycorrector/en_spell.py/EnSpell,68.0,68.0,['The parameters [ limit_count ] of the method known from the module pycorrector/en_spell.py in class EnSpell is/are removed'],6d5506d16460c4da50a09a9d92fecbc9c8c36b14,,,,,,,
Remove Parameter,make_loaders,make_loaders,pycorrector/macbert/reader.py,54.0,53.0,['The parameters [ test_batch_size ] of the method make_loaders from the module pycorrector/macbert/reader.py is/are removed'],6d5506d16460c4da50a09a9d92fecbc9c8c36b14,,,,,,,
Rename Class,CorrectionModel,CorrectionNetwork,pycorrector/macbert/softmaskedbert4csc.py,,, class CorrectionModel was renamed to class CorrectionNetwork ,6d5506d16460c4da50a09a9d92fecbc9c8c36b14,,,,,,,
Inline Method,main,train,pycorrector/macbert/train.py,,, The method train from the module pycorrector/macbert/train.py is inlined into method main from the module pycorrector/macbert/train.py ,6d5506d16460c4da50a09a9d92fecbc9c8c36b14,,,,,"(62,54)",24.0,"[65.0, 92.0, 94.0, 95.0, 97.0, 98.0, 101.0, 102.0, 107.0, 108.0, 109.0, 110.0]"
Pull Up Method,__init__,__init__,,,, method __init__ from the module pycorrector/macbert/base_model.py in class CscTrainingModel was moved to class BaseTrainingEngine of module pycorrector/macbert/base_model.py ,6d5506d16460c4da50a09a9d92fecbc9c8c36b14,pycorrector/macbert/base_model.py/CscTrainingModel,pycorrector/macbert/base_model.py/BaseTrainingEngine,115.0,99.0,,,
Change/Rename Parameter,infer_one_sentence,infer_one_sentence,pycorrector/deep_context/infer.py,79.0,79.0,['The parameters [ bos_token ] of the method infer_one_sentence from the module pycorrector/deep_context/infer.py are changed/renamed to [sos_token]'],71667ed0890381c451fa414fb1aa9bb48563d8d4,,,,,,,
Remove Parameter,__init__,__init__,pycorrector/deep_context/model.py/Context2vec,14.0,14.0,['The parameters [ bidirectional ] of the method __init__ from the module pycorrector/deep_context/model.py in class Context2vec is/are removed'],71667ed0890381c451fa414fb1aa9bb48563d8d4,,,,,,,
Remove Parameter,save_checkpoint,save_checkpoint,pycorrector/deep_context/train.py,157.0,135.0,['The parameters [ dataset use_cuda emb_path ] of the method save_checkpoint from the module pycorrector/deep_context/train.py is/are removed'],71667ed0890381c451fa414fb1aa9bb48563d8d4,,,,,,,
Remove Parameter,train,train,pycorrector/deep_context/train.py,23.0,22.0,['The parameters [ maxlen ] of the method train from the module pycorrector/deep_context/train.py is/are removed'],71667ed0890381c451fa414fb1aa9bb48563d8d4,,,,,,,
Change/Rename Parameter,__init__,__init__,pycorrector/electra/electra_corrector.py/ElectraCorrector,24.0,27.0,['The parameters [ d_mdel_dir ] of the method __init__ from the module pycorrector/electra/electra_corrector.py in class ElectraCorrector are changed/renamed to [d_model_dir]'],734c0ba9c29d2bf52b58687ee3533cf9f1096a98,,,,,,,
Rename Method,correct,correct_word,pycorrector/en_spell.py/EnSpell,66.0,64.0,['The method correct from the module pycorrector/en_spell.py in class EnSpell is renamed to correct_word'],73635a0b42eaf859763f61d6037b0c45b003c0e3,,,,,,,
Add Parameter,correct,correct,pycorrector/corrector.py/Corrector,250.0,250.0,['The parameters [ include_symbol num_fragment threshold ] are added to the method correct from the module pycorrector/corrector.py in class Corrector'],75fc5a7f7fed1fc1dacc3e26be76e70b7f551ef3,,,,,,,
Add Parameter,pad_sequence,pad_sequence,pycorrector/rnn_crf/data_reader.py,63.0,62.0,['The parameters [ label_maxlen ] are added to the method pad_sequence from the module pycorrector/rnn_crf/data_reader.py'],77a383e645c7b42ea025511738638e1238b971bb,,,,,,,
Rename Method,data_reader,vectorize_data,pycorrector/rnn_crf/data_reader.py,14.0,13.0,['The method data_reader from the module pycorrector/rnn_crf/data_reader.py is renamed to vectorize_data'],77a383e645c7b42ea025511738638e1238b971bb,,,,,,,
Rename Method,load_train_data,load_corpus_data,pycorrector/rnn_crf/preprocess.py,10.0,10.0,['The method load_train_data from the module pycorrector/rnn_crf/preprocess.py is renamed to load_corpus_data'],77a383e645c7b42ea025511738638e1238b971bb,,,,,,,
Rename Method,transform_train_data,transform_corpus_data,pycorrector/rnn_crf/preprocess.py,46.0,46.0,['The method transform_train_data from the module pycorrector/rnn_crf/preprocess.py is renamed to transform_corpus_data'],77a383e645c7b42ea025511738638e1238b971bb,,,,,,,
Add Parameter,train,train,pycorrector/rnn_crf/train.py,21.0,23.0,['The parameters [ save_model_path ] are added to the method train from the module pycorrector/rnn_crf/train.py'],77a383e645c7b42ea025511738638e1238b971bb,,,,,,,
Add Parameter,infer_interactive,infer_interactive,pycorrector/conv_seq2seq/infer.py,28.0,28.0,['The parameters [ temperature ] are added to the method infer_interactive from the module pycorrector/conv_seq2seq/infer.py'],77aeb47f378132c5f1e3220eb530320818a335a6,,,,,,,
Move Method,get_errors,get_errors,,,, method get_errors from the module pycorrector/macbert/macbert_corrector.py in class MacBertCorrector was moved to module pycorrector/macbert/macbert_corrector.py ,7a3455c6252d703a0a4123dabf484e4806be7903,pycorrector/macbert/macbert_corrector.py/MacBertCorrector,pycorrector/macbert/macbert_corrector.py,54.0,24.0,,,
Change/Rename Parameter,__init__,__init__,pycorrector/macbert/macbert_corrector.py/MacBertCorrector,25.0,23.0,['The parameters [ bert_model_dir ] of the method __init__ from the module pycorrector/macbert/macbert_corrector.py in class MacBertCorrector are changed/renamed to [macbert_model_dir]'],7b97cc32e4aa48db3140cc424c72b36b340b47d8,,,,,,,
Change/Rename Parameter,__init__,__init__,pycorrector/seq2seq/infer.py/Inference,27.0,28.0,['The parameters [ model_path ] of the method __init__ from the module pycorrector/seq2seq/infer.py in class Inference are changed/renamed to [model_dir]'],7b97cc32e4aa48db3140cc424c72b36b340b47d8,,,,,,,
Change/Rename Parameter,train,train,pycorrector/seq2seq/train.py,176.0,179.0,['The parameters [ model_path ] of the method train from the module pycorrector/seq2seq/train.py are changed/renamed to [model_dir]'],7b97cc32e4aa48db3140cc424c72b36b340b47d8,,,,,,,
Change/Rename Parameter,train_convseq2seq_model,train_convseq2seq_model,pycorrector/seq2seq/train.py,131.0,133.0,['The parameters [ model_path ] of the method train_convseq2seq_model from the module pycorrector/seq2seq/train.py are changed/renamed to [model_dir]'],7b97cc32e4aa48db3140cc424c72b36b340b47d8,,,,,,,
Change/Rename Parameter,train_seq2seq_model,train_seq2seq_model,pycorrector/seq2seq/train.py,61.0,62.0,['The parameters [ model_path ] of the method train_seq2seq_model from the module pycorrector/seq2seq/train.py are changed/renamed to [model_dir]'],7b97cc32e4aa48db3140cc424c72b36b340b47d8,,,,,,,
Add Parameter,__init__,__init__,pycorrector/ernie_csc/ernie_csc_corrector.py/ErnieCSCCorrector,17.0,17.0,['The parameters [ model ] are added to the method __init__ from the module pycorrector/ernie_csc/ernie_csc_corrector.py in class ErnieCSCCorrector'],7bca6196530174b03cd9c682951d1e679f7e634e,,,,,,,
Add Parameter,__init__,__init__,pycorrector/macbert/macbert_corrector.py/MacBertCorrector,24.0,24.0,['The parameters [ device ] are added to the method __init__ from the module pycorrector/macbert/macbert_corrector.py in class MacBertCorrector'],7ed3050a64f9e4a034cf27b389a8ea9a578e7455,,,,,,,
Add Parameter,get_errors,get_errors,pycorrector/macbert/infer.py/Inference,88.0,88.0,['The parameters [ blank_cleaned ] are added to the method get_errors from the module pycorrector/macbert/infer.py in class Inference'],826b46fa4a5ede7709f1c4e9b996d8f475bef697,,,,,,,
Add Parameter,data_generator,data_generator,pycorrector/seq2seq/seq2seq_attn_train.py,75.0,32.0,['The parameters [ input_texts target_texts char2id batch_size maxlen ] are added to the method data_generator from the module pycorrector/seq2seq/seq2seq_attn_train.py'],83b64f67a3179f05ad32f48051cfff1a2d9adfa0,,,,,,,
Add Parameter,gen_target,gen_target,pycorrector/seq2seq/seq2seq_attn_train.py,195.0,161.0,['The parameters [ model char2id id2char maxlen ] are added to the method gen_target from the module pycorrector/seq2seq/seq2seq_attn_train.py'],83b64f67a3179f05ad32f48051cfff1a2d9adfa0,,,,,,,
Add Parameter,id2str,id2str,pycorrector/seq2seq/seq2seq_attn_train.py,64.0,156.0,['The parameters [ id2char ] are added to the method id2str from the module pycorrector/seq2seq/seq2seq_attn_train.py'],83b64f67a3179f05ad32f48051cfff1a2d9adfa0,,,,,,,
Add Parameter,padding,padding,pycorrector/seq2seq/seq2seq_attn_train.py,69.0,26.0,['The parameters [ char2id ] are added to the method padding from the module pycorrector/seq2seq/seq2seq_attn_train.py'],83b64f67a3179f05ad32f48051cfff1a2d9adfa0,,,,,,,
Add Parameter,infer,infer,pycorrector/seq2seq_attention/infer.py,41.0,44.0,['The parameters [ attention_image_path ] are added to the method infer from the module pycorrector/seq2seq_attention/infer.py'],84bda96b4951e29f0fa4a1f063447e420e062522,,,,,,,
Add Parameter,train,train,pycorrector/seq2seq_attention/train.py,44.0,44.0,['The parameters [ dropout ] are added to the method train from the module pycorrector/seq2seq_attention/train.py'],85653d200308ac0425c7c1f8194a1b55ffe537a5,,,,,,,
Add Parameter,__init__,__init__,pycorrector/bert/bert_corrector.py/BertCorrector,22.0,37.0,['The parameters [ predict_batch_size max_predictions_per_seq threshold ] are added to the method __init__ from the module pycorrector/bert/bert_corrector.py in class BertCorrector'],859e24881d8261149304dacd322f86743b638341,,,,,,,
Remove Parameter,bert_lm_infer,bert_lm_infer,pycorrector/bert/bert_corrector.py/BertCorrector,97.0,115.0,['The parameters [ error_begin_idx error_end_idx ] of the method bert_lm_infer from the module pycorrector/bert/bert_corrector.py in class BertCorrector is/are removed'],859e24881d8261149304dacd322f86743b638341,,,,,,,
Remove Parameter,__init__,__init__,pycorrector/seq2seq/infer.py/Inference,27.0,43.0,['The parameters [ src_vocab_path trg_vocab_path ] of the method __init__ from the module pycorrector/seq2seq/infer.py in class Inference is/are removed'],87dbe43f0c34c125175a6dba362162695c06f21b,,,,,,,
Add Parameter,__init__,__init__,pycorrector/seq2seq/seq2seq_corrector.py/Seq2SeqCorrector,20.0,18.0,['The parameters [ arch embed_size hidden_size dropout max_length ] are added to the method __init__ from the module pycorrector/seq2seq/seq2seq_corrector.py in class Seq2SeqCorrector'],87dbe43f0c34c125175a6dba362162695c06f21b,,,,,,,
Change/Rename Parameter,__init__,__init__,pycorrector/seq2seq_attention/infer.py/Inference,16.0,18.0,['The parameters [ vocab_json_path ] of the method __init__ from the module pycorrector/seq2seq_attention/infer.py in class Inference are changed/renamed to [save_vocab_path]'],8dfd5f92f5746ed3ead8208d289912915e64e294,,,,,,,
Add Parameter,train,train,pycorrector/seq2seq_attention/train.py,32.0,44.0,['The parameters [ save_vocab_path ] are added to the method train from the module pycorrector/seq2seq_attention/train.py'],8dfd5f92f5746ed3ead8208d289912915e64e294,,,,,,,
Change/Rename Parameter,generate_items,generate_items,pycorrector/corrector.py/Corrector,160.0,164.0,['The parameters [ fraction ] of the method generate_items from the module pycorrector/corrector.py in class Corrector are changed/renamed to [fragment]'],8f76475c3e5b3533b40e7ba41ca11ec987ffe974,,,,,,,
Remove Parameter,get_lm_correct_item,get_lm_correct_item,pycorrector/corrector.py/Corrector,205.0,213.0,['The parameters [ n ] of the method get_lm_correct_item from the module pycorrector/corrector.py in class Corrector is/are removed'],8f76475c3e5b3533b40e7ba41ca11ec987ffe974,,,,,,,
Rename Method,_detect_short,detect_short,pycorrector/detector.py/Detector,344.0,369.0,['The method _detect_short from the module pycorrector/detector.py in class Detector is renamed to detect_short'],8f76475c3e5b3533b40e7ba41ca11ec987ffe974,,,,,,,
Add Parameter,build_eval_corpus,build_eval_corpus,pycorrector/utils/eval.py,181.0,182.0,['The parameters [ output_eval_path ] are added to the method build_eval_corpus from the module pycorrector/utils/eval.py'],8f76475c3e5b3533b40e7ba41ca11ec987ffe974,,,,,,,
Add Parameter,eval_corpus,eval_corpus,pycorrector/utils/eval.py,212.0,213.0,['The parameters [ output_eval_path ] are added to the method eval_corpus from the module pycorrector/utils/eval.py'],8f76475c3e5b3533b40e7ba41ca11ec987ffe974,,,,,,,
Rename Method,test1,test_char_correct_wrong,tests/char_error_test.py,50.0,51.0,['The method test1 from the module tests/char_error_test.py is renamed to test_char_correct_wrong'],8f76475c3e5b3533b40e7ba41ca11ec987ffe974,,,,,,,
Rename Method,token,tokenize,pycorrector/tokenizer.py/Tokenizer,61.0,61.0,['The method token from the module pycorrector/tokenizer.py in class Tokenizer is renamed to tokenize'],9c2ea5feea156520563ea55af43d22ab2bf0bc58,,,,,,,
Rename Method,t5_correct,batch_t5_correct,pycorrector/t5/t5_corrector.py/T5Corrector,58.0,84.0,['The method t5_correct from the module pycorrector/t5/t5_corrector.py in class T5Corrector is renamed to batch_t5_correct'],9e15ca74d67a33d14de297ebb8b2bd12b1c6b525,,,,,,,
Rename Method,transform_corpus_data,save_data_list,pycorrector/rnn_crf/preprocess.py,99.0,99.0,['The method transform_corpus_data from the module pycorrector/rnn_crf/preprocess.py is renamed to save_data_list'],a0786c410b47aa2874acaba8d598ca5519652e53,,,,,,,
Rename Method,save_data,_save_data,pycorrector/seq2seq/preprocess.py,32.0,32.0,['The method save_data from the module pycorrector/seq2seq/preprocess.py is renamed to _save_data'],a0786c410b47aa2874acaba8d598ca5519652e53,,,,,,,
Add Parameter,infer,infer,pycorrector/rnn_crf/infer.py,14.0,15.0,['The parameters [ test_id_path ] are added to the method infer from the module pycorrector/rnn_crf/infer.py'],a1829942e3f08f85c3a50fc74e050cc18c5e3aeb,,,,,,,
Add Parameter,save_preds,save_preds,pycorrector/rnn_crf/infer.py,36.0,38.0,['The parameters [ test_ids ] are added to the method save_preds from the module pycorrector/rnn_crf/infer.py'],a1829942e3f08f85c3a50fc74e050cc18c5e3aeb,,,,,,,
Add Parameter,__init__,__init__,pycorrector/detector.py/Detector,26.0,26.0,['The parameters [ enable_rnnlm rnnlm_vocab_path rnnlm_model_dir ] are added to the method __init__ from the module pycorrector/detector.py in class Detector'],a5f63384ac283ea71ca2668963da77db00cafa46,,,,,,,
Change/Rename Parameter,__init__,__init__,pycorrector/bert/bert_masked_lm.py/InputFeatures,51.0,53.0,['The parameters [ label_id ] of the method __init__ from the module pycorrector/bert/bert_masked_lm.py in class InputFeatures are changed/renamed to [mask_positions]'],ab965687951ff20155f95ffb50f1c741306618ee,,,,,,,
Add Parameter,convert_examples_to_features,convert_examples_to_features,pycorrector/bert/bert_masked_lm.py,121.0,160.0,['The parameters [ mask_token mask_id ] are added to the method convert_examples_to_features from the module pycorrector/bert/bert_masked_lm.py'],ab965687951ff20155f95ffb50f1c741306618ee,,,,,,,
Add Parameter,__init__,__init__,pycorrector/bert/infer.py/InputFeatures,54.0,55.0,['The parameters [ input_tokens ] are added to the method __init__ from the module pycorrector/bert/infer.py in class InputFeatures'],ae9467ff27c09e42240520d0db217b0e2b28a252,,,,,,,
Remove Parameter,check_inputs,check_inputs,pycorrector/macbert/correction_pipeline.py/CorrectionPipeline,42.0,42.0,['The parameters [ self ] of the method check_inputs from the module pycorrector/macbert/correction_pipeline.py in class CorrectionPipeline is/are removed'],afd9ae6cd333ac524e912972ac523dcd8ccb0c8a,,,,,,,
Add Parameter,parse_xml_file,parse_xml_file,pycorrector/seq2seq/preprocess.py,15.0,15.0,['The parameters [ use_segment segment_type ] are added to the method parse_xml_file from the module pycorrector/seq2seq/preprocess.py'],b10d48ccefdda232d29766cf68fa35073188a74a,,,,,,,
Add Parameter,train,train,pycorrector/seq2seq/train.py,172.0,176.0,['The parameters [ use_segment ] are added to the method train from the module pycorrector/seq2seq/train.py'],b10d48ccefdda232d29766cf68fa35073188a74a,,,,,,,
Remove Parameter,segment,segment,pycorrector/utils/text_utils.py,125.0,125.0,['The parameters [ None_flag ] of the method segment from the module pycorrector/utils/text_utils.py is/are removed'],b1e8a9305cb3ec12d8b807c273c94f1f125a46b6,,,,,,,
Remove Parameter,read_model,read_model,pycorrector/deep_context/infer.py,67.0,67.0,['The parameters [ device ] of the method read_model from the module pycorrector/deep_context/infer.py is/are removed'],b213f9fc865dd5628678af1c92f7bcec5621a32e,,,,,,,
Remove Parameter,train,train,pycorrector/seq2seq/train.py,179.0,180.0,['The parameters [ src_vocab_path trg_vocab_path ] of the method train from the module pycorrector/seq2seq/train.py is/are removed'],b2badd656b0b35586b78e5c03e9e4955e86d4390,,,,,,,
Change/Rename Parameter,candidates,candidates,pycorrector/cn_spell.py,59.0,72.0,['The parameters [ phrase ] of the method candidates from the module pycorrector/cn_spell.py are changed/renamed to [word]'],b3349272475868db067a4e01795e19d3b9e57c63,,,,,,,
Change/Rename Parameter,known,known,pycorrector/cn_spell.py,55.0,68.0,['The parameters [ phrases ] of the method known from the module pycorrector/cn_spell.py are changed/renamed to [words]'],b3349272475868db067a4e01795e19d3b9e57c63,,,,,,,
Remove Parameter,test_text1,test_text1,test_corrector.py/BasicTestSuite,13.0,13.0,['The parameters [ self ] of the method test_text1 from the module test_corrector.py in class BasicTestSuite is/are removed'],b3349272475868db067a4e01795e19d3b9e57c63,,,,,,,
Remove Parameter,test_text2,test_text2,test_corrector.py/BasicTestSuite,18.0,19.0,['The parameters [ self ] of the method test_text2 from the module test_corrector.py in class BasicTestSuite is/are removed'],b3349272475868db067a4e01795e19d3b9e57c63,,,,,,,
Remove Parameter,test_text3,test_text3,test_corrector.py/BasicTestSuite,23.0,25.0,['The parameters [ self ] of the method test_text3 from the module test_corrector.py in class BasicTestSuite is/are removed'],b3349272475868db067a4e01795e19d3b9e57c63,,,,,,,
Add Parameter,create_dataset,create_dataset,pycorrector/seq2seq/data_reader.py,71.0,71.0,['The parameters [ split_on_space ] are added to the method create_dataset from the module pycorrector/seq2seq/data_reader.py'],bb30aef4766afd3f4eff0b621954cad2ebc4e0d6,,,,,,,
Change/Rename Parameter,gen_target,gen_target,pycorrector/seq2seq_attention/evaluate.py,14.0,13.0,['The parameters [ char2id id2char ] of the method gen_target from the module pycorrector/seq2seq_attention/evaluate.py are changed/renamed to [vocab2id id2vocab]'],bb4c3f8bc223be2a8afbaae9c8afa7f5b1a32204,,,,,,,
Change/Rename Parameter,data_generator,data_generator,pycorrector/seq2seq_attention/train.py,19.0,20.0,['The parameters [ char2id ] of the method data_generator from the module pycorrector/seq2seq_attention/train.py are changed/renamed to [vocab2id]'],bb4c3f8bc223be2a8afbaae9c8afa7f5b1a32204,,,,,,,
Change/Rename Parameter,get_validation_data,get_validation_data,pycorrector/seq2seq_attention/train.py,33.0,34.0,['The parameters [ char2id ] of the method get_validation_data from the module pycorrector/seq2seq_attention/train.py are changed/renamed to [vocab2id]'],bb4c3f8bc223be2a8afbaae9c8afa7f5b1a32204,,,,,,,
Add Parameter,train,train,pycorrector/seq2seq_attention/train.py,44.0,45.0,['The parameters [ vocab_max_size vocab_min_count ] are added to the method train from the module pycorrector/seq2seq_attention/train.py'],bb4c3f8bc223be2a8afbaae9c8afa7f5b1a32204,,,,,,,
Change/Rename Parameter,make_loaders,make_loaders,pycorrector/macbert/reader.py,42.0,54.0,['The parameters [ get_loader_fn ] of the method make_loaders from the module pycorrector/macbert/reader.py are changed/renamed to [collate_fn]'],bc2dc360f13e8d40bdb376e6015ccd0870a5f620,,,,,,,
Add Parameter,batch_t5_correct,batch_t5_correct,pycorrector/t5/copyt5_corrector.py/CopyT5Corrector,110.0,110.0,['The parameters [ silent ] are added to the method batch_t5_correct from the module pycorrector/t5/copyt5_corrector.py in class CopyT5Corrector'],c4386f77d23a7b1f38864e51b33483724024a342,,,,,,,
Add Parameter,batch_t5_correct,batch_t5_correct,pycorrector/t5/t5_corrector.py/T5Corrector,87.0,88.0,['The parameters [ batch_size silent ] are added to the method batch_t5_correct from the module pycorrector/t5/t5_corrector.py in class T5Corrector'],c4386f77d23a7b1f38864e51b33483724024a342,,,,,,,
Change/Rename Parameter,plot_attention,plot_attention,pycorrector/seq2seq_attention/infer.py,16.0,16.0,['The parameters [ attn_img_path ] of the method plot_attention from the module pycorrector/seq2seq_attention/infer.py are changed/renamed to [img_path]'],c4c4853648228742583ca9234e97e3f4247252c6,,,,,,,
Remove Parameter,__init__,__init__,pycorrector/bert/bert_corrector.py/BertCorrector,21.0,23.0,['The parameters [ bert_config_path bert_model_path ] of the method __init__ from the module pycorrector/bert/bert_corrector.py in class BertCorrector is/are removed'],cd173b756d7a8bc9a1ff6ab5490528936d6ff15a,,,,,,,
Rename Method,to_one_hot,_one_hot,pycorrector/seq2seq/seq2seq_attn_train.py/Seq2seqAttnModel,93.0,93.0,['The method to_one_hot from the module pycorrector/seq2seq/seq2seq_attn_train.py in class Seq2seqAttnModel is renamed to _one_hot'],cd950baa803c2cd8289790031c65c246b6de90f4,,,,,,,
Add Parameter,train,train,pycorrector/seq2seq/seq2seq_attn_train.py,222.0,222.0,['The parameters [ hidden_dim ] are added to the method train from the module pycorrector/seq2seq/seq2seq_attn_train.py'],cd950baa803c2cd8289790031c65c246b6de90f4,,,,,,,
Remove Parameter,convert_sentence_to_features,convert_sentence_to_features,pycorrector/bert/bert_corrector.py/BertCorrector,68.0,56.0,['The parameters [ tokenizer ] of the method convert_sentence_to_features from the module pycorrector/bert/bert_corrector.py in class BertCorrector is/are removed'],d62e37990d272d19c1bf51b8118fe1662d0e424c,,,,,,,
Remove Parameter,__init__,__init__,pycorrector/seq2seq_attention/model.py/Seq2SeqModel,97.0,97.0,['The parameters [ example_source_batch ] of the method __init__ from the module pycorrector/seq2seq_attention/model.py in class Seq2SeqModel is/are removed'],d8269a336571d652f7b47728578fc8b8549b6725,,,,,,,
Add Parameter,train,train,pycorrector/seq2seq_attention/model.py/Seq2SeqModel,139.0,121.0,['The parameters [ example_source_batch ] are added to the method train from the module pycorrector/seq2seq_attention/model.py in class Seq2SeqModel'],d8269a336571d652f7b47728578fc8b8549b6725,,,,,,,
Add Parameter,tokenize,tokenize,pycorrector/util.py,54.0,51.0,['The parameters [ mode ] are added to the method tokenize from the module pycorrector/util.py'],da4fb19182efba7523c70c8051d9dee1038b09e7,,,,,,,
Add Parameter,read_model,read_model,pycorrector/deep_context/infer.py,15.0,16.0,['The parameters [ device ] are added to the method read_model from the module pycorrector/deep_context/infer.py'],db3f64c894fb748a1c8e01863ee9917dc0bd4b6e,,,,,,,
Add Parameter,save_checkpoint,save_checkpoint,pycorrector/deep_context/train.py,154.0,154.0,['The parameters [ optimizer ] are added to the method save_checkpoint from the module pycorrector/deep_context/train.py'],db3f64c894fb748a1c8e01863ee9917dc0bd4b6e,,,,,,,
Add Parameter,__init__,__init__,pycorrector/corrector.py/Corrector,80.0,80.0,['The parameters [ person_name_path place_name_path stopwords_path ] are added to the method __init__ from the module pycorrector/corrector.py in class Corrector'],dc1c23c1ef83bd082dd16941637cb90f7d8e0d68,,,,,,,
Add Parameter,__init__,__init__,pycorrector/corrector.py/Corrector,21.0,21.0,['The parameters [ proper_name_path stroke_path ] are added to the method __init__ from the module pycorrector/corrector.py in class Corrector'],de76ea00fe687ec8e671d11bdb9dae8ff79b791f,,,,,,,
Add Parameter,__init__,__init__,pycorrector/detector.py/Detector,34.0,35.0,['The parameters [ proper_name_path stroke_path ] are added to the method __init__ from the module pycorrector/detector.py in class Detector'],de76ea00fe687ec8e671d11bdb9dae8ff79b791f,,,,,,,
Rename Method,detect_short,detect_sentence,pycorrector/detector.py/Detector,353.0,359.0,['The method detect_short from the module pycorrector/detector.py in class Detector is renamed to detect_sentence'],de76ea00fe687ec8e671d11bdb9dae8ff79b791f,,,,,,,
Add Parameter,get_logger,get_logger,pycorrector/utils/io_utils.py,9.0,9.0,['The parameters [ log_level ] are added to the method get_logger from the module pycorrector/utils/io_utils.py'],e0fd73ea0bd042a9f704ae1e62c2fa8f037fe932,,,,,,,
Add Parameter,save_preds,save_preds,pycorrector/rnn_crf/infer.py,40.0,41.0,['The parameters [ test_words test_labels ] are added to the method save_preds from the module pycorrector/rnn_crf/infer.py'],e482c736a33f661f876293794fe29ed08ee28d19,,,,,,,
Add Parameter,segment,segment,pycorrector/utils/text_utils.py,117.0,117.0,['The parameters [ None_flag ] are added to the method segment from the module pycorrector/utils/text_utils.py'],e482c736a33f661f876293794fe29ed08ee28d19,,,,,,,
Change/Rename Parameter,__init__,__init__,pycorrector/macbert/infer.py/Inference,21.0,21.0,['The parameters [ config_file pretrained_model ] of the method __init__ from the module pycorrector/macbert/infer.py in class Inference are changed/renamed to [vocab_path cfg_path]'],e62806c11a68a34e1679145c778a24e3951343c8,,,,,,,
Remove Parameter,__init__,__init__,pycorrector/seq2seq/seq2seq_model.py/Seq2SeqModel,106.0,77.0,['The parameters [ index_name knowledge_dataset index_path dpr_ctx_encoder_model_name ] of the method __init__ from the module pycorrector/seq2seq/seq2seq_model.py in class Seq2SeqModel is/are removed'],e844453d8435a8863f6b80d5f3de10d544247d5b,,,,,,,
Change/Rename Parameter,__init__,__init__,pycorrector/seq2seq/infer.py/Inference,103.0,119.0,['The parameters [ device ] of the method __init__ from the module pycorrector/seq2seq/infer.py in class Inference are changed/renamed to [gpu_id]'],f19c0cab3e97f08a67cc8be4cd475663c36e7ea3,,,,,,,
Change/Rename Parameter,infer_by_file,infer_by_file,pycorrector/seq2seq/infer.py,20.0,21.0,['The parameters [ device ] of the method infer_by_file from the module pycorrector/seq2seq/infer.py are changed/renamed to [gpu_id]'],f19c0cab3e97f08a67cc8be4cd475663c36e7ea3,,,,,,,
Rename Method,use_origin_transformer,use_origin_transformers,examples/macbert_demo.py,13.0,13.0,['The method use_origin_transformer from the module examples/macbert_demo.py is renamed to use_origin_transformers'],f23820b8858f59cf74c6a711c3551058942d05ca,,,,,,,
Remove Parameter,__init__,__init__,pycorrector/macbert/macbert_corrector.py/MacBertCorrector,24.0,24.0,['The parameters [ device ] of the method __init__ from the module pycorrector/macbert/macbert_corrector.py in class MacBertCorrector is/are removed'],f23820b8858f59cf74c6a711c3551058942d05ca,,,,,,,
Add Parameter,__init__,__init__,pycorrector/macbert/macbert4csc.py/MacBert4Csc,186.0,15.0,['The parameters [ lr weight_decay optimizer_name ] are added to the method __init__ from the module pycorrector/macbert/macbert4csc.py in class MacBert4Csc'],f4bb08bd0ec97a1d84f11ac5561ffa13a5d7cb56,,,,,,,
Add Parameter,process_data,process_data,pycorrector/rnn_lm/data_reader.py,14.0,15.0,['The parameters [ cutoff_frequency ] are added to the method process_data from the module pycorrector/rnn_lm/data_reader.py'],f7daa2e81a84503f98058b62d068ef375427ec4e,,,,,,,
Add Parameter,correct,correct,pycorrector/spell.py,284.0,290.0,['The parameters [ verbose ] are added to the method correct from the module pycorrector/spell.py'],f983092c2f9dba403b0e1dc99d71d7f9b764e8ff,,,,,,,
Rename Method,setLogLevel,set_log_level,pycorrector/__init__.py,24.0,25.0,['The method setLogLevel from the module pycorrector/__init__.py is renamed to set_log_level'],fc5435491d5abae6248dfbe5ac0ffc685de2214d,,,,,,,
Add Parameter,read_tokens,read_tokens,pycorrector/seq2seq/corpus_reader.py/CGEDReader,96.0,96.0,['The parameters [ is_infer ] are added to the method read_tokens from the module pycorrector/seq2seq/corpus_reader.py in class CGEDReader'],fe63f7a1fb9b2055ec258cc79ab084d54c7771c5,,,,,,,
Remove Parameter,pad_sequence,pad_sequence,pycorrector/rnn_crf/data_reader.py,62.0,62.0,['The parameters [ label_maxlen ] of the method pad_sequence from the module pycorrector/rnn_crf/data_reader.py is/are removed'],fe6d8821b7072c8ff89db9b789055a913de311e4,,,,,,,
Add Parameter,infer,infer,pycorrector/rnn_crf/infer.py,15.0,17.0,['The parameters [ maxlen ] are added to the method infer from the module pycorrector/rnn_crf/infer.py'],fe6d8821b7072c8ff89db9b789055a913de311e4,,,,,,,
Add Parameter,train,train,pycorrector/rnn_crf/train.py,22.0,21.0,['The parameters [ maxlen ] are added to the method train from the module pycorrector/rnn_crf/train.py'],fe6d8821b7072c8ff89db9b789055a913de311e4,,,,,,,
